populationDensity,populationGrowthRate,builtUpAreaPct,vacantLandPct,residentialLandPct,commercialLandPct,roadDensity,trafficCongestion,publicTransportAccessibility,waterSupplyCoverage,sewerageCoverage,wasteManagementCoverage,aqi,greenSpacePct,floodRisk,distanceToHospital,distanceToSchool,averageIncome,landPrice,infrastructureCost,target_risk
13734.364040810324,0.6170568373590597,55.75967026268742,38.89541724466932,60.41875467631769,19.93475928640153,17.049045395283287,16.219883395280178,10.396144810340765,71.65525347596306,75.69984798909734,81.17087954279789,349.05344720520145,4.604513576049614,74.58795453207881,9.680725155070958,0.3546148046115591,140.3490753528705,275.8117859556747,61.29749723135376,High
33324.28641793715,0.4697879907199982,74.4345863439989,10.343181726309973,58.10981030891894,17.97978061910736,3.8407491046165427,17.60566255350548,10.02971433335288,52.19347954055856,26.60607960388404,20.521305255350022,244.43406188116037,10.73792651019854,26.207092650214825,7.0515990669526385,0.2461712942004302,141.13771608670183,285.5619461444128,136.0990421777403,Moderate
25887.79402158777,7.062545805210366,70.81287438321272,52.343673801288894,16.702793906435037,10.455387800137283,7.573585663435997,65.41776568345165,52.503711471569375,57.75272879316701,41.197572493289755,58.16399501735057,46.73930993284358,23.124320011492106,65.41455922412722,14.47812831549993,1.501377721825402,193.5343887196837,11.278938854289992,80.55791103933618,Moderate
21354.388462699244,0.495461998495061,22.311992375501895,36.78697434415449,74.580068343406,31.14880016487142,19.794624969022767,51.3899606253361,12.63643345048336,77.33798261451605,69.69525731720364,83.51235201061527,460.884872330504,17.83045999644113,69.9198902757233,3.5189832294683008,4.836061498454112,207.00225262273577,101.95175909914336,51.60105119231049,Moderate
6304.633775042842,0.71949726128631,21.939957579317912,9.432233013417255,49.79305415097737,24.877959704414188,14.159774634612853,77.18529627713286,97.7079298296137,90.10448237334352,53.38804100720319,70.40357765130827,490.5579837806629,19.6692286047127,34.511846443468485,8.941489315184429,5.447536417411445,94.24092887720755,252.8396285449158,87.6395126066638,High
6303.81369143089,5.593982624179637,31.453949419593066,57.74028344887241,35.4607864794979,43.553647631552174,23.34328842110203,87.88302117420017,29.985865708725278,41.77750406718205,76.47139347714044,57.925049932360615,226.90083930168078,35.60223728090392,47.491898721114026,10.593087220356272,2.472256522211869,203.3671211301933,165.56910955194522,155.02126876418126,Critical
2974.8428137187816,2.4973984245054,38.88597810728298,31.10192780011924,62.957700844671464,3.541259863138796,11.861282391851148,43.01118460208154,52.53982564283602,47.36614367768566,96.50871111005738,71.57136052850794,314.55718755647706,2.631207107912617,40.37670904558106,12.43579799337711,3.4665518603187357,206.33911656872164,244.1775327098243,100.40070734187836,High
30449.988956347795,5.767105569551812,42.67644651267861,4.3739071122993,28.015582088114385,32.905660522646066,22.005684413720232,60.69485225969493,15.502386701100125,94.459151708993,20.489201894367774,92.55568025189311,236.14334059699843,30.401152831813267,94.7348996354534,6.282474147291704,4.295105091341209,70.01952561586614,257.46375202300203,66.9742100523502,High
21437.910399269098,-1.3463384243561476,64.37577734666762,37.60997426490403,58.54568859324243,38.621546168554936,12.325975061999463,52.55921336260134,56.98435745541327,66.28094339275563,73.86109447582548,65.31054404881658,174.50223242533787,2.0047399674783657,31.994886235158738,10.397752042564978,5.727032855660014,183.48342514942826,138.36160378298362,168.05503681652738,Moderate
25074.467645065546,2.8757119367338433,14.534434573266832,15.191934420768614,12.779784530057306,38.45535532103874,24.52271041014566,93.43690572960679,44.19605126326677,34.316945370800084,30.730974006890307,83.9828953168085,57.11302057174766,4.711516599778479,18.332304222496077,4.757061629348956,5.4950069763251035,58.835471631497214,114.10505202718781,177.51231348437761,High
1699.8728060572832,-1.6638639981671737,12.773816338085311,48.22160711263815,68.75856263264905,44.531550420585205,24.076190772174165,80.64217462531059,14.019402598950137,73.09561111299061,47.30290546668123,98.45941801801581,238.91251059070345,19.55630315301783,36.55928428755782,6.701498557718757,0.5317153596120036,36.86654155221037,142.0756471546524,92.3175805168082,High
33976.93497350781,-1.3734679654464548,41.35284503551272,49.06932441397144,41.371959291492296,36.99361965581571,9.570144227789847,87.49770520357505,40.16118400266023,99.26097244315037,12.957645321562584,76.44545616604533,412.82458705253674,38.16078635160732,66.95157076020122,13.465718828689969,1.6393618906138285,150.0176078318035,199.31060876103723,81.19072393810998,Critical
29303.04978721434,7.064374533444109,65.77309537103844,58.736841351279715,54.56850400505592,46.53488295908942,22.376244419586474,31.618907444096354,45.229241820057005,85.87628515763201,22.231664406342905,65.86606111112508,28.175101322241716,8.234817919271801,69.73626903614652,14.263641857165029,0.4850383549400271,228.53326671409877,116.47615433717732,126.41279993360335,Moderate
8219.52976306139,-0.6075462888240484,25.474827436518606,30.112171861470223,25.486647386467858,17.96751679140279,21.495061606959933,75.66474596882053,99.0929342147446,79.65929092411221,38.77995601440097,22.99887577002722,299.4116879265067,25.8487205925303,92.40573153600069,10.866614999830793,3.7759460417364976,23.332870528554363,234.74660372234828,21.015144751003476,Critical
7182.048885041421,3.3242068227521706,61.320358500500134,27.297412783664228,57.395159886091356,26.154052004074067,6.845649138533945,32.56522412480015,28.70972847274379,36.643732341301536,40.77872247591864,49.95823186036701,442.7706121888107,31.17572475355,88.17544848758092,5.80297279440992,4.320861235541306,209.2278848348066,272.1579101686565,141.35140050784346,High
7235.75333501675,2.1109560260070657,30.786251035223955,45.20853632678884,64.05681931252937,2.6758238375787524,16.358679218015205,27.74311534141314,59.03016538330897,90.09118277472058,90.96266948158862,65.23541868120947,124.42372640689184,11.869914019402904,28.83205204172755,12.354849512627561,1.9880437916677665,134.02073451532408,91.87024862603069,158.6346450216769,Low
11344.236260624282,1.4734332625884266,80.8868887050813,7.948239380515593,43.12492308190791,2.333964190557978,3.6716932585657416,90.26262357072181,98.85839942787658,62.06310748284372,76.76316183398636,83.7765257364826,107.96281505074985,24.030200976592067,45.51632489675964,0.6802461013636767,5.152341067172644,217.31043044948902,289.84699681052945,85.51396617886262,Moderate
18841.718675496086,6.998333456872725,81.65519554132932,32.81493082758745,53.2408846843256,13.526077781672955,21.244346573419616,11.640875421018665,81.28172871461216,91.14320176575644,97.4964671368337,55.0483831718061,390.6927803369327,41.19051317494227,74.7268988183434,1.8103648849294895,2.8263139523866867,213.217079765196,190.59032155034006,43.177011501405325,High
15686.130633831935,-1.781766032245105,33.78297634250612,32.77485600785106,41.9428146675679,6.838745462676092,6.0145553205804205,92.05803981139152,99.403075079388,46.386226353990345,63.916435930171644,96.80466206118187,142.44148693726078,24.02582659071791,91.65372806020251,10.02219392471781,5.9906127875626725,220.6923991318278,264.6689436537249,15.475491276764064,Critical
10901.790766733426,4.637896861755891,28.399500317059243,5.3683873686232335,72.5863958480492,14.490145660916173,3.6287381318725838,22.68726124404853,97.14684831941523,24.96408421083462,31.754235888218616,41.743500209893995,112.15244842911126,8.764891656868864,33.71650128568918,4.581354056469844,0.2023182170180846,195.68537937956822,40.13576622891059,131.076663902549,High
21802.998420560903,7.6339443421355035,42.9043177652985,25.079045130414816,44.85084263600234,10.498078137363075,11.205039197392658,79.6522369524278,54.05855878847389,58.07807749277969,39.48895269294786,79.56537561682532,201.43484027323282,28.996014757564424,44.444143417699586,14.285377410487023,0.8350403088276286,213.10320331854382,82.93474974630922,61.10874726063286,High
5742.791262169422,3.60168183461842,29.242526814411896,51.19708791403212,68.92660963201732,3.3689611922551155,15.2692091877918,33.45341701078876,72.67382648835093,41.58700838543021,38.78523309627704,53.5225133667302,208.40096588970462,27.464607740366105,89.94782704536088,6.710090997756879,1.950400809024974,56.365923692282855,103.09553303545175,98.139021553044,Critical
10932.918050197417,7.368224620330919,63.79070746333629,51.36921731967961,66.0946440789174,45.64659902749037,21.663090046874732,39.80969783161183,19.9398814247036,77.21834318210385,39.38448948969264,58.87907956527247,439.5685102479517,3.159054671319643,35.84838731584227,6.6116628597209015,0.34794406813153633,86.40548998561128,97.81842384060884,83.40754911493086,Moderate
13456.302671985517,-1.4774212071397623,76.08517476386284,5.95425989518086,38.73533749438496,2.394710306666793,24.40757808699994,28.42440546236872,49.70339425421217,96.56852422848259,70.5667755800634,84.20016270923523,316.8528665281649,5.895559447145365,48.05129861917358,10.26776879980669,4.737568854881855,71.98425013971465,59.83973541357424,43.2281112300179,Moderate
16506.37946337922,2.1879331907416137,63.84737047289736,5.443252964869851,26.10591443002325,37.3319429281801,12.108327789106864,59.768693610891766,82.81166880400276,75.27793209212511,57.77271352813746,43.697220932136446,214.86149904300288,8.741598271063463,90.45041412180788,11.583257865900988,0.5060763696534659,189.4706513760942,261.7782747822014,106.59004700753377,High
27695.982687362462,0.6015779096205116,75.94803577994796,15.761728620116118,38.42574927918397,9.303098572136793,3.390279228661215,39.5881215381693,55.480178887942905,90.95471437673628,44.68817602779799,27.74496452761145,276.5062228571681,7.860430335160407,80.22432179898482,7.290713450439506,4.544081873104198,51.10613305127694,131.3975209739695,97.3227693207402,High
7788.908593384231,5.3082096498072975,41.75937297659793,52.48596375323961,67.8352163042654,45.7870218559808,19.229658317595025,65.87840835704637,73.24291295355087,56.24192108809651,23.418079185584496,61.62044676907417,477.9033119961316,13.157028134120123,24.34309250098028,3.445813255162345,0.5048970609793866,57.82353073878031,289.3077616153685,128.58804834526813,High
18483.970906062794,7.812970904972467,22.505357656708867,7.734155104409936,25.934277507357464,44.854205100314516,14.998984893150562,11.330022025075607,77.11761969858493,81.73125897562414,11.992524664793132,62.3035689442999,74.34304477274978,21.52652889912942,32.47950654119334,11.667637048066638,1.6658181349876646,221.5567093696565,179.20698636914267,57.858148960659484,Low
21142.095341309443,0.5653006244424779,69.03607579180738,43.19980815764678,46.71054421004246,33.38725502572435,12.301500931422652,15.471865098778366,32.81222271186045,87.44347493373627,29.695120982892334,83.7734217780299,119.70345042785189,17.98380080965633,35.295872745933906,5.009163740642325,5.079405530819472,180.88231533451696,50.1344443370103,50.7814251721471,Moderate
2579.3140324799224,4.5417460147407445,38.83796041132431,6.069937176786193,66.42677235725233,34.267239190429045,9.113184212220363,18.471197982156134,88.81294356483089,76.87005020668339,19.672426357181315,97.46553649856814,482.01377916154655,40.29794533039767,91.27384734310597,2.8741283086197065,5.7163527065788005,220.7142948109854,168.31236585184757,164.7255613537297,High
21656.524964648903,-0.019023672402598724,63.7016660183306,37.38827122486952,34.74342325898651,2.25627881454505,13.55516614040132,45.61446325136964,51.38401878182611,60.62218288556517,80.69005277670155,24.42405490626787,479.515927293058,28.320704604472493,99.89337371045391,9.585110791897694,2.6042527874309713,47.74848569126227,298.12809284003026,143.4165265431679,High
6797.820205367912,3.653302545716099,31.651515358541253,21.364037947148688,54.954674590188816,49.273835173452895,9.78963090251171,79.25767467609796,28.916659325938937,70.06928876922944,20.124816203249686,67.33515789944872,105.03940220709086,39.67420704835925,77.40043021554399,1.629668904758151,5.825645993012798,108.76039507190605,173.8997892587897,156.71922582139703,Critical
3211.7541614995034,2.6393248668833618,16.49837078453381,47.33483777795202,27.194210183417017,44.13596497163909,19.411272958189286,85.49512238216252,87.88742936095994,76.04055965431043,75.18054135761525,74.50228242518399,89.65223222014315,24.66269097145675,48.43263024935066,14.578884323765008,3.835909357799547,81.54052496793464,10.542110087573155,33.42506423345533,Low
33262.10826661333,7.7200532963153705,89.40654363902107,14.021426929521816,17.649561175771193,44.965098835044415,14.509555019330744,30.808912905176562,47.60369254956283,40.24675225771415,44.70928207984744,98.86410805988174,222.1208644825375,5.864430239641618,1.0173818067478968,9.596239786858414,2.6118437101110024,17.275055040717632,280.5931720412216,52.56753223213335,High
33831.489124535015,4.085272726964666,22.49612063444794,38.35210976339759,65.60689575649994,33.64373777844185,22.167498805544575,58.82142656031619,77.52811945417477,84.76634087319879,16.604055076939837,95.40721714215293,43.86478039422517,21.9213603098567,69.74880565979575,14.79266415754981,4.8562477950139185,81.8628957030961,78.1193777771749,119.35098807869157,Moderate
28485.509835959678,1.4950637208681878,89.07367951707849,14.140952074553097,16.927803638609475,18.549772575417755,14.501510036937168,75.31102437887104,59.322976499943366,96.02596311738186,83.14570444884272,76.99606117695821,334.35369549686726,37.34739951422169,38.93611644977847,5.281733325135949,1.9129054168131667,104.20206421480167,209.67342538999742,172.86825590585252,High
11356.868151894603,-0.8590421511206663,88.18239460531578,42.81961698672923,28.99669765557092,44.89513515634308,7.480035506818391,34.55050154316674,44.36845770110504,57.21914521439488,62.1667513212952,61.74315289955727,57.19809039763625,10.346461988185649,63.29864702286054,14.57671586949885,1.7416183158892666,36.671614752037286,159.37324493707837,179.5017822020093,High
4320.8518762170515,-0.4875317126506544,73.50544831264317,52.420682073644926,69.85765953982082,15.992812551257233,21.575113291339324,44.76565762258323,82.88887735347124,76.0853746487902,31.218536157721573,32.9219137839409,47.85422100525474,5.922213986363939,60.66939634624288,2.4397650416107663,4.007976526084231,148.12457608930265,104.37578948385699,168.0628928284362,High
24263.922901413334,0.2531692995123507,62.7538369665598,7.608107947605602,34.2528500955067,29.010154080425735,14.81603803339101,54.537807228285686,62.60229384801517,78.96207246322831,90.5213056899401,50.734124416353396,252.88972938024762,16.165693748545184,48.08320565743873,0.8982131535013183,2.464826699414951,105.0455756810688,91.96546186615271,18.2456097560412,Moderate
15965.184787146445,0.5096666134029801,56.224564020086774,51.995741315730214,78.11317446599128,6.787086672506355,6.757343877301909,21.464361944684054,45.150589218432856,72.97980380171842,14.073248248349632,66.80978600457235,479.7375853328487,18.722606717526002,94.4387397726323,0.7848656886826576,0.9883245562808816,25.91849063522318,279.34036012706036,165.967045084588,High
5149.29998472248,6.506160578411379,79.28812363022678,35.61451526485788,78.58140343417018,46.25387024637201,16.340679628993108,12.208494966691326,19.863808330161433,63.769208666290844,28.16376473779866,78.0160317276603,224.8620493103166,15.169080085453889,2.3146345355341658,7.133594447808638,0.588392564681471,180.43503324397454,274.4585098167528,180.8273237290055,Moderate
17836.014943783186,3.612227882825249,33.15516172955903,7.626629452021438,28.77932143174897,8.75698197301824,10.227485593675834,22.988493792054076,90.59007823900372,90.53183636598484,77.68422350252749,70.83196459832898,191.11095615706452,7.815353781855908,71.21324844725882,1.5201617029353431,4.769486942241168,186.38076095265933,158.80910361559597,20.78232712900389,High
2169.209717917425,3.233909113743664,47.41449699879016,25.652511321582722,12.868475557492332,12.795046675059549,21.421329082717513,63.28255780655034,13.192262680749991,55.914136741511555,73.84401372789003,77.1298241462193,499.01922344109727,12.786113968033725,40.9839868299546,7.828867897263745,4.120282244453598,211.10078909781723,84.96360670519037,89.09336981762773,High
31916.89367067859,-0.8523112813078253,59.55119754932015,9.651617609105873,59.35442989437654,28.79043959015432,12.425893988870484,16.257552230362943,87.68686135312505,24.888236518928288,36.03445243520302,54.33220036415182,275.34510117400805,31.338143397890743,71.37904504916112,5.114257401580836,2.588429702718299,129.1020409687409,39.67918932987936,111.95596142637332,Critical
9798.519374400576,6.60139693349435,42.895238069559284,42.02087333199417,41.56905518538406,38.676464010223114,18.708151236470584,26.124191012260905,42.39653723948399,87.56451005697282,15.58223878175048,78.21018324568072,200.1158753073193,18.59492620060605,67.52196475396319,5.233746189369499,5.398120283992128,242.6348173736098,55.40715102913482,54.22257084786493,Moderate
23525.75766803539,5.228143032084837,44.19891632722144,45.53208806507698,17.052699077170338,31.72886268494235,4.197332775633455,38.71758028410082,67.54048871512653,73.91850178532405,87.22702650024495,31.499300481577535,205.21319040396887,29.199626118597898,1.0238002575995386,9.643452249213997,2.5829691641670776,229.80507396512726,161.4530004647753,108.17027464705102,Moderate
11598.176587039972,-1.3233163809999842,36.422773400166754,6.347791216367938,59.526597328463,13.142427814407496,11.108559964953962,16.61895546604114,92.99797514521167,87.94069011997172,38.23278742629123,33.006904941049086,113.58055809608503,25.061062536505496,28.533849517467125,2.6975406904288164,4.319713734499224,144.56763189853092,99.27068856791264,178.33159971260227,Low
18682.312720045567,5.078350972297686,55.13854533476288,30.36839116167866,12.182243637834485,2.045266041319536,24.61455303886517,26.294438048738925,23.653595395350855,31.083795395575542,27.61420734354387,33.02657166635703,265.8670675748187,25.60927641387977,18.90915205037804,11.568334543994046,5.472868596202298,119.56370380131304,22.199761255387443,174.71907620569527,High
19588.149497671508,3.4353821734264605,78.04596224120928,48.87750336155503,70.91376833445695,38.34322785475708,20.59458665797441,87.45793206359843,61.02554280749292,22.46023524077731,56.445564012487935,91.26919656286208,230.6504135206428,12.687630991755228,16.698635294249232,8.85585452074593,5.076149660508972,15.71309055718687,141.99854174021903,188.56908343892138,Critical
7285.05148786792,-1.1827465425322174,26.122270240505028,56.16978249305979,19.70567703793126,49.2899516437325,5.678638454439358,11.640426239293705,78.79895761331728,94.7499632306001,91.92044793542026,26.08272506469076,149.98174224675842,24.42635040903181,72.84766841211328,13.74968604405841,3.164407702769558,182.08371495871992,226.39489481465097,101.98086169496298,Moderate
33965.877343994995,2.5830064152865644,84.75464310027532,30.8110720045062,18.91183151227075,40.87582977469234,8.388573137976866,65.54171355482077,78.18254494471516,31.818264468045943,13.919192005903781,84.12066981867807,97.0592415688447,3.0145726961176766,23.95513490931246,5.663157610382593,4.147691076191049,147.7643084516774,268.5915836283964,88.00771960584483,Moderate
27354.515994277896,2.8469628713004695,65.12701229985836,57.01675341668442,22.297060857800915,24.089917671517536,9.585763603696304,42.674759127790715,57.30687231395536,84.77218656563615,78.9223679227799,38.68567184373897,169.39465696042578,20.564980919971827,47.473761498730084,14.745910383386745,2.5992615050187404,235.32287418922897,179.7323732480959,136.49968561614713,Low
32942.96401318243,-0.3422545983672425,75.86185701440242,32.141338227361786,77.21864509444465,45.380828547157115,16.95840789139525,67.17514285175154,66.22655139158122,85.85679537445087,61.5225905144838,57.47439523962005,264.16799729011007,26.62278139716635,24.698899528567953,8.764666406696142,3.953743599305861,154.64454943169238,219.75471591430934,89.18450974419649,Moderate
31424.12991454006,7.456981470002823,54.49525541040093,23.65142967599448,58.52185521776922,21.6726883096808,19.410879468262078,60.03879623088939,78.177429471956,76.69641604392024,48.290420489663525,93.27652763725423,47.99997069670481,9.8258117182267,58.023382343532994,14.609008755956747,1.693804142403296,248.32118206479151,115.58043655083038,17.969473240162976,Low
21328.599279576894,6.499753714806619,72.36133611392508,50.892187713173726,66.09600748245457,27.196836043686442,19.239112002581926,28.997394120144765,85.69248739816706,30.500976887429676,76.9672399694554,66.87497837500054,93.79713372029886,13.032015768704909,72.0573768059968,0.6977916144925953,2.7215042598634094,215.64752888787325,153.90907197291244,146.78507591238645,High
32343.723990785973,4.690223373291083,11.296031787157377,29.578962627485343,37.83444900129271,24.902228834992798,13.727103295047264,82.01280644373803,78.56317871882774,73.3918899648646,96.92419819974691,36.809414898588685,474.8754881451658,11.439833852071635,33.10747386981765,11.001251939462103,1.4153652780906663,239.095514916514,221.59178838790848,63.38694884373652,High
4008.745069765263,2.6229556100060716,75.47043398236282,28.31415063387138,33.54189092534689,23.4859458879452,20.648872370277477,51.81493252179532,41.86044488631184,91.12692666614925,30.62855900464219,42.72720482550457,280.5705684950427,5.03399207641324,60.302084828712196,12.304336407103223,0.42147272554137855,92.00075125198416,221.0208859379654,19.32620933076619,High
7663.417322250937,2.1176554158450855,13.211108726829321,29.418749364589697,26.413880474821894,39.209156926107475,12.052795903421927,79.9155616076451,99.70537609519599,54.04253158407066,22.928262856490765,93.63572991166285,50.45566575681818,16.957864809023874,82.4854774413739,1.0816473141443672,3.613531133337159,50.093958770307616,133.11261672515622,13.918004540111788,High
2537.7278229582944,4.509734671509541,81.193070109029,50.80710011218472,43.645361981868625,27.284907548935614,4.849253001797924,44.51106557599863,49.10524243473739,53.08134835028791,92.15935707004273,54.17151400879827,352.682124209395,44.0955279574334,9.422428516449166,8.810854061038812,5.213690203034626,202.26494674185446,167.6635290519136,186.95864102969045,High
12061.231245950987,3.4543186940690545,89.35701977909146,49.91649250128313,48.6280113473918,17.20242185721037,14.982162358037705,93.69827208279531,12.201823248304008,55.42866476635353,70.20577697115733,66.95883864054315,49.66537763793667,17.216857477935235,71.06705990412712,12.088551715764892,0.34835399281451074,199.75631919774614,277.9180484697811,57.89444164239209,Critical
14215.027849442387,-1.3772689411811438,33.525396974142225,24.211199546412672,54.22423905569288,14.39159204760696,23.902931845825453,75.49159547261019,42.63552564269158,26.581751254096517,49.418741940576936,56.7945757300311,374.659628982259,21.803074738989952,32.314494443538024,8.547269260779169,1.336972496229916,64.69050076030734,193.27930543353776,95.10084657938208,Critical
10225.86708031246,3.125026487703317,26.825484502863493,19.9979915922315,27.998295279908618,3.8118712144368025,20.23885398202776,92.10576743456875,21.500465911645893,91.36204552239788,61.59336132378548,50.275047043875965,379.98210642561287,30.082751791124135,12.264995652494425,1.2380597789603596,2.869073343768436,194.7149937217045,196.346641449111,190.60952605078253,High
29177.075311165598,6.064036172328395,71.22906910864326,29.515681442347756,76.40578566320934,29.993367770386207,15.310114896921576,53.717750707338,20.92983541555375,89.53462911844083,77.10525146586197,37.86233015459216,332.5179083596413,29.885403300271605,54.56542076143488,10.493674441205178,4.062201537685069,151.76373913973043,237.53988479175442,98.82822596833779,Low
13129.613107582036,2.5923987759695803,30.242107273620256,34.36635058422654,21.88309487449951,13.038147939249642,16.87653018802923,50.26374624470954,35.33815360962049,99.8327457432229,79.57287088351455,74.89532003876818,371.45818141728785,42.84548414080084,22.626231926773176,1.190774645697637,1.1931293232853413,40.73840905189315,43.41463993163212,24.935771469999153,Moderate
10551.773329370946,-1.4804342244573159,79.24499065377628,14.300232637679818,77.59572223364886,9.110428256786388,23.40292662181817,74.21357379264691,14.803794475953476,66.81465131987308,92.79047627370682,77.45936210176964,62.22357488626771,38.87525803716238,82.13617926691576,12.316792756741647,0.5288300080296209,132.91914542899906,161.63644457813098,114.86784897686526,Moderate
19451.666827380446,5.862781993840331,18.227407372598137,47.637305082935434,11.039928575525265,33.38383826372853,11.85188427200409,84.82475735614156,71.96609695686067,80.09533091611087,48.41585100060604,41.990807328591956,368.8546651305285,36.139879545521545,4.289590953107614,0.9326024946084075,3.2104825628159577,233.81743019708944,288.2352035185848,26.757744156272388,High
5791.42364914193,0.013637821359743896,20.076415710348662,29.188965943945373,43.678798427179196,34.69804437543434,9.622065195680658,91.95239264857243,16.658999578171457,36.21375250458438,36.40698190174555,83.12086744438643,85.61039346746382,42.91997070846735,9.865289627089746,2.3197415008524507,4.948516335732391,134.01752317962877,114.88151373106868,28.06669689097191,High
28274.69734563735,0.5862083488803878,88.33212440804925,20.042732905197575,33.3357486681594,38.103434828367966,24.476555995010326,37.586912012762475,28.296059989236056,73.40230545793356,67.56978401108577,88.36281602413436,182.96283549048502,11.922911575776379,52.09961259858169,4.3440815806920465,0.4043624740140735,200.34426254506593,95.5285824624064,171.78064402246736,Moderate
3534.721885112208,-0.35293646567704107,63.90711186160037,6.409259577839437,41.438638975117556,26.17169102425239,21.85919207073767,77.8898887766243,18.360974304470744,71.97862790059125,47.415510935157734,93.65400769917044,472.5177216803038,28.53333036873708,58.89417840769568,9.610462446233761,2.22634281208235,21.793846860859787,184.3503100253797,64.990093239272,High
34554.15584441759,1.3021506487149752,77.75097795431623,14.330709624216416,49.946520528655235,44.914621049786554,9.430002446227855,27.90487579902062,15.685095781272796,92.096698867329,63.51386085540801,32.89699311346959,261.38022927638724,40.14946096905272,72.98866645227469,14.652478764580197,4.048385508201344,186.0991320227095,74.124633123938,138.9473380213629,High
27256.322156086353,5.56751505688635,35.94635018812144,56.95687030535902,40.491241060889635,46.94445216311493,12.666953739301224,56.37381947336284,34.09764989855875,86.46341782712594,47.79872186103552,44.313894689061314,484.3646873998466,28.83794080595838,25.926072825219382,2.0319959335130355,0.9583036353943086,237.50678574230716,171.22409539185819,106.69562371244574,Moderate
7756.3331721618615,3.193858595039373,64.11869996164836,18.305981209171595,39.03927952111165,40.753805110039494,11.546796967179379,25.287092614781926,61.4709070894333,95.07731700942105,23.769620801035703,88.82826780029565,62.68278026563402,44.02908040809539,84.17604082132918,2.3978027374446005,1.5684913059779892,132.3890294498399,55.13908314871577,52.24207132883869,Moderate
1187.7519822024815,0.04881274150712578,57.53934618468777,10.131557362022118,61.290639078931456,32.508487136392986,5.42920060944298,39.5287757487788,96.82170008021575,89.5066778161286,52.24840764930626,35.88321622623152,249.22716779032643,6.3151666979742975,95.31423397737832,5.722394831504411,3.305857333960343,94.3618295610128,178.14010360239263,108.38585674410946,Critical
28725.68856746436,6.778300781520409,58.25200960983576,27.640367499299593,58.01133925605252,16.578605772377056,24.02984444770496,89.16546121254903,88.80009889146457,89.49551159190815,72.18260397469295,20.27747673947963,49.95311373289791,20.89121162010761,49.90393035948636,12.592421325003206,5.7287438389124645,166.96286864842085,184.68996325710148,23.108771820953024,Moderate
25033.14969081898,6.7958185495152925,64.60259676301773,18.42526460161492,68.32898974250935,49.181356237770615,11.299185918054452,22.41770948071232,88.83405329007923,25.097866135097462,81.93554269008848,89.66618482013077,322.5009259516567,44.02660504007136,76.05313649698012,7.168295005436968,1.866587185813785,230.32138554690655,131.33613891355623,75.97034642204478,Critical
25786.243713393567,6.70578425046007,56.02873385032788,2.109555016271649,27.49712868676469,15.15853602521304,22.132568900671885,63.7540760864917,25.846033243389186,87.67695621567647,54.39936491168922,46.11595534010955,57.77936065688786,18.321425228506808,52.48483545437927,5.027675823760578,3.0276590430801202,56.540867875335586,120.99646337721967,109.33888275389342,Low
27223.191787322154,0.3879621138153926,44.324989544213274,19.388713036765036,52.66699568278445,11.727532255540691,6.355193236655296,60.401113198829286,33.84164741480381,68.59827156024946,24.871410118936083,53.159802011116,104.17654521938111,33.800924129270086,6.946702941221061,8.54969633347026,2.519599005773626,109.8681393553368,81.1829007361303,53.39492423627388,Moderate
3517.5181589590725,2.5123934418098806,32.07381555044375,32.646517436368114,50.96363497749977,23.223397461755972,14.601028644656054,20.26275998026385,16.875398511577515,50.4355561412769,47.32189386844884,55.706722057651035,144.23854883325464,3.307324746381915,32.61115128426211,4.1296910024525255,5.404900697774464,51.728216030732675,105.96746927174236,135.4357447344585,High
13187.83477050527,7.849896561408752,71.48650647305615,33.102742321198015,35.88164676108821,4.728347394194646,2.551111857858206,37.70821872034904,80.06215059236665,24.521169951044985,80.76645359575284,87.86196805337828,379.3970487989519,31.877995929103463,8.748668962701501,6.197050636538557,0.6169612113804707,131.7137445716748,154.52033048549538,19.84426512229829,Moderate
4939.54802385441,5.7201247630999035,28.101794400254896,21.39353527061332,44.02402793318766,48.96773430424596,19.577071128373095,57.853427883797586,16.283467133700576,74.21390198144374,47.157334355536555,47.03137156747683,98.70181703267589,42.18894949868587,98.88791192550134,5.189295693711015,3.483656029776433,141.99917306218137,81.8210812984393,102.1138805954191,Moderate
30345.51647977018,-1.7283257877444018,65.38834449235313,26.838165375156038,31.96475003140101,30.244810707988393,15.361019659664402,25.910181764021672,60.10261037387679,46.256140043009395,72.68777142438,91.38239086851854,426.38338558067255,18.45637026317012,22.902591207337718,12.120873029495295,5.107494255301675,236.88784945959014,237.02199437784014,145.84919844498285,High
22192.13631213697,-1.3479540873950795,28.666625811946133,57.93107509408598,19.929107833188965,28.733700399880412,16.388560419804314,78.0530107950893,32.30880150915557,57.42210119888278,55.64923135102808,69.35513104384384,83.31389063878441,2.915893030857967,63.590041941571876,13.886559178638612,5.931081946963032,111.94106113539243,215.62021998447378,91.68975120178685,Critical
12250.532844990072,2.639313768123328,60.02641359635631,22.640908633818697,24.966084746391296,33.478221435186555,3.1895802987570296,92.63330331045374,31.910107062587027,74.53827496441075,31.7100812598457,62.18293792269474,36.917335553675045,3.2001215890058057,28.434510194493733,11.465711224706604,4.252607885626483,148.2348041818291,88.09870147233869,176.17141891059822,Moderate
3160.9839097248037,7.092202058615602,69.76626137032231,15.493608795598979,17.385955248084077,25.85713509330592,6.853881594798154,28.254548996810126,99.16525497228446,92.94196376193143,81.65354572207669,46.049160570196996,209.62180110544057,40.35700214557683,65.32462153559258,6.754528567640757,2.4036257588658425,223.0367049027258,38.256197299448914,130.11662843572645,High
11573.398938332515,3.3870179795271422,27.497111112523136,14.608022644005608,57.81487026330869,3.539048820537996,3.7096100641323435,25.88751700719895,78.11018262806837,86.03495324839987,17.579210866361834,39.496935702494866,490.13198814622166,33.06819260513926,21.040169087048245,7.713724169200957,2.588581244696875,90.5301750413973,10.05221130534921,192.11365405116018,Moderate
12056.232948909399,2.9781250803429025,14.795464068904662,27.46587676224805,56.25091751764061,31.390941864339045,8.645029263487672,48.6694811027828,85.32454224619451,56.04777032828799,57.24012544796356,69.9246754221879,72.96426933861306,6.587514521742933,78.52700659100745,2.138583300762704,2.2397568745080307,173.42850920738363,183.04846719063178,63.98314442724596,High
25806.61006349418,-0.9452630004336942,20.477899439533928,45.57120892301664,76.54244601059109,36.37634609390867,16.431097176689473,73.56004855690273,61.47844168096114,51.02265259571031,28.800193081906443,55.75153280452609,68.82485313902194,4.347381913201453,11.08116028366355,11.278911253677705,3.70095597888033,192.93303447319266,71.29548647155818,188.36997286240197,Moderate
22676.954026077245,4.5678010472429404,58.479757381682035,12.359291051308393,61.07748895530689,22.00395490995455,15.02227763929963,33.93605186999637,88.39128586543742,39.1823791075238,16.03590656872381,92.8412807945605,380.5599251818995,36.607490635465616,89.51504000902803,9.068192487107149,4.488553470165856,92.67413515144722,13.648916329446346,125.29629207828238,High
31165.2332475951,6.221031606002255,77.95571249805884,42.557767628446086,13.643208712929201,38.350187459417256,16.079445897107977,11.689792239268835,68.09414852497176,49.79414009407746,55.2640543374924,59.33109728912398,169.83761311691134,36.82400721063044,84.04216925407944,13.565867943220315,4.952911868815799,53.620178599701454,114.13472847168657,151.58399085054575,Critical
17055.307455506278,1.8042000750756233,13.59974569883395,1.2689894009649771,71.89716217502679,12.89606236824419,14.63277924169157,56.003753382795985,95.15563343167108,28.883710983351865,54.96059403414312,60.94359333609529,364.2951762683441,7.182439111058107,67.88073436383856,3.2489838105547517,2.616240036162397,133.18374234703424,288.9795540720557,181.4106122382549,Critical
5066.204361902258,5.756118509253275,68.7321007233317,25.13597867903676,70.3872614062008,12.621276371176833,8.279662300544764,91.31104826022114,35.320472744107306,97.68844066918037,73.62108115081487,53.33786249088006,116.00508293281442,14.965377367211381,6.7414627142847845,11.467973992409398,4.3569093131024275,98.84840658132589,210.08341421264703,114.72746571844598,Moderate
25250.32276558183,7.644766539008117,37.305491676004166,46.55190391216721,41.0324224540889,9.74801540900355,7.62367243892178,43.258532709590376,63.57875912046055,65.91339551676631,77.02756237467143,83.1410397593028,240.8345572151182,35.54112077667725,20.856902832892832,10.36467342727209,5.514091033772703,77.61867147117027,258.75147384751284,173.8143504704364,Moderate
26866.691652974514,0.037664591276890924,48.2822695935618,20.323977346465885,51.01041353695451,19.85574846987977,5.152372721341369,45.71143710556353,72.11182131432028,30.224467423617032,75.50123398236072,53.98713584874163,147.33914131948058,24.59271905102227,85.9361595691076,4.207929347003357,5.5407838078140905,243.75400801311466,51.97433849561172,112.9224185217305,High
20083.424717362872,3.233296311947413,84.30876398764525,33.82422608672397,78.32548327307632,42.65657769867601,21.528630122780317,92.35664595469322,45.3643574525026,48.22448074127246,46.86028596250795,41.54735997998039,236.73354314196172,43.133149011187875,12.197443430259513,10.11046600125013,4.283368215744927,133.0059593948603,31.253564839636553,123.84779624727516,Critical
27212.884118455073,0.8713795808457556,36.557720378867636,12.298753969554648,47.261305469371635,41.73977898315509,16.179025246448624,69.0416469882719,89.17371841636479,63.76313148965248,66.85208085039062,88.96246994348078,389.16660444094583,22.68569374987821,15.593209630802008,13.888288694476747,3.8940327183127095,216.27225805320458,13.343631417819513,94.56872885050325,Low
17789.050276389284,5.9285441903383935,47.22695471515888,44.51972346757034,73.37252798632628,20.375561982248183,6.289753287593375,71.12961344158063,98.1822846793739,62.63085093126957,61.92507183795642,67.74625770921922,385.76477142927763,31.10919131531704,54.400332375552075,13.801009018706647,3.282851238045039,60.899591477689405,287.1420641056513,37.67132484961955,Moderate
18772.916198987798,3.7759336588115753,11.094593180854488,3.136746196125577,15.81271304671305,30.277699327051355,6.075815735888509,57.82967045654075,54.43925422353954,22.84026949749059,47.94055805052276,67.32081758152015,267.57069808338736,23.920684726888123,27.417743967434372,10.878510645387278,1.2625464754563456,235.76904975129568,97.05879325252906,115.16561433628466,High
15536.394624190687,4.345824175503037,16.52789760038707,51.15255869253002,23.3736308096078,36.59918319079595,22.079818835101143,92.84178292337553,45.15765893239052,96.06728273832891,63.74914247673939,68.86577657311412,465.6184849861045,42.54751631445696,22.20756999439295,1.0066747542506835,0.9170519851114272,201.69138712372012,143.25643327884882,195.71516375057442,Moderate
1864.2503092992365,5.979141596158941,30.687327290782722,11.891783185300088,40.852846040892246,13.577925182145103,19.082809866556346,68.55365117617227,52.47441357008128,42.030054517995566,95.25230890356363,77.50717985645335,146.6163691751715,19.14234095890718,57.58134318481806,13.122285758606374,3.0171238393784057,205.04265670444846,124.4118508445146,159.56533918913402,High
4668.3085177723515,1.9597047266245489,12.228179265685952,52.46388190249984,50.93297658361133,10.07077212294786,17.166178837823544,86.0777838864394,86.74630711587385,21.294773514551295,27.36043693132396,45.045439145005346,135.34944853723186,11.8812475726798,37.257667645802904,9.969345522966737,1.1247761060032642,106.59474567104323,221.83251126392918,152.02471210315292,High
2068.5923133489646,7.150900684070432,60.510026083860076,21.15175447803104,67.13594963039601,48.66060767419093,11.357874473403896,69.4472035873238,68.09215829663509,26.115520716022598,91.51948862069737,22.707549666640226,314.62707256420816,16.04525599208271,14.055989676966874,4.863383521786195,3.546599568882149,129.12469337325626,99.8898157662955,132.2286725186296,High
22637.953982968535,3.3302886724614,44.111868544129806,43.36101446846919,79.17834806002308,31.64275103406169,8.025437978405904,72.48484511143366,14.029513526628556,66.41559225983815,14.810996258487853,84.84745287016077,318.22257642405873,38.66933377910485,53.485376754546444,3.0525803170737795,3.9450758357470654,154.43826658618983,165.28133595807495,76.10264796257646,Moderate
11688.103356595107,-0.4204517716465199,53.85161621824176,19.15351786717131,37.21960475318815,49.10795464801586,24.527367551594946,34.68492838209095,58.79529194011433,31.02284165400775,37.75502916114946,30.312404310530994,42.339218991187515,23.411358231021737,38.70124032786227,2.0081967860605614,3.248570465616236,200.59490100819022,298.7188568370856,42.22688695089191,Moderate
18291.403499599895,4.958991181688025,23.971774871706366,54.35470027407885,13.319094529805945,18.212287382346997,20.336510225524403,35.795689331174614,11.557011046687283,23.33798342828026,35.93307237503754,77.74557897684353,311.7333019457108,17.23284905059628,73.45167742737694,1.0384824190890865,0.41127493257315917,214.52833673420284,138.77842988982852,52.664804312111066,Critical
31857.260113487162,5.9326135043825445,33.67456235492929,7.598227531102461,66.08200523067273,35.745521598758316,8.940922132134359,76.55369521396248,80.06818339030649,50.370117313016905,66.37285970928151,26.5852238629863,199.7293555275269,25.40318093780776,10.27554423205892,11.38531774487612,0.5348221610535266,33.3406476977046,169.8687468029291,11.201197013103524,Critical
9475.935791061747,1.1676167706752665,63.10595798821801,10.711187356355921,52.30665033579657,12.68497455397941,21.493990314405377,35.22003457944147,39.54810461882174,69.82089538721509,21.81024565995613,50.02462736227937,378.77241215386834,7.728877412904222,62.061324394597385,3.766892084466147,0.8573788711526156,227.454661070296,155.73313807014296,137.96127997068737,High
14953.019383211411,6.5717925699875295,87.22421789043199,29.581807509528137,23.898000120774118,14.53760822114782,19.455434818137675,57.83545601813019,52.480673390559645,28.94718438732899,89.41128506557784,25.042085586523058,407.89071898173097,2.2304500989006315,43.64933269432477,0.6565181598358495,1.0911456689323662,235.31171333850133,242.92398585944935,164.2567361257224,High
26688.738710463655,7.061432547657663,14.033341888176736,4.916306342288768,44.63799196349941,26.57130182094195,8.832852647193963,31.194946427069667,81.88102953168688,45.06622657210524,84.56962676185371,61.77709437021797,285.03383338257754,14.065141398820103,40.60618750524041,6.139878582077242,5.941319159862132,154.3285400238446,87.38349966973675,61.09315672763135,High
8779.137626715165,0.769044873778089,81.23074566842129,11.758811082105716,61.961717187360705,17.34167002438742,11.810715647557712,79.4435873687709,14.18039355571854,53.420853729963376,68.685923771675,72.250861822526,20.81841512108724,28.01524595069232,23.22876880083412,7.394324084707382,2.1980710978061104,58.8863941149029,59.42702468141112,27.451575932411657,High
3617.3169341789617,7.83521472715222,56.150496104896675,56.62598293272086,63.92882509480506,10.045835064348054,6.276929243993613,19.392614854353653,24.26873820324494,32.756807822941376,51.2572448612978,33.71465129425506,325.45558887998817,32.60227309543966,3.042602820271112,2.787684394231865,1.8934455671194597,207.32748568532003,228.68701589680998,73.7881428861644,High
10851.549399068113,-0.5928847195124158,55.113565340449895,58.58937966887323,44.97328883991334,14.618273695487648,4.554206220696515,80.50296437974147,45.81643388006034,60.48591187733681,93.96604379278706,49.730209475072165,379.4630142396485,37.544271553134564,84.76891943646456,0.9475105415894816,0.5031464868525286,143.91808941915573,130.52927404690973,65.4897335892258,Critical
6481.52376663615,0.020156684024899896,50.02228281662083,22.575559759825317,31.36501710902014,3.715922934361503,18.623526755313026,61.23203304314615,30.69326471910045,26.81712695214167,84.76718992485003,94.41915928344429,139.51196779112684,41.8465330539622,32.641008603442586,3.080144601541612,3.88485826597646,207.0411666233492,274.9805426032393,95.66650854776906,Moderate
32609.720179647484,-0.15775160761973872,15.551526872334671,55.397161260836135,78.16198074269454,35.81233383091936,8.152772719138932,25.88731046030157,40.411128319755676,23.721479707605493,54.93836332731204,55.39112936859654,243.03008054757862,19.720830919485028,68.10910397298471,10.282810598997644,3.982706553761428,206.4799097484894,196.80619288008532,60.179390320992084,Critical
28476.092905190177,6.939897100078705,17.19014813889285,32.6894805404059,56.4353827669545,25.62159954012136,20.86136541216383,56.07300776802005,99.83572641032185,61.58682937241078,73.168601900888,84.20348551812454,483.5487792376584,33.842222380970554,94.75873997767074,1.508982055592734,1.217602399556255,35.38138918616123,173.65950239640534,74.54921401555552,High
22535.727721354397,4.542925523249618,58.07296045272689,16.184547952426023,38.57662635424091,6.52366718741723,24.8990003648318,34.01240113202394,84.28729938164297,39.83175782007005,61.02369569617161,94.17477960481673,163.09546562916967,5.210935998516689,56.499029808213166,8.45904434918781,5.5316009373627555,157.65003566710607,30.432545899504376,182.4354080763561,High
30629.660066382403,-0.47895716777727126,37.27668571484466,42.14392326483592,29.63242569432567,10.241311670167578,3.7622557203819196,37.49472345209221,89.55116334640977,27.6299046318422,62.914801454943806,97.94766599818291,127.11356050003558,4.473789947199444,39.71469025198663,2.4522562222500497,4.8428625702517385,128.53891032814948,221.8194524899614,73.61871704902518,High
28324.850614569892,2.40323418368349,83.38144532621445,39.53410839449143,61.17720881024935,6.921657829406913,12.879807876925106,39.879883535734834,94.33491702091978,53.913006999010584,39.787846249372414,91.86576157530953,121.21029942944487,7.366313655404734,26.82735663487037,3.1766308516321646,1.5358520374835467,237.33807544988665,208.9517059987579,159.24842887868044,High
7343.382002125219,4.15298025069802,42.52724298875778,59.347519146524,26.95284119156374,31.40445479724207,20.44743886414847,15.38213599264728,40.68422922827761,93.21125916139158,51.58761441624071,45.392426332717534,288.22440048991825,21.288471206722782,93.40437926474934,6.07824488402047,3.017928439315917,84.71070360246814,195.62085810127488,128.90840304264728,High
31347.005948659244,-1.165359150106167,21.46251669621129,15.902837244556999,22.01969922815817,6.522097453399702,20.14587062044837,93.80674317412048,36.73692620168254,77.9353957323324,17.03092877107698,97.00583089289543,475.8978086278431,11.085101855446247,68.20768180511429,1.7821324399898506,2.8586669659533297,63.41002495486738,87.69376183550025,74.13220966996103,High
19337.636225132126,6.824163684073387,67.17750668016288,40.323570159704126,47.08837222734492,38.20555198569037,19.479934641612275,12.680443391154048,31.06562433148674,85.2492732277622,42.16138224981332,84.99161933968375,312.17126201617026,14.33777250332608,66.52813932565596,2.846091490898529,2.2214185771854607,225.81541116450137,284.55440328558893,165.3797712582666,High
28452.965275578124,6.036035354415352,33.46827371528079,3.1214253017668137,30.29911748508993,2.9845241273787764,10.026883511943952,66.31223422066367,84.71052201773104,89.75311910069092,72.62456638259368,86.97404669115902,165.5950977140768,29.858847461029015,42.615832514527696,5.429600448334906,4.942281334388556,49.94815869152461,103.27998683951782,123.06445322329033,Moderate
31467.10419739877,3.052067735766382,52.03762458847145,6.818762321803165,54.023360144653054,13.970037823802821,12.438624880756203,41.5543500593816,71.15966760566664,97.81021931171351,95.78944274555677,21.213838733746783,326.51349347237795,17.416453688522378,84.50487128674307,5.146134380825992,0.8337340166026757,176.3320728002485,54.14697745864094,11.63755824379107,Moderate
11812.118149043372,7.671266152591704,65.8266228404136,0.23510249706559572,18.255707241196344,44.75200044281154,15.684272218853815,64.9108747304694,31.255478423458957,81.05972588113384,96.67577014867183,96.33910906546349,319.92430284693796,25.966976981874954,71.36721870094871,11.314290839433259,2.6088225910011977,85.50465625282555,296.288334931154,23.05835829875596,High
4741.765433941009,2.1776097927509968,82.02112889616564,59.967640863580385,55.84587731971251,36.48950326986781,24.400633422184914,40.28110151244462,43.92944462894094,68.67263375515837,60.01505822124025,82.24721790789926,306.52406515023404,19.733361539673467,28.31832717810161,1.3992998853584382,2.682580557185459,148.44375254190723,226.41142094589273,153.00151629594058,Moderate
8749.795526426016,7.8411031903649775,73.37529558413408,48.13642182884867,29.830756959839157,5.5024799804330105,9.533587231585336,67.268804932003,55.60405875395185,49.23407042417978,64.59600266286239,81.437399720632,96.52457930638496,9.265677987352241,59.9578660025048,12.948625814295248,2.9186085067622423,159.81156671769637,130.2881958745926,94.84028002118693,High
15521.664813292715,4.67919998803627,64.10888542981793,47.20338088401245,10.01700541041589,41.41405301528863,23.232309417487727,71.98501830481067,57.53260515463783,34.53145892461728,26.714906695087073,26.5219784742869,324.59206368559717,5.182859581003447,43.01939546012656,12.298612909869986,5.1958299483720465,113.08178126012218,281.41576495772495,87.04648043127271,High
28812.502041364765,4.346712732539414,64.37065459161148,30.58356451729078,18.885524037192347,25.665685833929828,8.195209118151364,68.69697443396981,89.98549556965432,74.93278991866354,72.57772972841776,38.6054832858665,226.4789372069598,12.157954298325178,0.6590162829713031,11.560077103471494,1.4653678471687073,244.1167703557175,36.42403856619721,37.70716499720352,Low
30264.83983071568,-0.34045104704215,85.67397152256692,18.004024974326395,75.35307644845659,42.645585304103804,24.748712705895205,19.68676841544294,44.25095196524947,99.59599888975535,16.35929134069476,96.98093321103192,28.924188139056017,4.481120188114907,80.76234315017973,4.847773728208047,0.796954406371182,45.980794499970095,35.421752763701754,39.89053285264134,Moderate
1236.372438060484,6.819277583046439,33.66592779972288,9.075857067760555,70.71482473807504,30.83550917361888,17.416064797034608,65.8359249456482,91.76716274504611,57.38869476951352,35.62171172195001,60.0541659844381,279.08695383079765,28.600314275261695,12.283034891970079,12.396362247449577,3.7832890843624267,106.9787859236379,207.91079540228978,161.5729655182211,High
18365.408287637234,2.2748968792061515,10.088967535694993,17.08048433078782,26.35263224253658,34.72798553757722,12.660764048246671,33.798941703598274,49.72308042878107,77.89434944742462,70.1527012556898,51.828641458980485,494.84803770484046,36.21585686304232,50.995450600261414,2.9871905802524275,1.2082399548726734,116.14290181546421,61.611894029864615,167.5132554526765,Moderate
15191.974107058486,-0.37766594217520644,31.756364751855894,22.558273315748348,64.48603331818438,49.68807489899399,16.107979845462914,12.448116498393349,77.17354073131185,59.60739599945249,37.927911838914035,87.1952653717531,187.8750036051121,16.608853034208238,33.62261930848156,2.128815326068915,0.6346060979567945,163.29603301410265,275.97045940605244,116.40048272135856,High
8551.665556004828,-1.8739248002424096,27.43131037013952,45.37860581881765,52.6000115221782,13.152106204352872,8.268216887924757,45.26060711056108,93.72288879865505,54.55467386907813,14.48621867030089,26.987233129115545,483.46842479295594,18.645775380151406,34.20890412006775,0.9608581022954641,2.6745654793121103,110.70604317571198,253.70416054667254,66.07428386308061,High
5075.422489345216,3.5975568363838253,62.94676680911985,32.37970733418914,77.96332980149086,31.949387588546642,8.305998722763732,46.85116373832309,91.68181335669398,52.82444908479321,84.86833684158674,53.355361301684745,66.17875599804538,37.096215698650184,47.7364883413808,14.107862336181967,1.4739492989772174,37.80346267245836,98.84649498934407,187.21315516688773,Moderate
12478.915827723351,3.2739962212267635,60.696927981242325,4.649017593328962,36.15239616738414,24.09542672275512,4.611754508400358,49.70980133495795,15.125758056611305,60.36997463453581,37.929700642110674,50.05606195376669,371.576055616307,11.572355232063092,99.7023104019745,4.827760196267523,2.295056389434305,237.64604957249415,267.76347885811737,128.55285428909306,High
33058.92993302565,5.193536223691586,57.47691061637791,1.0817405375347344,57.702242876201986,3.893693740289189,4.6231568472241715,69.91005405821087,28.513386547891287,49.35165294923,15.679470237281059,47.98811096243142,74.87839743816096,7.1238914033795915,40.83796806314758,13.788982838615217,1.7063242645942531,112.77858418509113,22.437429232125226,161.36200269583975,High
11988.899688705678,6.902580530178021,11.299475456756296,6.139930772043789,14.4475005696743,2.6945907921375216,9.996450053784962,36.25172377710902,52.92148829790476,79.90186574574463,16.730934805257867,44.61537949224585,151.3143553065316,23.54807904523672,18.23292298165724,4.307419354334146,0.7372914837958113,95.52832589601205,169.10497729387322,10.623754854760929,Moderate
18638.881139274446,-1.2059341535697048,68.3022443560518,24.62992282184276,37.737314277148414,7.722971735257216,19.545675991616548,36.79884361383342,48.839886095779654,89.94176212732133,32.658291890987826,36.80599654320624,294.0036009546197,29.7861772899292,61.360633804936896,13.641219602244337,3.450013776960369,119.9796991808911,281.3132043755616,95.5607241663185,High
24902.64460243605,5.314964903403624,35.88243299883932,55.9915750229411,77.46723628317264,33.15640354585031,15.983336854757738,15.14694178050715,67.68024983534863,90.63082453161473,26.021435249937362,33.83286423924177,304.5342531088395,27.785140276998607,23.628770803952126,13.587757076837498,0.3567068246290169,65.89998530029678,258.06106389135243,175.4803264007916,Moderate
13363.406480895996,-0.12588055902417783,63.204479120530486,38.244148872553296,47.72866121150844,29.223828219842826,4.359444887613479,68.37980335934515,95.0238145742871,38.21589707406608,79.68701060021358,71.23248935357392,392.1014322724022,32.696540946789774,10.55491367129504,13.878037861657479,5.804977018367517,38.55209589713296,113.26126390228855,74.26432381421705,Moderate
34040.590812512666,6.581770531571639,54.52627428017227,48.109553992530905,30.151565233439122,28.564618935858917,21.601440074445954,58.26521776896464,20.116424015015394,91.67273109851926,38.9515642000331,93.55158729669428,315.34947546917084,4.440300833440027,5.017417206592912,7.593455557477648,2.1797170260628045,49.9159425905827,63.03242621804411,148.0447236057334,High
33723.20802803178,6.19063513861656,37.418474034232574,27.982475670272912,18.418967419002477,3.529124601356484,15.831455420771528,39.70113457897199,50.66727986208164,47.3240985484084,82.42262065358493,60.70813161999052,304.93505810266913,20.412669348610034,2.2881274019683873,13.029410415943712,4.231913560840862,54.16388434583651,71.05677063708592,134.95821677444263,High
9560.598058062382,3.4079375498554434,20.76610136832862,21.69996499170257,59.24698381270713,24.52654382528034,24.099678266049935,69.94106320797515,27.31699340984254,44.74461323882381,25.646139804083752,43.837964187731544,457.92948175478637,12.258532529664803,43.11646483110637,14.276258673659607,4.9001046607752095,61.45325798073535,159.20728464273753,38.921489607316886,High
17906.449200341107,5.102427986233115,17.553511812838476,6.504022362997364,55.13992304008087,46.38189525644137,17.414265750457773,55.67540868428456,90.46968385581528,78.14048459185886,54.35912615896754,32.7328158177781,237.03716106039545,34.64221416047904,42.672577987339366,5.071869045888538,1.8188078141294197,113.69064987315518,183.06415371257748,157.23172717833697,Moderate
11229.862533770169,1.1435011318374837,76.52146664897788,52.5559813311723,36.17570995226423,21.084409726911037,6.029021865196163,49.88582039899587,96.81221672214876,44.37570720690316,71.92334201978159,86.41146920420753,128.1275737736264,39.52741081459503,18.554540007795296,6.457453763533559,4.542684512838396,161.6163282253761,19.516151820854567,31.380090159431788,Moderate
10684.5768088339,2.7116789893281465,83.47180336652464,46.98960174167417,76.5658946306084,31.996278549845904,12.897017333079912,53.46258621119575,53.08315137013151,24.23731244877681,68.67917684792694,97.7193645178571,97.65852081134253,14.09743685467584,78.40190537712093,10.872830753835437,5.028040961463316,162.78864193628215,129.92995217811756,148.30367834866874,Moderate
2254.156210054115,6.216368977104716,61.983043741143966,10.087085855863506,11.554196909149523,39.43129642991089,16.915444743585695,64.08959064769981,19.360926795532666,49.88942178482464,64.1016468937242,47.93243211742815,211.9974064685599,6.094377399984555,12.927062791987876,4.715289379332523,1.5996399561073584,15.022928847052812,250.81226353673233,198.28398398802793,High
21725.18735531649,2.5926519717321392,18.27472918883867,30.73563383257563,31.260669614227805,39.62841339881061,2.650088124149487,66.10022138884096,80.67652000504059,77.71724802866791,93.23394417380528,43.276034044170316,362.12132249297395,12.897402365630064,91.53171926393024,11.380996841016087,5.956469125997222,231.42505172112396,138.85539556838117,192.01647204423492,High
18091.08678978129,1.577982653254418,42.162177351059256,29.242488475274694,74.4748640409707,26.925443954973026,2.3429360755605817,34.56141462696096,72.74272154431591,46.15667362161412,30.56726329360699,68.1194362379953,40.42087276635243,6.472365029533546,58.757597764327244,1.3862145346389487,0.3199943604841183,208.36908742509559,59.060863375329035,162.04593118083088,High
2750.277542499638,2.942124472502999,68.31513600841258,37.505493161191716,32.46548068236083,43.181693379312144,4.976269013767062,21.963185888248024,41.92037439492794,70.36472447961172,54.43472840158948,82.02631847627406,81.94562552451494,15.86415314287851,2.761637610492962,7.995426249041571,1.4586027853661383,241.52543926746935,286.9094849755381,111.5583106036434,Low
10473.979784044788,6.282492524372184,72.38567072080545,56.771213639475675,27.657698369861926,20.786148481459854,7.7882820060458275,23.31390540119409,89.8666726572067,72.80955554105043,89.55932950651679,56.43222428397315,70.93446084974693,25.142538867838507,96.29726257427166,2.0980082160310545,4.724120386406558,99.59679101159533,87.21990657867534,138.2166694059406,Moderate
31881.040122866227,1.3520804737087273,19.457489783287087,34.78628650574878,47.39542869518731,44.65727430967032,11.879629840975538,64.34822530175514,97.82487008044365,78.69888093810849,17.010438903564133,70.40585198887594,300.92007346470024,43.86828103912288,30.79412595458536,4.611855103619144,1.3259599453233666,171.22783002200828,241.54419703387757,148.3405941653776,Moderate
9145.104282677063,-0.26238406864256203,10.002457507630593,32.413036006717114,67.66612249443764,13.530903986986175,13.211130896475133,84.19422929020571,60.206846421717586,91.77043730487492,15.029944142776772,77.32392544186335,136.5750322550078,19.172920937108415,44.99749595778534,4.101793269551138,4.249907207175998,54.48487607518282,66.20030823829111,11.596289612865354,Moderate
5926.425651101586,5.120140203307807,66.9709636704484,3.0193759760798367,17.220273261485275,15.45038753554741,5.174635005571626,44.8071836593719,60.91551202098631,54.60515994147451,30.997205880246227,96.84738302849433,99.80452558467033,11.461716725748708,28.426869299455216,12.632301481371192,5.162076348900841,207.00276139677896,132.72009147426107,29.449581981061723,Moderate
17641.393849437143,6.259782127080818,38.52769407889645,3.774448561081436,76.01144967520153,4.549789961552053,17.48800631966411,24.409213628004302,36.77621546024,33.31456613299657,66.97190975842167,33.20298644160667,304.5299454766507,9.172474835945907,72.84212980337776,3.1447036544711024,5.763442781278709,52.92141489427668,152.22253653469545,123.44123509498385,Critical
34512.115439760426,-0.9936252147646667,30.35850652946082,11.240807479607334,65.65510168268148,40.18792815402958,15.7111754190203,74.31121235497764,62.60554323849828,45.51405723455115,33.38916638048262,99.79059950602957,385.42875941714203,9.440709943963068,48.56802207195386,12.184184426339048,2.9506355893215637,91.60663968982115,155.1842358249909,11.24156262715273,Critical
9229.879231391014,0.39874112755944724,11.031797583162035,1.9482463015048967,22.687517888608635,22.018651339169867,8.772674273346684,80.76160532565312,49.567808847236186,54.57338041391887,27.121589542791906,51.3725324192983,179.4343598972789,10.281700380242746,13.23729594025026,11.971217084846453,5.832432913296281,130.34619114754108,159.7774217492044,182.69207364696447,Critical
23852.60861179987,-0.580280102390061,53.223952540919974,44.60117373420074,59.84055728387139,12.997597467747154,2.314177319011716,84.84950766528216,37.19719242352467,77.11131754624904,51.29220838224629,77.8560114181243,297.53821072476615,34.77748196911023,10.420395235945378,7.633580916691279,2.587409320753736,154.71494218039635,75.2347868000308,103.03591551276479,High
26895.066921176396,1.4794141158216663,78.09205883407854,43.39981823963779,36.947110584629,13.125933325595824,3.785902053125687,61.58067145766732,16.046667687151118,21.049770044930682,65.22382618924703,65.79315023783977,67.09971833574089,4.624191591594057,72.53754133245748,3.737495857263105,1.4651426301114374,146.51376070738192,159.6155013686422,58.97574436497312,High
9079.676495741589,2.5035097890541262,86.61053170180703,8.163374065898577,38.16062746534231,45.26719717900319,11.008979836749306,83.1619275479872,32.74370737382124,45.262830675190315,32.37019363150664,58.93348936070721,468.8916946196336,44.888316398550465,23.70814049312715,3.6353761973564738,3.1807467478914067,38.99256275184936,149.69669862454873,84.82602222354386,Critical
25759.355852803226,5.4882633696330645,55.259596049063134,50.164734047716856,64.83030647072064,42.02799682212977,5.54141007681073,11.310271468114653,27.806918470989796,82.38740648154534,37.06220680513678,75.84602949852692,181.71016895109096,24.47551482014923,13.779337463847252,7.134392312602962,3.968974817006657,114.09386067300498,70.52865416661635,171.64751802160055,Moderate
13504.62651245461,4.511475848816741,51.156906219191534,9.287162090766719,77.39493655865125,28.569482497144797,10.666850941403329,19.115043150409498,58.7837786098554,73.66861626645563,65.22033743303625,51.66030801788761,498.8027327232806,25.403691454935505,49.942759699784276,0.42949240868468974,2.856187233089674,231.8836770883683,296.57555225607615,186.16664601518198,Moderate
22498.3982401817,4.2092856747843115,16.80451083913929,18.070535219841528,18.865911099303574,31.57331841995461,16.448199903738168,17.868965699428394,64.15030195872345,78.53919788684841,95.11645797905074,30.088798506944514,489.7221228078954,17.375246784083007,80.2765287536304,8.110856092787083,3.4884401750073915,220.00660402168512,261.0133839080995,32.08464629069081,High
22540.01016587042,1.523749466096544,53.90982412340798,14.938613949681901,39.444116581517356,24.76762738641397,14.586460841223522,70.5713981616523,64.77145518754148,84.94486155513557,70.72675546942794,59.11147064969918,393.8352556811895,31.68098045472118,27.878274587313044,14.305859028775714,2.615173288817694,153.83412796484035,267.3971417965201,157.81252045155958,Moderate
19216.33925854179,6.4144755308476,40.39832631723157,22.338425914382867,43.665912565901245,20.799994058182826,7.317045312160067,15.914451601204217,44.93629009411112,82.65885751023698,80.4613729226104,61.75326965458549,29.632205795344024,22.2726226578743,27.643161170080777,2.5741911633801684,3.243619333323249,149.49627523159631,208.81560461103953,119.86315246114076,Low
4069.852181849882,2.7128716739816454,58.57082247068615,15.279825953397712,36.341827186849834,45.94289029847991,9.907917298951306,52.1909716596361,47.91067603169464,74.57465329222225,43.01290852799219,36.15217227199514,280.86796178449436,16.14963525347564,83.3881260260377,8.72818063569137,5.7250548972900575,41.24366792259259,56.3701389006094,121.24552395625247,High
29400.28485003409,7.791049380151545,41.09810783012374,29.337055586307123,35.42323866013575,8.0294097689745,16.122717564318965,50.180086384084575,85.0814586676576,55.17292258964724,34.502892344601946,94.84954850629256,61.681481811205515,13.400951359445843,14.783379456878265,14.438146723073515,3.099020684710726,62.0609712929213,174.74669853092718,158.095903160207,Moderate
11906.522209039018,4.3414213829573685,29.223929876029338,24.444472881281126,13.658806729311758,22.085445906378943,21.79966564499932,36.40979950245048,52.860953216544615,98.68786631025232,50.88409688823603,38.1980517317033,449.66625246152773,41.80300189813016,61.67275917865472,12.949675450526522,1.6684418702937094,74.37033951196257,248.21749317194195,52.34049048933192,High
7341.6293535950435,-0.7373525843549726,17.59722201827012,59.194169446759595,57.98770343938363,18.538971583418018,19.323909090994178,83.98443944507848,98.89959989234102,65.5258556472059,82.64195458405064,52.73820752672782,399.0254012707534,14.512549147254068,95.50134829825855,12.800587710805702,4.60073040477291,129.72599620309433,21.233581719712134,110.89854391524207,Critical
2386.354812861973,4.7617756207543405,35.19347556711166,3.35558100769354,40.53500919840317,25.911234572055122,14.728200617168543,24.486822159799658,49.565550700797836,36.22153674950713,51.066967761150025,32.394374947577866,486.7233807659278,20.764910155483204,84.13031495773076,12.38119397682398,2.157989855132986,186.8686713024939,153.7944999534097,70.67699693565373,Critical
21090.360068400223,1.25104015431699,17.73158674302018,8.530882583241098,23.63556618507487,23.966329978168403,10.332738961279183,39.95933667393538,68.46228501560552,43.42502840838275,86.20528679108749,62.86373169495553,312.02381751190177,17.064680291008134,6.181523377972919,4.842647009025928,4.934001590764066,123.27045856700067,124.87563519852625,27.95734554553782,Moderate
24037.1883026376,4.8632719668609745,24.151756065918715,3.169553634516149,67.12234516114478,26.906697519251907,10.396179383461526,75.80457750194897,14.532669909405623,75.4849964776376,98.98947826256143,44.61100864800717,270.64294615248224,5.705689579405546,31.99108765616254,13.39206741962214,0.5296835361065338,44.62434483178847,71.51617160119805,29.965094655754736,High
1563.9861835471092,-1.3035885183759426,88.98689268636367,37.550471698942545,66.17925237061395,8.716110906895716,22.22659813608111,12.585896723429162,68.80059319769298,93.97916521595708,16.48239991573027,59.14180159808672,269.1074508533061,9.995178962737487,14.237446559261635,14.137703163127615,2.1266322672304097,118.24698609767441,119.69250109194213,35.929579418778644,High
18411.163982175553,-0.25118562824040613,45.52828455252949,3.270556644823175,44.047413966222564,26.6307920726373,2.9026022489325674,67.20078402094134,86.62837549735055,34.297610336471806,14.086914047533332,37.969353316656154,205.49521973808555,10.148584939034427,94.92406376871398,7.588148622495878,0.7472874679117087,53.21881463098877,295.21427815214133,126.83097129191921,High
8700.856356729892,6.557372589057863,52.549741320401324,50.1863842425674,30.89154628034324,13.636103066586122,24.723600821666,79.3938067407335,94.82120546799666,26.58771965966291,23.463073262202563,24.30201023589726,244.97123226998767,31.826929118755157,98.59415662220812,5.512194394714044,0.6948433806258224,191.51962764782786,219.7405646449155,30.1077376916889,Critical
22935.874873921297,0.2717955702351489,79.88948229897723,30.716317840915668,54.666490805751664,10.84790475143318,17.280634449585932,89.24276630124422,99.75885504757935,90.52248384336049,44.59327081609116,82.33813208658043,324.99803990496815,19.483172628529793,23.499302054003792,6.389166529406085,4.018659443200136,54.12770219507607,96.865753204333,118.31973009213297,High
6928.458586169709,6.370411252429401,89.64551203925502,31.620457474892024,30.170649504418215,5.112042501737179,17.666167078664984,84.48521444177622,35.396078108430984,93.22223831302675,21.793798823088917,71.28690271677267,467.814851627013,35.62460521203832,66.96990448287525,5.212834694919604,2.434941847850923,128.3954875429473,185.55296492944058,121.77644101567935,Critical
24491.88309548384,0.7927608845441041,56.617155947574524,33.695670462731655,26.520555122659843,38.60732282029476,2.8739502580090694,37.14764993086324,61.78330583431452,42.110347625271956,88.35980298568803,47.25914845688103,306.0244823628949,32.48488974636875,84.16317320471184,3.422551097760739,5.254577863513653,177.95219662535686,81.53030968284713,181.7403369231593,High
14149.001774218272,4.428819100587076,74.99790568353373,10.248822378372644,61.13602578184287,22.51721220111488,15.92717332249926,59.84095201245097,50.564618697893266,50.18285794969919,12.083162592435741,23.79953797458578,431.41565231233625,10.25813995502962,23.368028441447652,9.391192512717474,3.1951497996664693,68.62654502712402,187.14473361703944,129.0115533018477,High
32848.819617048975,4.9415057350983105,36.155281946934025,11.861418186869253,12.822766780466548,32.0788967989644,13.149895382080281,16.569946917789597,60.74357325176539,72.81503979982867,38.42134447022403,89.24600501576967,434.13435742520034,26.205427565164328,18.768063432097748,8.570174227806246,1.9129906827992398,32.86707529477171,269.8883399506302,197.26168976748525,Moderate
5675.71210096377,3.1265475314505293,34.459516595783285,19.12903937238028,16.633792972421578,36.92448047862768,4.4329148585635405,31.91895030158073,24.170766147086198,46.394401667397986,26.62251665447848,33.583600394854344,269.03968440716443,33.94508038009852,1.1211023247280294,7.100000544277351,4.38115555018073,147.37537687756594,171.49427198334018,15.888590188758617,High
12596.255935708788,1.0531067669673129,42.21629767956482,35.609784949311084,10.475172181651285,34.607199935050566,8.39220624769526,18.008902193538127,87.05346153363473,90.17269666160423,93.83853971417791,94.45937746251424,186.78542791885837,29.22084570945609,41.19624569415259,1.708927184267027,3.819297391197058,27.737625923532242,222.668592881278,143.7877659625726,Moderate
4858.099722180028,0.12644376371096122,63.80058101389193,12.607066556412871,20.70602305327983,24.584034516304747,22.477232492913977,36.790919663086925,91.86120490101288,28.60629621710902,70.25329044010252,58.28763028767668,326.9954591993989,27.800709847783178,89.94374623947165,12.014326581178198,4.837648800809379,153.1256310975195,141.46830962772606,15.031214830078229,Critical
32439.583021471135,-1.6681064543757378,64.5753351404079,6.979903627995673,14.829300609732162,20.61912938968303,14.649733564916918,84.39091314399197,50.46954968016303,23.038577676815617,92.08272308062371,47.2309367926787,234.02112411912452,33.803268158233024,90.29796490563488,2.871523372436601,3.9328120027829327,192.07215633275734,161.99593612255902,148.5817397961937,Critical
30829.538014953356,1.039464012407238,35.21915477195606,58.20701318510593,79.7061657445943,20.04607566275186,11.508581228999901,39.50918137231487,35.238687541621914,36.678896539423164,97.50958392793541,79.34075815127711,59.09161631452779,4.4415717880211965,12.774312750901629,1.9840620379219076,1.1686778191737375,92.38925804299203,211.5717728389148,83.31153974876673,Moderate
9770.015342315291,4.53162790531283,20.656793930930295,1.3189088885773748,30.216697896786272,32.722342252642704,3.671689584338652,57.761338755121244,22.67500848877111,42.88702225639752,54.73884193096323,90.14715248601486,201.34836820756814,33.45114373654161,20.435248052839494,9.459149513599327,4.087798218468983,129.76211113396266,245.5974514649052,126.14847542459202,Moderate
23439.457565162087,7.383048184484826,60.59170051724068,48.1618443201613,20.44876088684731,25.750129037209923,18.424795130253028,46.83737208976997,71.53883423000241,29.034127303110004,31.088719724322363,49.65708509165686,497.15462626367594,13.72417631559742,40.80473309345336,6.16007211019453,2.4709853461717,233.25903198286244,201.2409020923804,68.81223369678418,High
28785.554806841337,6.712044822630521,20.266068975101163,47.28210897450133,26.86973805971426,42.75834790344851,18.16556893810875,49.0079045653925,38.10086556586617,25.255234347251736,27.435590757693035,52.587500173614984,43.28569761261786,26.590506943902227,78.0624545163702,1.1791845876792433,2.886229575493895,125.71058308125482,293.472678228127,40.22995743900332,High
19876.82759438172,5.660647765353026,56.279400658346404,17.83284683070576,75.52879000780942,43.98569524768218,16.12300296036896,92.41362440610744,91.85847129220498,80.44861708014386,30.06269755172565,54.65265754777579,354.4001177124448,12.41911477194982,61.185148353172856,5.526854817927555,5.5450745392766,249.1902044274464,247.748550461502,147.46737843696366,Critical
19008.11966410422,5.884473432532987,65.47377024450472,8.137596960438804,46.411215611707696,10.186898144312886,13.736040863074932,35.17312980242792,70.39112273603831,33.14212527218059,73.77339768598026,93.78584491829352,423.7705784341986,38.069155604894014,51.384974352021636,11.645171178588953,2.2877914685269327,51.89556666905313,235.3764593362838,181.8778722513165,Moderate
9222.977890615357,4.649849034759953,66.04891971155612,8.737718802325405,35.537266741549985,8.53921527419483,11.977041250769572,63.32257990946956,68.11167926568166,93.11377592530432,13.640115531070066,75.40511932114661,331.3884336681818,22.66405223493251,59.19318842226031,9.344163316691334,3.7493630293468647,181.59946708357296,255.0794579044974,44.88066430300664,Moderate
4165.494105400573,0.6028685756600298,70.27776885276774,41.84589703423155,71.13740205364536,32.25924444972797,15.645235138723823,45.705326914253,60.34619043084167,49.43997291584768,14.622496572944339,39.81168936365244,293.4791509583792,29.646472117074293,9.619969380229666,5.632954537908852,2.3081940537909893,168.36537057635468,91.55117127306123,184.93357022868412,High
31505.33577041311,7.071950307058298,79.82875372525316,38.56839546517042,37.64931893843227,16.458835906989414,7.368095389753354,15.197425389053329,14.119870548585304,73.64846477770763,64.7328648144835,34.79997580015835,359.6261201498036,36.145527869499304,47.7663642254907,3.1195304370284442,0.749419415075192,219.99163117868687,135.2936746450304,36.63460074886332,Low
31614.213943553237,4.707323119058341,49.996719357183075,46.9647404550832,33.45059989703871,2.8913945007247452,23.648958476085898,51.593120688060054,93.87301921170283,38.03216918150402,67.7851432063666,38.42941307398529,226.0845139038347,40.498555968068665,99.20632895391283,9.587395625830167,2.8304469838801434,36.72415481777708,173.6942463344313,149.77575768441093,Critical
22525.44954729111,3.6044063098044,68.4199351623657,56.24887034394628,24.50977657848149,44.65484812942184,15.54227417114528,79.13418296883421,66.51437439695141,39.22582147934935,69.8736631890214,41.0851111348414,63.853633908260846,33.47867017398166,8.844614693908781,13.347062923911423,3.662956725865981,80.84854900292693,144.09203234837884,192.29458005401113,High
12527.012895655824,-0.8901053078651893,59.533818829266934,41.51564179599552,36.4457776736588,12.891236827702796,9.157426220150661,18.394002337943512,99.46557850447994,65.97673622940603,43.46924541297321,38.41467930672012,481.93844206562324,8.397048776187447,51.92466776348864,9.800208954833932,2.5635190938180727,46.06211805367879,255.7627672849831,38.00046753368516,High
12873.12553683047,2.4705554380642543,24.931195183814605,9.351092193086608,32.16790492118482,46.605471280918835,12.342636570358618,15.915307028686263,58.362076429559835,64.85143401167889,82.53503998427378,72.68051577539168,227.50436959241412,38.74489189218882,29.56492616573746,12.249686663358295,2.4658638711334695,234.27735373390155,17.849870126977287,92.66710888351713,Moderate
25682.493081588138,2.6035827120192625,12.055171589552653,14.60655700592464,57.41127715086987,36.43685364215617,20.530750144168522,23.058679233427668,73.90998027155918,81.4983382409665,58.02621289539558,29.274680852600508,339.3868338406484,28.598850382216764,53.9913296861959,7.9664592267492536,4.958195380587503,115.25930129163542,70.66087099751805,74.1169216480959,Low
31501.748838387623,6.645636095226699,32.7633108541547,50.53162385238687,30.270789326950897,38.60736751575125,5.717169396796841,74.97400946809101,15.058860207959995,80.62506445554128,19.49190670084775,50.98867917663686,275.02900970686176,28.206339610351765,57.381876003374664,10.854175269093124,0.37217399927892725,228.86547370074123,265.6948968905379,83.81077253497864,Moderate
31160.93842501399,3.4664822018778843,45.44269650700955,12.558364550052515,50.4039822495793,11.6701517980717,8.73521931658599,71.53960765230272,66.85625591410698,73.65502117309289,81.73893763606107,70.00428583762931,46.243074549226186,41.61764407161163,57.74728981194759,13.47453357454178,1.9143953010926957,84.18564367432333,27.13903992632049,153.09655043503756,Low
27515.768559159213,1.8040054897040965,59.3684755542925,4.351339017268884,14.612451552238088,13.24133242960702,17.628684522940773,58.0265103570194,78.81846504313215,55.93044527147928,95.77610076434125,43.26879791543447,477.31836847641847,12.699756893632973,85.22087853108866,11.66573098040223,4.908192139187827,44.696503819988195,75.82660804655144,135.62589718555625,High
22829.075969245783,7.768003285106593,77.99674644025643,42.196803242535026,23.390240968756004,27.020852183555157,9.256251749091149,49.79924434787375,80.06628653673016,91.25123090244938,15.40326817021228,25.221950776132644,400.4178685348752,12.302267595243432,38.974741467366094,13.674853114952741,5.53907486194475,84.68625915171386,111.862595809181,194.05052324793564,Moderate
3860.7588098316605,-0.8927940667368433,25.699657336493253,24.151581329408522,38.51836901279441,10.260792927193384,20.227538682813716,85.50769424972287,79.31004870072569,69.8062792177039,45.22162048305219,26.545913827677463,91.56698934530957,24.06732285188336,51.63541626664959,6.6377521511060795,2.591337597876804,155.3359744420915,227.71476263539037,45.24110563772023,Moderate
6495.376279216868,2.225484283119446,20.04398319187817,55.202403152754215,75.58644777360868,16.66072124878555,5.000430205079299,75.16931502584602,30.36543645643009,99.21587923698857,53.876444035127285,30.077342104374907,491.19146061836807,34.2871118609992,1.0928398967748554,13.592037750367732,5.3550066105372425,213.62965906937885,172.45240188838605,113.21956517191722,High
31550.842409920693,-1.579753248285947,87.0783957979462,39.01530426561969,36.40763900009868,17.430198941494616,19.541781920455996,79.01509136065344,97.78586298447033,85.54958543474869,23.182368407048525,86.86744198945242,373.7126586424198,21.231350453825893,78.95506015797667,9.437038346881101,1.3537947083251896,105.56681290787427,286.835363806296,95.33396762961507,Critical
21618.588028426057,5.3990412076693035,18.643564750112567,5.425138667499645,56.48518848398839,9.662236796132676,3.5720894415630235,79.12729561480562,99.56639085624448,23.544784899066098,88.09380530045894,72.62908044839759,246.71439220558827,29.257329765373296,25.948770737585292,13.089716861400897,1.4842769935890012,229.9800349245688,76.08375437116231,184.58266069589243,Critical
1312.699754965408,7.180765521991507,48.27928560857514,56.871394035219645,27.85610556949787,11.848776002967716,2.28963009135238,64.63095815337243,16.803628764544115,45.64751256642542,35.57346804010396,25.161792887811583,313.4576271485951,21.45856314157691,81.65550240405165,0.8788349974361804,5.10790998419186,72.39453402431324,262.9149174467316,12.01765417062239,High
4450.0324574450915,0.8003732955048943,56.84509830346415,15.513435818414754,18.89235031812622,39.85048841639632,22.659140933139728,48.9312430668554,94.28017805305815,65.75005731767614,80.4707685944344,51.28551033211359,71.23360736700681,28.246648760939657,26.56386663803172,9.970430014128981,5.438894899775586,177.98206151638522,92.04491202728215,197.9423761457479,Low
23559.060149673896,6.583416767991208,53.30995367259506,20.232749424377147,14.097562005603509,10.025401018268882,15.370801989442867,83.49760896978029,36.050427487393236,77.71756302971897,70.38950338254844,42.28681382776525,288.9975248074933,37.357279012389576,1.078849626249223,12.76523365950511,1.4922734541834715,187.892637363334,81.19449514670247,101.14951973078047,High
1172.0938507714354,0.9221823046189774,16.882572562635456,24.135624821012524,31.378944897992593,3.3659548085082793,10.092018632996664,88.71063049627631,72.03556735758683,64.02691982095533,63.82412402203211,66.24320893030401,55.357314568188514,9.760497931909702,15.483131819344676,2.860769894555036,0.5440803018179444,79.38128604269477,154.5288074488117,128.8525329743835,High
6467.473748194954,7.107701616439153,14.56215312028955,3.073457784258795,21.036271875783555,32.20903724618904,7.3496766501685595,12.023513676959157,40.42998286625189,82.89043379697455,27.292856382689898,61.82447597378507,281.53052341726493,31.901276962257313,98.5682902572168,10.02826792193437,0.7238799949206689,21.337921400623948,30.64930652438317,78.40998560308594,High
19656.94883846393,5.5396190359678394,18.438674196882854,29.79092533383629,22.180731361128693,48.8471897308376,16.18837301499877,14.38216422763136,97.09788910358094,42.61245222058757,29.863316849581512,58.489921869577195,285.293930606137,35.85930679154188,31.980124594798852,12.426834298984483,1.7160088451829068,100.83077538192752,121.44903376805212,171.98006724214477,High
24524.43672155157,6.049067768414385,56.847014709809,7.399109464517535,63.253151587086506,17.898263101909826,13.707050221344979,91.49318023721717,19.135347247318194,34.712964098626,14.261356427191238,45.16098962980905,439.7306168771571,21.225790521716647,10.882390201274717,4.532855733599765,4.61640464745141,25.62109461694198,113.14603075182566,116.77770957249271,Critical
23166.682823088417,-1.819934443995455,53.54759101074569,24.058219601301104,11.108664966141195,7.69547375342011,24.80674883718966,33.55865217675655,54.79721352607384,24.31333470318161,31.664118680403973,31.02398176351926,368.0276001307011,15.899043813917734,11.875880362575053,6.257121020223963,3.1579526012184407,226.67713721951176,56.42945115351432,135.93407788745532,High
8625.156521659032,7.62810357074026,28.69926336293954,21.04258727952506,49.046708801480406,29.378591617641476,24.61396769303615,84.2364023702006,48.524301274786716,65.86509956572176,41.08992485144627,79.39011062981103,139.7851482632576,2.5824059287492895,31.03427140572238,8.671910461938525,2.842415285008064,239.07843678950363,259.63050512972404,133.29189453152853,High
25214.09352581622,5.266709920703232,61.021931347647325,46.3704050055902,36.56229664154253,45.50500213259102,16.60556502125702,43.04758511171922,39.34211070501864,75.08796165403962,84.98307734761828,90.38854150741236,446.4445482501713,36.27551596036602,3.7645041116763034,7.931765026603062,3.5880116007628056,187.8142802473101,121.90799667572115,79.15660658056919,Moderate
9066.468974891202,1.047510953861333,75.60540016445195,48.19023069796387,45.4584999935983,39.634965431766986,12.186021640435483,20.123504896795225,68.09805917921338,46.09197736954893,42.97534000433248,95.53207273862539,295.15647912704276,16.10136233854749,51.14885881219537,0.876084077645894,5.36329405808068,185.77087754875095,294.7568520589679,24.438289203257007,High
12063.589737415103,6.29394664858847,13.326316787727501,9.204772943345281,49.3981166050222,31.88076168381037,13.296242290097227,16.837672017793412,21.79501690795007,69.08673478847012,77.91596044890458,24.689517649086437,311.0621497155362,17.364307184546156,21.374091548932018,1.7504798418555776,0.7244962014808141,71.60977731175669,270.91530522095456,163.46418295786953,Moderate
26380.707774012822,0.8152119841492995,49.85039548384339,21.993071242753572,31.935738612009473,17.122711837164772,17.697018523447824,23.3031714218388,74.49961763203272,24.172578468266337,49.54980531659388,79.19269692711063,101.1110572266456,16.44826501324893,51.93106413968722,1.7768587157741114,4.229399940292172,32.37251049114989,66.49510287527838,65.04602464502032,Moderate
23087.518567605297,6.727538395661279,65.14483296821523,22.401189661909903,30.65762021289997,28.010248317258558,4.336214517413771,31.240921563726,98.25329114243085,27.94346770374429,80.63814807944996,78.120276752557,431.7313260651747,23.445791224930538,14.076421869922019,4.155338210837872,5.57538690480135,203.49458942731542,156.48542997800214,171.29674341076387,High
29873.595956802048,-0.8741960958806299,30.184954165574965,9.084626636165103,61.3381294534434,6.3797523826042575,9.552097697646518,51.52406008412023,82.4102843021767,76.14038178067986,97.86444403933359,95.76876913164713,466.8632552079411,32.20748164842031,42.985722901749234,3.9142024581960033,1.43743024219872,146.40305391504137,184.52320012630034,125.642171670257,Moderate
23358.838338211674,5.036859774607958,34.621672423451926,47.90721030307143,70.98938916848101,34.58938036547216,3.731261543082889,69.6273215480916,87.40150776185908,49.445576417383904,31.58574022518221,40.23316755982123,391.9955117575559,35.19011463302196,59.79168584012445,11.210669041665955,5.05907943257864,175.1824697349861,247.4985458536501,77.20375203852082,Moderate
20322.492513406036,3.406984766449103,59.09103223915071,42.433699700125395,23.480714272096954,36.80460890708724,3.6872974688891498,93.8438790012505,42.36730688611023,73.70672248824044,87.61074507674886,79.37432306361251,471.561177269603,18.88054097733581,6.199993833810802,8.719342474437324,4.248543322405113,198.21565100026405,266.83639739890447,122.90695830498832,High
4184.942106155144,-1.0346552980455919,81.83482347549895,11.422907177822083,16.833313237460427,48.3215178996761,6.504302563567376,47.528073179579536,39.23979458330968,86.53768962239344,65.96416776751971,24.370103101318765,165.10395397872603,30.51338750694227,39.87493092510586,11.530448444285044,0.2839175092242392,111.21705320378318,190.96522613509205,132.64361154867314,Moderate
13502.337304020739,0.41893828258838983,74.79395362423195,22.00331451562794,72.84570644744181,14.499073219763439,13.160824855644218,54.045720099164335,56.53435192211199,88.20979499808935,83.55648354297894,70.49965766092953,433.33720081413014,32.98942276166655,30.252382098968777,1.327472043939791,1.5433477461003435,48.96844864490466,20.18891891124246,144.26984747414775,Moderate
10016.880501178664,-1.875959637226852,56.65041752796668,6.348301491390853,34.492682455317905,2.885908114065087,20.049809386744155,54.354334617576725,14.115395328604542,33.77341163715607,68.64273120410246,48.06782592417438,254.66870857459642,14.767445262127406,24.0359816488634,7.432649290832529,3.7138996131961086,201.8336478502804,149.5701703602575,166.24424555634354,High
9295.647874888842,2.6876796546450583,68.41773742057994,37.692395825582636,48.59221734639699,28.18920629250323,13.166405496815068,55.85192021647457,95.08223210108794,58.90284578810772,48.15545565467352,81.512755163798,98.68025741292075,6.154723190095011,60.45346260844965,5.05950101519946,3.1139219690490276,121.63492521867573,266.5930254940364,40.35343902141709,High
34082.35886158315,1.0126526076000038,39.185797616623894,7.28231547291718,35.16802011640024,35.925944211047096,9.715962042900005,54.007955853879295,22.9406655714573,78.71413789059892,30.526744549761133,89.06434291483149,341.02428753603255,40.470625987711884,58.854198576540725,12.79410786810947,3.2620302646558224,209.32719425114416,217.08598473783536,189.38743310603715,Moderate
14365.322638669853,3.983574842977588,61.27724224790062,59.15605011749507,18.806163544223594,39.93955884238342,3.894118777745437,10.745854180263015,91.27117352512832,81.91844770135283,16.303170279804853,49.1856833774013,348.37772993882186,31.115986786608495,63.06998066776936,10.704500606575579,1.5451964627195713,117.859299488603,262.3411630087428,88.05971674122706,Moderate
31329.58287602185,0.9723780770861721,47.294527290204556,46.84092448127174,51.25321514634096,11.299468785190909,14.65679703321198,10.14660987933646,17.522399980032013,82.77407845831021,58.19665280146453,62.04688741594404,157.72376660321126,29.868747581680534,15.888267043252135,13.078099521153906,4.115020130110034,65.99885598746692,205.4831390195851,173.4855566915117,Moderate
22458.713283906938,0.9991911150698467,25.194890916604873,23.414312975039703,46.75985962387408,14.564137713777136,8.239177489113064,18.30163704072045,84.03624349107041,38.25338675044676,99.1293485074179,29.392324989087992,33.19679918123363,4.532808154115053,28.570924486232773,0.9824786993690828,1.7452265514333059,55.18617891363884,22.77015284634207,51.89112311987918,Moderate
28023.584320416045,5.431931987316034,66.13906191018057,34.713835936761264,24.209549143383803,26.604364412830222,16.143486092094392,18.6323112914802,23.676627329039363,35.40278541790187,76.42376245127856,53.35255721787813,115.9266843610704,37.168541472668835,20.96787779950787,10.896105296629027,2.4587228055750328,189.82161279140445,290.72193029991706,15.515504718895809,Moderate
18089.66116557653,-1.5185716402164655,54.51717098790576,54.680508972984526,41.63083312565945,17.86883887856009,24.475318000045622,69.91623726115768,13.431845268232543,67.20099746189567,39.4610987259115,48.86403146073354,211.89322288346563,26.340328711700284,54.05036049978419,8.238122776745795,2.3397123121044423,150.09894385658924,276.2253767652068,118.93536828834164,Low
20614.73207729621,7.028949951919872,38.68972655628731,33.245956823749566,65.7863252810952,43.304551356197365,4.560229393983654,27.41786276385998,74.75405052334678,79.28686381905757,84.44843200780618,34.64987678276142,100.4301973087369,38.45902994465534,46.106568920961635,12.427500426528818,4.097745128295411,110.08168160920133,46.70806657466075,71.68659302376341,Low
17745.60158984137,6.5226387439118145,82.90713520629046,10.469909183877311,51.32982721755239,24.74048737945857,6.878884170604618,86.05069890422709,35.22387701569855,45.531161242735465,79.20856001587659,91.55828998134207,113.13437515501,43.90613090068074,33.029373759275,7.755260686609568,0.7234660177626608,130.647437704963,42.68043838468715,197.04778094011039,Critical
7638.261585133513,4.678046832264065,11.674729426138661,22.72220133486956,16.784212894689638,40.37977491689614,12.88117437628562,88.93153801404665,74.30465375059146,28.376412548993724,35.34722140181111,31.84702704321282,207.86751890348938,43.15531379785041,78.6014808868433,8.241073445158062,1.3921430260330743,144.16507224233686,166.33276513833584,29.846156395922755,Critical
25563.371918891182,3.9322157010738428,35.26185209995968,50.58869190178472,48.361504806039456,29.86974850315298,24.27811775295638,92.95093372115139,59.95767254255378,77.3397106328062,11.287674081481121,70.85914860241498,481.657574868109,38.81184189477892,9.39737444083828,1.0609804998483572,1.3628830099733933,71.26286382906207,229.54474202149615,18.98754454066913,High
10546.260322989097,6.923024981396523,14.550511822211725,38.652780959377075,59.19168095027108,39.10832679762137,19.751624854209897,89.82191091539671,19.7926651207059,43.97582651040036,20.634637468055463,91.21141147839101,386.8368873956712,2.470737074748863,97.48966887556422,10.12728611602871,0.8288631098711186,103.86891122895695,120.83023146209358,18.553385525095315,Critical
1826.7428586694305,-0.14669820471285555,71.32218529773017,39.04346306002802,65.4892384046526,17.968303353455546,22.659271442745094,33.11050736307459,93.89170659710473,33.30901794493775,88.95755712808518,92.95748638905805,173.4792325887508,40.08626995418913,11.654407781531873,4.315156171394236,1.4040508772514624,83.71669430078774,49.5508274275402,51.20600209252096,High
22946.058060843705,-1.2103083780917139,66.16859632910341,52.00928914130935,54.038230504398676,41.90799785265494,9.675441514943238,53.33103179979856,50.708275728712984,31.817882271770532,85.29067317743846,83.45917598724547,476.7699530809031,5.227679494588756,77.30708125683694,0.5895006560286611,3.7209495539554553,106.27960398522241,158.06126864659282,120.04631210941429,Critical
7021.763099839664,0.39510169909538106,36.50817749890536,53.63838344775028,20.686071517854863,15.179471146449036,24.816884896907673,24.913672466739985,76.10025500188192,45.19276380213731,36.56881007905262,34.09129070993413,329.9104602841917,38.60134071760099,36.823018916083186,1.2766262888386417,4.446575391070292,132.63212017670764,107.89417950350202,106.05704099249142,High
32975.59186799909,5.945782787001903,64.05303217656584,55.18755430676618,59.71212866131125,28.21274278415796,4.36515476947562,78.52782068965682,55.09185148140626,67.41424527309964,35.66758836559784,85.39451273710958,238.61582942726727,14.047484950299816,86.52622291318056,14.372098451800577,4.029759992420911,55.73902167777599,112.01386710988416,76.51440291837669,Critical
33433.57161808797,-1.6532973327351668,41.67497809567599,5.690951595189366,57.41392922570615,12.272341432345963,3.218376839060319,85.51669493724816,64.39253274650844,48.67217909550533,81.3578488392224,42.12518499324997,244.7840954984706,28.23293855693481,7.416994878416205,5.38733615682375,2.9560912002891175,107.4760397224887,197.04580568371082,26.87069040921276,High
32105.38926749525,3.8280683508348963,70.50030331379475,32.64756011778606,11.709881805844326,24.825273038057283,21.678860422242646,82.35955134028876,37.249623312102315,21.652948127474527,94.39637229058799,93.79184219460072,217.1573445609881,3.636933939444826,37.47217101923378,13.060711740731037,0.5041205123571691,105.59119417712702,266.82634877655613,54.410048010920576,Critical
13585.395808685109,7.954375161913099,46.334693018936484,44.43057127309912,38.82233673131702,17.27241005641775,23.327092014760684,46.83619063923096,28.032427360310525,27.752674774224886,80.122353111784,76.72693451390796,131.83618522205106,35.160812933083804,33.54434065002363,14.407255340818061,5.762240661983295,82.21089695793174,171.99160194813683,44.987942309096205,High
1525.5249619814927,6.5569609383753935,42.98237822653324,45.41561070762083,33.306517287366134,14.801764670586284,4.08346322356034,74.48728019837638,58.831318306726104,43.24025977588953,64.50208093276854,82.82140488071093,205.58345226257873,6.803363256017774,99.31570382255353,14.166027675908644,1.1748434728574533,249.64663632857625,209.40472814059433,151.6766990596492,Critical
32562.831127982663,3.214456890435894,84.77839323906407,36.40297211820023,56.85884449775504,48.4152808653458,4.608830815154354,18.294229413982904,49.61970756739018,72.77635857176735,31.840421529862407,26.80259628015498,273.3902643408284,19.659591382058192,98.55489948896256,13.261361038281477,4.076843948352891,32.30246461365847,201.38462754116003,158.1898127702497,High
15558.261042788687,-1.3635909071335766,30.07032799125602,10.007240111020451,25.12950686176445,9.68355706336307,2.763005628382798,13.42080550263631,45.110189209053985,27.881205877482707,57.31731226857346,66.62120907548356,273.45312835050606,37.15017809998796,18.9803958666388,13.454205513181124,5.494765569796244,166.09351773214792,169.8323958415097,157.63266248174574,High
33866.26384748476,6.313735143857098,19.635787199725236,47.84523323649986,51.361034608198096,39.791640197954976,4.403673940782654,74.02509521624468,70.53104755851606,64.85254828005455,31.016067273393816,85.69137015189438,385.6337130620086,31.90000684985841,62.994696069833886,4.548418251811987,4.247107156689734,55.99307253606237,100.11986221910773,194.11770343868824,High
33763.0792210346,3.989785081772105,56.763449060756656,43.20668001089674,73.92441732699206,49.239918055194316,6.81665578640646,46.155198317938115,72.14559688100223,29.59086966592034,82.72102780870962,88.92722822179994,192.22297143552925,2.259835964896877,53.55194199109402,2.5266073868272665,1.4646879130959112,212.28813748201785,119.56031362396924,178.00520980346607,Critical
30002.321485890243,-0.8506700294043317,87.5457449827343,5.168146292942177,65.84616605460255,2.955271219523736,24.311762234930022,94.62168750286338,14.132805048213672,36.92922618795052,44.82649715659635,22.29053637869132,364.0630540658972,19.3303903853296,15.437349124073874,9.697159662692478,2.0316185328313336,229.8361859621857,101.5541015622207,104.58290196391593,Critical
11011.262330365913,-1.061427151766438,40.227137098174936,27.828589480462576,74.50204153515713,35.55331587402056,17.360785111512648,18.266608347720254,40.4870044819305,33.77508220446102,85.03274952946236,95.13273860440954,297.4840826089686,3.8028832294738453,16.777970610442306,7.47515220047171,0.37519402866435203,109.34732591310532,276.0744479797959,88.83784397274138,High
14093.322772465459,7.0962681943659245,14.962941090302522,10.438643971308215,78.4954176852883,14.139766666701782,19.906719586926467,82.72835293049486,47.05880952037396,25.37829084566484,44.344829618445274,23.467098664198378,481.68579417288055,30.960494015194172,98.92517284795547,1.7515767648190144,3.753997796884258,208.51743561386678,249.71941444802852,183.99601836479775,Critical
29938.646831573136,4.692002629380784,37.144421384765394,20.248622742778313,10.746908890431394,3.9434155677586133,19.851206284905007,50.798560569964295,18.72029450477513,73.70638539092722,84.17344646799022,69.16149437398799,204.9367644963117,43.66478514539282,45.272999362093266,10.25985734552944,3.7553592891130863,73.7287205972642,178.01073812685402,126.13279788914788,Moderate
11775.34817531344,6.292867993167555,50.474532345564675,1.084865532341126,53.59188934642343,21.33869978991828,14.306696244921936,80.30776661782954,31.23107800284595,57.072283790882764,39.99860336487178,75.47100220922496,452.58390284517935,30.176234278932647,12.58012920000735,8.57404211002617,4.407903371983,47.91609922237647,274.5506065825182,65.9357467348631,Critical
6762.753387327145,6.789789002822673,22.953840530577097,24.019792104645493,38.89875784312345,46.890454888202,20.342246487399397,79.45581898446231,14.647761750048097,86.48427527178706,49.61194341559029,28.587623293432785,413.9084227031789,11.648014538054898,21.47900387392543,12.987090791913454,0.26377847779860386,89.23139260461357,267.0585210129136,117.2481652658818,High
19931.242923583904,3.717723520483222,62.64817744451936,32.99261526937263,70.18981432345852,2.564724529615889,15.703573244969302,87.85932011577658,99.66178887553185,27.911267198585357,65.39395774083917,23.840949248735413,326.0788566029393,17.275020378861225,26.834806724854964,9.25500179661946,4.943479475181906,95.2933932643961,279.03137592803216,198.508390312264,High
32829.26232146655,3.1744635175504126,89.81995112081604,37.17495556962521,27.62702914063922,30.21851321262952,9.234560244877226,35.31725095931874,76.290148267286,31.57863466704578,16.32588526269268,82.79297235605833,334.16694403621625,43.99597389331411,51.09172633186193,8.737008841909779,4.484523552921787,108.37902302461106,74.31441872010454,171.39931142894883,Moderate
24665.013086949082,2.3042741032099023,46.13915807851551,39.8094207077226,78.67206423805533,26.067030972575566,14.905532501673218,90.73294504427027,17.87051408524783,44.516618508036046,95.3386355633918,50.77364998379472,60.63196861107713,11.634253717391053,33.55481295063093,6.7790503329896294,1.017142335239715,102.6453513600874,218.07588095152946,63.44314605131291,High
20382.079783038407,1.1694658779111928,38.37828453841701,50.177478786147596,52.95955786806231,43.92243988981028,14.27069748109381,22.891691630397723,11.82244418110829,81.26927895510465,61.624520751142285,28.569001225209895,476.10781068484755,26.145750141341033,45.5011785889921,7.102969927366393,2.216234333760076,111.61894641986842,186.67510497781552,191.0613409242712,Moderate
4304.00078820613,2.3459596085871173,42.05633334675733,12.927774436543801,65.54761815601816,6.032082296990032,20.939420236464375,16.967346095446693,74.73590201370521,44.4607058524559,55.703801322172204,81.01342531101136,71.32931047795708,19.219513773315025,16.649955110136272,14.329404036593006,3.9034443788444575,181.85784096420554,222.81088497203606,196.47780118103202,Moderate
21910.24570777177,5.738796557301564,19.21169427161609,7.228909346308077,15.991968697593784,34.713249434559216,24.57972599977816,46.68731897664968,49.52729491144002,52.67349659989541,85.54545740079209,87.93304561148965,290.3519881968834,35.037557810913526,32.67286905875062,2.3351563381835176,3.0756218746539017,72.71133122344777,86.38001553630329,53.92172228892889,High
34661.83090354495,4.019234310151315,80.6618881140979,51.09223031387554,22.84205193312055,34.64526552479731,11.453979004681402,80.40745233455662,80.81170381581184,44.12828530377317,87.91864569071448,66.99089526070459,178.43398421559417,39.297738695135145,7.031659271775403,6.85941663315815,0.8675467306273221,19.365265004803597,211.49463071710633,180.16250251525483,Critical
5762.856518041817,6.925232899548462,43.186052441708156,9.396768893558994,63.088257112394224,34.115840809389596,19.557985604151273,50.240796103842875,93.11284340365454,26.417943344082396,57.00343640761144,32.89894467477165,226.32894957912885,16.65600279706276,88.97102734758488,9.940660338724589,0.7066031757922215,130.07492957459885,128.85026942377223,177.8085163627781,Critical
18623.208180367048,2.4338001437918777,40.98195291398731,58.48560488017172,11.539056542752652,47.23205575688178,4.294549092877071,80.48936759009369,63.937035011473526,95.154689831695,93.45360932142736,21.217797719319265,312.8878452016722,30.397043639073452,19.875247716857825,6.665256490178874,4.732446534826931,120.34844238814304,251.88662092882709,17.553178914467715,High
30830.684445550483,4.07089578718754,62.77522183443794,50.55229376391822,67.1814590125648,41.508201392330264,19.867121497310638,72.02337849251595,26.839758062552775,63.88311936569511,15.826398946883256,76.06419850415551,456.2486613835144,25.609050993262276,75.69001354287388,4.463269717499139,1.1046092845032969,29.115272613206155,240.65606029691418,137.24094668172054,High
26186.13300364295,4.313075530919887,45.36267367448988,30.05259635337595,10.976431308433801,4.014690859688288,10.542588975844339,27.80141282180935,80.39746324418073,83.02665505483974,20.19032130260958,64.01117398602534,239.63221931470468,13.973113072383635,34.955178820334595,4.5241533502139655,1.1981375087965729,46.44332935283222,71.29370714908598,68.00333547592217,Low
24698.53519383911,3.9169716230632554,61.858677504627686,58.88528549532151,55.998318734289136,24.611976833816634,2.9059737464627933,90.65493811645442,96.0230568856937,72.66856737482368,63.71094070129961,72.06377133760637,494.11018654709176,13.693454520959072,47.43973189397933,3.734743879988421,5.019354127069194,134.83141025095006,63.318030156957875,138.1763990334564,High
24884.458855561716,5.026337730855163,14.915703210463,5.842603746480252,35.55657441622641,21.101746697664005,10.354662106930077,15.16639933349929,62.22081583539604,61.140342324958006,41.86592756142253,85.05477361596766,304.54979136871987,25.16116084388907,29.126103946122683,5.355377048571418,3.750409880466659,70.16642860460112,218.14219917261116,183.57615189614626,Moderate
13222.699141471676,0.3743346837480628,75.0978674977782,18.1839456705061,52.80463969034394,16.8870666123585,16.04478327119783,86.35377514122257,71.37977025526601,27.17426053275041,51.780264957027896,54.73822215943777,97.06589246824376,8.622123561888891,69.64412711073699,13.113619201078436,3.70735052729304,221.23559912324004,169.63771947116655,104.7680571180085,Critical
10982.122704992775,3.1236377754579063,85.2403162303522,38.29346490243669,58.72219848923796,23.66416280739667,4.7427538566737315,35.87769316418179,40.37272255330058,71.41868362162435,39.52712961074499,29.961237506689635,111.2044615190011,36.864825548746275,84.45464192747075,7.726800889748029,2.9802054739073722,55.723734317981354,171.5897140977942,88.73843784984402,Moderate
28518.279286269462,-0.9577519719165233,61.901230892750874,21.000412108390726,33.97326534304129,20.441320876446916,23.252793325895855,52.51258706897394,44.33749251942801,32.42962847494657,46.425278030044204,95.19866283126612,363.7332970828405,4.967208085617287,28.62701847395881,3.8315093027439304,3.5001710835332878,19.728818484401323,228.22944380321283,185.09094152560928,High
28543.855419092146,1.8451132764481253,86.36527430870485,55.70235311884751,17.55737136775849,22.752027194175938,3.786465505275287,45.89990917956243,76.11890480677575,53.15065354850213,84.03817124316696,63.62097017974858,44.19094123682324,6.066702906957602,24.221764366359245,5.952542740290026,3.690264204156504,120.17748580689918,257.9415299763191,195.0818343703212,Moderate
30480.458831723525,2.876670686212644,22.114585149597062,3.937565290669054,14.875210742378595,49.004569549214835,23.390154556162823,24.605937337937874,93.49939885661372,70.32905147843442,63.41285798688742,69.22352952708323,250.5639565866689,16.715731283872508,68.1440265463897,1.85570705755495,5.813392162092766,246.74833099294003,79.29953117652786,21.824902280822517,Moderate
32050.178786920023,4.522242595454725,48.1932951584283,32.96470992365787,51.22552157937835,6.254382787979877,18.26416291252079,40.44248364414392,66.60895485019171,82.57832003776987,99.76100943551484,94.6729143641401,91.14517270568797,7.077945602476734,19.515306056772086,13.589325374159449,1.4932451833119595,163.96004368202196,171.10646856925956,185.3411331381594,Low
18385.641561271885,7.5053105258620345,58.14453871563578,35.45197604370687,46.445874761387806,46.26708175225903,9.583380034526684,26.3994270848876,81.08631176368127,74.80361405668957,80.81912780388666,94.52669250482104,227.9449448853656,22.455100913986175,63.983976560977226,6.30050813174405,1.4444620342626626,98.19698449655225,250.39686575270238,25.72602136915888,High
18051.554019364787,4.0065106654835585,56.538931793694935,39.163687426633444,61.95407063847927,25.05136224660928,10.987257997309143,27.330350414144526,25.44715156738357,73.72268232437031,34.6299628691644,65.76756853825388,379.96036259442536,19.186063289000426,9.442807969363553,14.711750707518213,0.5318672286908309,18.963982694946708,263.1103096465507,74.08438054288203,Moderate
28142.036084870357,5.435939161765598,42.11694232712346,15.339973399908866,45.6814857002756,31.939627783977976,19.038615388853117,25.899831062242328,29.076318123217618,31.9233767340166,33.791060595402655,43.808913977714084,240.2302055558884,33.03782122308583,62.01371599606872,5.408819966959032,4.017553033094069,128.96288333942329,93.34872261816982,154.88908326176207,Critical
23098.773646444017,3.0626605949520274,37.04675274930091,21.873985651191866,39.57120530216154,41.8487823976493,15.83383532026777,51.56647732946051,57.883121815005104,47.69028320572703,40.23084431053064,99.76909072101914,98.45653231084495,42.97917867401797,51.34067340104331,12.59443389423868,3.3844446487691187,63.519510502531105,40.20461841327864,157.6370265685421,Moderate
24866.873826761916,4.341040313763314,20.145921804033506,50.62083177989866,37.866102476536156,19.302225399164264,17.44778719346374,77.82416623846183,25.88987730185565,23.432981812815534,85.89335325829684,74.46536719628287,140.92417777118837,34.403019143782416,11.390571557630835,4.068864105384362,0.8451873823105107,167.22221007996183,77.51874362455618,147.90615922904158,Critical
28056.950760827436,-1.2906778386622657,41.33939604498225,11.69656613820959,11.851283181836722,22.66025158822241,10.95078617981004,58.362452869705486,67.14955631988312,77.55815145411717,12.455888558550903,52.674934151364525,196.41900255304756,9.716292503865986,64.91036348645997,1.4194475326507527,2.3143258236854862,152.0069960268558,284.1948590642129,17.43137273160299,High
31260.181621797256,0.5439158084184701,23.01286520843881,49.61207083040172,33.489004118766005,21.65688705337827,13.219710081574776,85.92256002682156,36.24878668552291,96.20687850539353,30.716315098413194,64.78694422828718,53.38936807347906,42.22741527496933,44.65571570340758,0.7664804166048702,1.236246590920982,77.32523721598847,144.11911660621212,35.26354912457772,Low
12491.835332952218,1.618530932051387,68.74925411937747,33.75932537416455,78.3214110267146,19.987089081716473,24.76695213287155,64.10628152902156,81.23793568002027,41.12883121432606,91.44265783098403,53.26672402144237,300.4820653189385,18.86173759978189,21.71150508170857,9.210675871678319,2.122594094324997,31.187442541387835,131.38639926124722,187.8811346617522,High
13769.820389758097,2.7249335500651357,26.7064748395672,45.73125067164493,71.14889033589621,46.42540743905096,6.920226021493507,68.59390982877139,82.72993119529092,27.015736732984745,67.59067924749269,91.06441218373179,311.6162198134641,22.390142519857253,35.33841557021773,4.880132973601764,5.717332182488739,192.42951153947865,13.794461132920947,25.47766379521925,High
4195.385954589547,-1.5435125449761626,14.685224422762708,42.816441975808296,33.05646469239524,41.788634777264576,11.610692290009023,66.74661452679527,51.740871017981775,58.045606140292286,30.416238595095077,58.59994998925969,49.83292502363238,20.12777820693733,49.210210563892964,6.819742242994677,4.163249265507067,152.5840622293414,24.794258047191832,24.92372422489216,Low
20661.524793869914,-0.5997590244668232,54.18929102537874,12.45068972309274,51.14567835464605,7.231999513422853,8.711933314201248,48.204031420618,26.272957153387175,88.5358578502055,29.72304714093223,85.88227007849977,213.10943416359777,14.063522001371915,9.1554227264382,12.334111423331692,0.2439007846118233,212.89966863452767,203.92181954766986,168.77272817399535,Moderate
2222.037309089231,0.7681430779130576,57.618378617552125,34.12876418603237,69.31077218748457,7.18992091890061,19.597564740116546,68.59379988700704,68.20974649737393,64.15793562174238,87.63562915834875,87.21410382584031,218.72032778466797,40.48690437529181,95.76094831283542,3.947188859713591,1.6645468279479172,76.05300367462833,181.04984993024897,131.84049311234838,High
16830.332616503645,7.715326909010507,79.75304490244044,52.06338916830554,40.889203572504805,22.537736712943577,19.572290390311576,15.925158449861698,99.35083164372277,23.742172015209064,90.43817574493418,85.94658701881987,180.23339290524856,16.286271233554494,66.55621562121212,4.837191408003225,0.2600969730511184,168.42258522339685,176.90320656366708,76.81465061058411,Critical
19449.917580057605,1.3134700710305074,56.15852899341455,25.92697420811576,11.257050462510566,6.735554083174835,8.726245602940105,83.08737511283137,66.03318081482709,97.94177924223568,33.051798186590375,77.77508899805396,287.7150753589337,26.879648196220494,10.2534981287696,12.726441920362408,4.346237292858349,42.889917624240965,41.99363404709675,41.48499254360901,High
10742.40257236167,2.820410581120825,37.63846829787566,57.995446213399006,15.215732327304805,31.716468573013742,3.871977282558607,76.11403219273298,13.219722164260705,86.29199279700805,47.8459322268879,88.39021734460655,186.05959522885365,12.321444128096198,82.28621843284594,7.543605418149509,2.9226464519217745,83.57532836045827,112.09773917395252,177.99237977963483,Critical
21088.330859346366,-0.039022872616070625,74.24095052210563,27.132906006103084,45.727490494409466,8.897197148563228,2.262951563460693,30.8445464496927,11.556457819037432,30.527526164120815,85.11361647654854,50.97836636983754,219.8764541493469,36.287141115117755,32.25549309461454,12.466677955671567,5.9653084125234574,169.28669129118185,245.5838602056429,197.8221739494173,High
2037.0084979276805,4.107800710757683,53.22231145499369,8.567138200073082,77.86075629731148,27.07391667040645,11.831362264577166,75.282758611597,38.83257734430756,93.7438205202807,79.39066947488969,29.173056491356828,402.8113027719707,35.29054235975502,59.67995367131839,5.80479725095485,4.454782913931418,209.01160670902638,60.72425493582481,19.49462840413754,High
2269.83841747329,0.8068321551597428,16.34242277049534,23.366080804660395,58.524667955320744,2.346557456178452,11.43776466972273,11.074621119001572,27.62054261743644,56.05506308841509,83.2524495909476,87.39633634980116,97.8124906064967,14.74142195322289,27.714284157957326,6.156038718158494,3.203895067705715,90.41749290968652,265.97930278490657,115.28154259713834,Moderate
28968.41906242838,0.06992578438426778,55.26804482505973,57.10214438343223,14.964133400699868,17.19662472380704,24.732967208716847,28.465958660874836,83.17460864289774,49.7518392459953,56.65583717091719,59.85347325498762,317.175053745642,31.306825145168506,73.34059449146072,2.7569339181403665,4.867291483607184,202.73058579077778,45.22870710118192,59.647681132104864,Critical
13246.481807982938,3.16572628445979,82.64148363373299,19.183250960391256,23.255261305430395,34.50515473628746,12.805447741046631,15.536665287026155,86.03251003324004,56.88426644217506,92.03941434746558,30.19008260222808,262.68531281160585,32.26656192308283,72.30089750001024,13.770284047846005,4.287861177157641,174.2718281642214,59.05330573595656,168.15349837444379,Critical
5320.057430164083,-1.9449420083957918,41.70501003985764,52.08588959202377,63.992620025179505,25.233869130936725,7.897622500234674,76.31928791252105,33.27568941794286,86.76575654967577,39.33563895589917,29.225001774560635,166.43438599008755,26.187990892504946,55.2043456872418,13.48272030198536,1.6139018302887254,96.93857130428596,148.54748873458126,75.75388743721308,High
18756.27084186335,-1.9233596735077467,33.70606415198401,52.87504090091339,68.90078319693714,48.95693532795143,22.49827714372375,74.2493028501629,39.308029925490345,72.75837426294287,24.10049209127662,32.739391520791415,369.21663511539714,27.825730437681816,24.09255924715781,14.76799011410217,3.275497993999596,220.95328036994323,284.13697229007585,145.77956494540456,Low
27179.78080535277,0.19068809101857775,21.477556561441602,21.011191459917665,53.23862103320136,43.956982211178115,13.294562842032304,79.1590620231556,31.26222709436032,24.739876191978205,73.78590993083783,80.07786077336846,284.570412579751,26.70154944650422,25.37038075121455,6.215972769394759,3.424792604037611,134.66883051832633,105.56882666217285,112.50945008999264,Critical
8337.914934892668,-1.6327863749917886,22.115641754828587,4.995459483037927,55.10962187408716,19.235397394071256,15.78103960984329,10.38094393266995,91.75442926341375,96.60834968929368,58.54189744062067,76.8685338773025,249.13353294113375,5.520169371778362,38.28627966949429,12.33363964385204,2.81714385192526,167.3380032983293,200.88321813183418,112.88944250304435,Moderate
22178.276177846008,-0.9197424586930862,44.62171874734551,43.473474549529094,11.983621526836925,4.183353990669181,4.200380339848891,52.60478176766468,55.2384401160054,31.822730678265422,86.91271919285329,36.30549441479066,340.48127109017605,30.821409822692754,14.50121673962853,6.399819855580143,1.2393172125610994,131.47336534731784,180.7146642368321,173.01989192428007,High
3901.813809788112,1.388606493387516,57.65438593292237,18.690737940839163,67.99711817070559,42.590062405520904,10.807077368584803,69.9110767889736,69.0523339673818,79.64543613882809,17.304332421224345,87.75387344878362,405.0993478310532,22.200325423063724,33.76557131909236,6.9781921971382985,1.4955404996157446,121.38919071533049,53.39056458516168,99.3768409256672,Low
2757.1785197326617,6.025856795798129,16.44923241356814,46.97541685545434,65.17926457195807,45.73924689510423,23.717144512897097,23.20909594281631,47.3933878029643,70.89092243425048,85.93231630942601,42.50358364225959,486.88101921611656,20.85366306328078,68.43546012483125,12.500991085843921,1.8300749255445772,214.27476355113126,81.96840140430736,170.66391148745132,High
19066.057473317032,3.720486433693008,85.16548712201326,26.559290895625985,28.1324600872343,41.390114884113764,15.558623836034785,65.23221183857311,66.7912774154078,35.00224383572487,36.396518788794,83.4388466651958,322.08817682065927,38.97996640761743,83.08452800594213,2.907291532030076,0.2594798663933497,84.25553753407705,279.74430406670837,79.05109732713933,Critical
19381.59413474362,3.126677259564164,70.41068939561568,29.116004540557295,59.607370397585484,8.141597164148713,9.923542668276617,17.149358441323287,44.72698390495625,33.65856608904397,68.93701004513647,59.104472618795356,439.7311929921838,2.9987486788280613,33.258229049336144,3.538570736587759,5.518274574583154,23.6078672554753,63.600590859398864,43.20875906821796,High
22672.616650939024,0.9348882320812164,56.929913462693015,46.67456440491221,25.039822449749867,49.89992645178981,16.390345154526642,25.41269776886662,40.57105939563029,89.62620749637536,13.611591017043022,78.5238946030853,20.523939691019333,12.806541472226472,23.359025825436397,4.92650513381848,4.179356751184177,221.7489212330659,211.55286802898283,96.54070175475687,Low
25687.105346570494,7.317537194328164,76.27509367511927,22.941799863697675,12.82311127360591,14.412042634533144,22.93945506029667,50.44272927454109,67.10320658561322,53.57559387996777,64.86231666732407,50.51101304588527,274.5131325084278,7.220350493238093,83.26425783351343,11.886231777750845,4.1997804315499305,208.880628967028,289.7613999540883,104.68759846163421,Critical
34178.970701726175,1.9701504123719165,16.414940544969063,26.58764071937487,24.07955798132641,36.76183581480176,8.301783810869571,65.55303797789367,63.19558702440903,72.36612113393107,74.55445202686023,47.771247767582075,123.03082340969509,3.519664918218208,89.07040273859212,5.777977775710816,3.5195175600929036,101.14171152385899,44.656737738660645,100.89280755118038,High
18554.211842240642,-1.129072332042285,48.14711021864995,22.571428126177327,22.504021372800963,45.585674064114635,13.617684524825512,22.398875791081167,36.41751587511547,60.32568030853386,43.18751930550582,87.30876791674659,65.21237939990584,13.854110900065745,41.00215233120643,5.565072661727195,4.198002687334143,58.58101759572464,125.7627771543212,163.58277825706364,Low
11980.520080002363,4.170665161178013,60.40745014893307,22.040430916636797,33.6423597714393,13.312981487874053,24.049885039970373,25.74398312062972,23.441360528752607,78.18828136607677,29.386963473592623,22.82418036112557,275.3460881909082,44.50447973017114,2.690415384963385,14.982600275252054,5.894802789267091,173.75040611639068,74.9403218883938,117.28899887741845,Moderate
28036.330622135923,-0.8616160652339859,76.29223248946315,31.556794614087565,39.291464802282064,45.59641062449917,5.965111295864411,27.377941200581354,43.17190244543239,58.33939000314644,58.38676089431905,97.97895578060059,378.47672295156514,13.619854447925672,69.4961620894152,5.941950303562348,2.433929958280061,33.50881235437522,74.25284004731743,178.80437363417255,Critical
10208.296542910524,1.4522314280169208,72.67756480394141,48.52796667006904,45.59772240483955,16.855115801353612,18.552270288724365,30.28956839941317,47.36778752277183,42.99039322044547,84.98717239920819,71.85436466122988,217.89081078770226,30.53935025121817,78.40332361831295,3.9422268838391283,4.33264840388407,114.58236755162,44.505894759907434,107.695244034029,Critical
15925.028303991628,3.0741193871780883,32.16553997707197,21.706098715353953,43.37277128558297,48.8678346744347,16.133063188668594,29.257077124734757,66.58159000821443,49.070669679719714,39.119262246698575,54.598671055955364,341.65157568532874,7.086852271751023,1.802425316444023,9.461241069553868,2.2852682253896637,35.17764556190732,198.3698433575251,52.69586574758081,High
3667.5169656370426,6.742225246851758,85.27041356473634,31.4552832322642,28.947222417570256,15.50048097826278,17.632528016234602,43.58767422229912,92.30758872731774,88.72621555602741,32.72223677691516,70.24436249203401,255.06524184365597,27.879448092030888,59.503085334151315,12.087635293738513,5.15487503273159,155.50877370225928,226.4396178741064,34.604209649923,Moderate
1861.9252761255552,2.9354658034011862,19.947667314469626,40.24363952655605,12.041946800185212,47.76491958837609,10.078051505354102,65.57212032112145,13.256631777963262,57.44277543381816,35.10417777739189,29.819275716718625,229.8012156605245,44.33270377494747,58.836875824417504,1.3232351557304411,5.176565919962203,21.393970195263044,206.27023390668631,174.988935979478,High
33730.04609904945,5.022587660316643,80.01068948969217,16.166366778219302,52.357113556600545,4.5701432428483955,9.219225590126594,47.232701566429924,31.929491128766042,37.07594657956874,95.42189376249979,61.12419642348381,159.32318740921312,14.549013508800009,37.8707908747914,9.397715797735582,5.433145267456213,162.87101827406323,278.15037270955435,20.672831791420226,High
29423.324097415,7.928168389990704,87.67521996836949,16.651368294143552,37.70213808931481,36.045056560151025,17.736822423532523,75.9577822437405,27.434434805160432,94.76843104618025,42.33492241881037,98.80764186718382,203.64488696048218,38.46725150415006,74.97673258508377,0.8253112014393038,0.2316872806028944,173.2033097230082,52.24685452823571,32.345826264754834,Critical
24663.12300718573,-0.6851088010201838,24.172281857810045,56.00478762140729,30.90705101712848,27.541334424176178,6.957495557404543,71.13782300563226,55.206496782440524,83.72803651987016,10.324381589945846,38.82155502773655,187.9019027813254,44.895569355761026,42.81790381143607,8.037085559398914,1.92951038097735,129.4789515369105,102.75515828165179,22.095118594351803,Moderate
14904.400110085176,0.7473152551951951,67.76528513630282,43.41207439986532,70.68587299813586,24.93809970189107,11.652059131757117,20.754787694171434,48.67307263388439,24.45329168449593,80.35130871636578,77.78224792290796,330.16984832714314,27.307825814991993,67.6775951791364,4.077775987239795,0.9767612369692571,56.12672238493879,109.92611481371223,90.50949746454584,Critical
6892.006882408757,1.945760755976464,13.222841502239877,34.63120057339853,62.27203154587119,12.72772708428032,6.328016859217114,14.151537982263235,75.61338614381695,99.91543695844142,72.93473158018512,54.797710066536055,75.68888541398698,15.30424731840552,51.711730463515195,4.80763295579583,2.8331199477629094,38.8275755773937,77.30381011560235,111.19696711478275,Low
6318.859450816925,2.2182817853883137,42.433826011132396,38.86320326523672,70.04358838607095,35.868597909271614,2.191011345836584,84.62503293996652,31.817432129037744,75.59413571520818,21.5711438142672,72.1966518790363,64.46545697014687,30.961844175663717,24.84646047028439,7.166310670541024,3.0736079275399275,88.62370181219576,51.239433805520314,13.77619889429414,Moderate
9508.25853759624,2.1102107526554574,51.302663935813925,1.757966586205102,44.64879562987227,11.15885558942274,24.311319280875598,16.78564065784424,63.50485291747827,32.821327923246955,98.64138242214213,36.39097829534204,336.806237220061,38.32847286955061,60.650086301013175,13.92847967296013,1.684243448412002,124.32356970600291,151.1440080186165,107.96137170940482,Critical
19673.706600008096,7.07611002556555,56.45161807277073,37.08617793370181,19.165187648874422,28.536406207268875,11.929168509097638,22.608830361175613,89.54715372399633,38.97341450388772,64.72560567746001,57.63719860940819,282.22307354186273,9.368060447365067,73.69084948458416,10.746809406841784,4.395989653861409,165.91895445853845,251.98749213375424,84.81429954521894,Critical
25296.26137180212,5.140326444668564,84.87497985988476,30.570532393452115,58.73550052848907,14.155777425932039,24.29504113165598,11.881328422440035,91.96099659264742,75.39563849932375,55.070154184654136,98.40741710874201,226.49604643647564,21.458177845182494,97.39056734370037,14.071630265382097,1.764664359696022,15.293779966847412,286.8165204249623,156.99258466662064,Moderate
23446.710808402862,4.079052140907038,63.78005498353558,32.74498078676614,24.42516459560227,47.869826229505094,5.2274409546600005,63.408591050385574,96.2906144252528,82.38088442232976,44.39973408606019,35.622972081280764,93.1725845157937,15.72507153532516,38.01089468024135,10.00157376701256,5.15256997664348,182.10002102031035,47.50878334336433,167.69175813178242,Low
10517.752496162057,1.0937271786278209,48.50223609753896,21.565429609849026,40.88607683642017,3.3742973041113355,15.50943592752218,59.50149786845963,79.59350368719898,39.12287545198449,90.88054800072742,70.91560222790056,217.29301369726952,14.184436869382335,6.44725446663511,0.404483882191537,1.2304243352223636,182.48730404943998,248.7155961410934,140.14381291337904,High
33465.419542548596,6.237903842212948,74.77400290127115,4.888433862776513,14.550055226422195,11.586957445339355,6.622402754198511,93.88681164699673,91.53891156330235,40.55750831194167,31.956713327670695,66.04781990134363,399.0712463936056,39.01531421182742,98.79712212213518,4.204102401010861,2.329964709638645,119.46638452573747,249.12852565992972,99.96415171015855,Critical
26088.49516765613,7.550605114849889,86.04262567635271,11.60035401672313,67.77158816960878,13.63090910659749,20.171704920155317,85.38925368695962,31.107778478674682,44.569655589764864,35.71920101979117,65.20412690323226,447.0181931788434,20.131122293339057,62.38066594255363,13.614856892489497,3.8089789988609692,95.70051475076866,122.80365525024442,51.06823305797774,Critical
19848.037785387623,6.211982825502265,11.765291894583267,57.044682792760305,18.81584487332504,21.875255636855186,20.02516874150243,44.921670085877324,27.78228499154293,67.84146918693094,21.01697260179102,69.20986317212936,357.23675358282566,16.58028269756825,94.64504581607692,9.758649158225849,3.710943408686869,212.94251269753428,41.9085910021817,170.95182478748643,High
21798.505371967974,-1.984348948085271,88.6017017804831,24.521973736256037,73.21682549345168,13.17105160976257,4.589964427904171,41.584796477565476,10.58392754024738,33.74529426410216,78.3207186025834,60.179037895058244,48.7578444228228,27.95095328131859,10.382708601111934,14.73021437758304,0.6525688496298323,199.37805827733857,297.10232195950044,74.9171366084392,Moderate
15266.402122544858,4.36401370183407,16.890571125094425,28.00098934985185,70.496142158309,25.58475633290169,22.97748241615695,35.23242291379873,73.61599216861885,28.3394559107822,63.5994352365268,21.354460020612642,341.7966927685369,11.434267924407395,34.20338398704577,2.592671082508945,5.1082999507075,246.06988080166514,200.1219788533574,77.69545856704035,High
9422.853643039354,-1.4886461855789928,75.15094234150091,3.1625873912063396,42.520793510747225,43.878345116409875,6.476481885674167,22.954588203219917,94.37204690323699,74.30912712684108,64.81595523290486,92.00774491704942,135.6730829822214,11.885420094427396,13.39366988727243,4.662193146665835,3.668776613892696,102.40373925465373,294.83675156205834,184.0421939655385,Low
13103.071074142894,0.5760722033372185,32.426780204113,2.2539737726388354,62.10577430127935,36.1790442276402,16.09847885655529,21.73711081117077,26.824181053750877,82.3278351834536,29.662338791751726,86.15830619872247,171.32059665267442,24.3724154274747,83.55101545820595,5.626804594900434,5.245185382501577,228.10566214141812,150.26009954855095,195.36347856360348,Moderate
26766.76775578855,-1.4047529965222831,20.574372620309738,43.03088682280546,53.36115516727073,29.83817506568533,24.66957326201719,21.24411518081646,67.32492178841909,60.074352353320435,68.60515502143755,33.93341447368971,114.01913982079257,19.598727331785916,88.03427414293161,5.100399927059465,5.232286353721637,35.53944318484379,124.60596998165133,180.64488171305578,High
1489.3786134116995,4.037954529493877,45.18845117710679,32.28567984726668,66.21529496364215,6.272152543168623,22.29512029962637,19.699754360876177,77.18137832995998,49.10661682147083,78.89126025221776,53.061854190309525,392.3627794976982,14.68424250865995,50.13116998750205,4.004275493203245,3.36632840417518,111.69452556895028,81.6837880314316,199.66459747660542,High
4946.469777235152,4.865899134926067,61.516526355809084,30.522359052976,40.22635705501384,35.31162120268523,24.000970356906887,30.443523604470638,93.48528116332508,54.56341708211811,42.20996776531204,81.64391845548543,331.32901886589394,4.319898687786394,18.660621766203043,6.818946021624634,5.48253245240634,124.36291790593486,295.23588051388566,175.0926803412807,High
2564.0898287395935,-0.8551236193409488,40.476147601878,14.58747182536012,65.0065938971045,9.987885646925113,9.879771738016746,36.0668335766149,68.21742016154994,51.07262670975615,82.1212429565541,98.40498523098275,313.6808262076068,24.393292261456427,12.711896903970853,9.741782413529757,5.120765233118044,118.60546430781267,83.44460814405936,143.82792834781554,High
2384.7792788449847,1.8383888304497948,14.365232662615917,44.68504389779533,42.37197719456036,39.7456345261615,4.428239771047657,91.73421253830784,97.32643594738771,96.79879265901403,41.39115296788188,96.09096371534291,340.6268526412525,37.11419584084623,58.81641100802067,4.875476766434431,5.757113078458272,161.89807428131408,16.8911993032346,65.82568591857984,High
30085.659856374245,2.5623650895554206,57.956891172697325,10.094194746509512,75.86760514899557,14.002724408487353,6.331978085657353,59.17022633516029,41.0205826911293,81.44719241753123,78.2324615358359,91.94873597409394,133.65068547387364,38.609219827300485,50.63763245853006,1.4715888727195585,5.132890711644557,54.9988421269697,158.61583994065856,191.06183929097648,Low
24924.367218920805,1.690530217609166,82.19226208885398,11.396084619661202,44.04604705776033,22.018338959403245,13.511382586762117,93.94564083362889,41.49356803942669,36.64697718800882,13.03570967119471,32.66991178393117,233.42931887617357,12.123919128221448,69.47891023676675,10.715428145329502,4.962982335806667,218.61626035566923,119.34464298476547,176.5590980066132,Critical
17121.910188969057,-0.7897499951480695,40.65722927578014,27.64273028089653,42.383349035361064,18.82256971126054,20.24428260028641,41.659690565182224,58.8711259012911,50.73513216431841,59.60481413262874,93.15800848072038,323.9617863435148,27.784571769741998,30.52072626199912,7.047543369984648,2.922290787926087,144.66454435681524,85.8009259944867,55.74189055897411,High
4326.36146213405,2.1894779018747546,27.306622210466163,17.176791726716452,64.95503030944589,43.223067904393126,5.453533816229131,48.89826377010249,44.51516930043164,63.52098330904879,97.25739045758979,90.27559303608635,325.5651332567842,38.80289630690643,40.23679950243623,8.48028989952393,1.429780150191981,227.48924378311713,194.0363537795403,102.94086991594712,Low
17714.9397539723,5.511780478084181,45.40618767462523,14.847778873988782,67.51043842325865,8.07413401824359,17.173825241997413,37.58918602904873,10.128315545877935,69.03886896509508,98.31201406141517,50.155992893311165,400.08889412246265,19.575214915879386,2.1361073851157375,6.994389660309551,5.482110651837819,15.618436345048915,115.63789832036845,23.310575518854527,Moderate
17098.040206539234,-1.2899233546674453,13.86901688390247,38.7142586731999,48.81423800248195,29.150954354469853,9.442284892908773,25.54545032620698,75.85948225782886,57.454711682301365,35.35773205075665,51.56180756290097,157.80990401029305,42.081883144223724,61.01430450755289,13.388255300787181,4.390785281387239,163.04720669435417,126.65275761189312,191.12868402077126,Critical
6888.863576940516,-1.1981998591809655,75.63900675842198,39.05830471311267,22.58584694465528,8.818957253266987,9.84764766501953,22.16900016109423,77.6545337330635,84.81013080095673,49.72591819723199,56.79271375641286,389.7613384144748,40.82807675257077,42.314352134647784,8.513551458345788,1.8341376123514175,111.92759401088573,16.68322512927285,118.82598226707663,Moderate
15750.956074091084,1.5477129183598421,76.10726487601494,49.47102418799575,42.743076167030566,35.83020013434496,17.224107793632307,90.33173181366571,77.22771442180934,81.40848155665853,15.668011718796976,72.49405047731335,231.28855069612914,10.949757589008804,91.97646338134479,13.87216954582072,2.1777751919827266,133.6982795111225,180.8305692803867,56.588103726351434,Critical
14549.160969510696,7.417257116189251,57.040037074370275,25.06251401837855,77.76507520367748,45.443750134135094,12.740986649264064,93.87890795289424,41.05185999494199,60.41263349025334,88.60071768441398,40.86684927864126,341.6828921882887,13.135487814708762,64.17862977048048,7.805457520873203,4.179255368771879,189.79406003336706,45.400598655642405,65.55586958853638,Critical
21938.90333377536,4.6857264672291405,38.24823111507116,4.385105461569014,62.709033512742955,22.861167385628164,20.67676573959786,13.817307203242182,57.006052598005475,88.35435094253843,61.17149378261927,21.835874355195575,238.74530243133765,9.759005941776662,39.86944914496938,4.601045984932143,2.9713403884512912,68.38066085912206,72.00340907967231,196.3247107996733,Moderate
22593.18412949989,4.786699566725648,73.98266915566268,16.41998309528746,66.78138227153926,25.428428492718844,5.586125722245022,22.779399352200155,42.39761663590025,80.08716243539087,44.65906110464653,31.29836196777938,475.3328814996528,10.430337112552198,26.358918087335038,5.525006031490089,0.672598858708936,63.15136727538118,217.96416797766508,126.96671544279756,Moderate
2540.3363322495134,1.6191999083786497,54.374961983069376,58.80032779180902,12.29778491734681,46.51629615117259,20.168810204641886,45.999547845586925,11.44327600275812,82.28654789765146,20.149350264023777,55.209272606141894,106.06508707598934,41.038069748460416,90.52849426076388,7.975300615696347,1.0203980853248107,180.20683716822862,100.84039059333419,89.92979358021671,Moderate
13736.828897300022,3.9366079120853845,76.0745846840013,35.77551451396212,42.750162384391196,27.007586655169142,3.47741070532068,25.838345489274623,60.620404714427686,96.51206235467333,95.20905569472002,42.56020555409614,344.0024425195314,42.03893009528279,1.6265074117443268,8.090844735733628,4.524762364371405,137.52095335188233,57.33095725713047,104.97063773925224,Moderate
22279.237134284038,-1.8986881597225662,60.51670340664165,42.58422508806122,55.263479356028874,25.404725026378927,6.463239245648915,40.92983345828508,21.138459947560996,41.31735529673621,57.71971430388943,81.16132488289054,296.7368003687163,4.231581370960631,32.69124672523922,10.403864212769548,2.105703265194619,69.90518804449724,177.45300264811942,28.72451375169524,High
18106.632791722983,4.360960464095422,72.75243785702378,0.44146977752487215,68.10228785396524,29.759796929806598,17.091443433572806,20.973189738068836,17.203719168229654,41.411852989347935,35.463513617461345,28.53520564394171,102.91089965491742,27.524944293904806,94.3505583788035,3.600074621143472,3.1443666847318275,128.74437914731263,72.32230353200278,24.25432441384644,High
30120.65460040296,7.132869475762368,57.885039457420795,31.09234393095125,13.449155750794002,35.08302734542169,21.663290099754636,48.80349932135217,77.99491618271085,91.11618045525121,41.519361711835856,93.3972180443843,51.6830411896006,26.26195720287558,65.40330069815741,9.984990629492875,4.646404573870449,122.9962253576325,88.58368204802446,122.61447122707312,Moderate
23395.58347504413,4.125734683448192,43.1312854572533,2.2517194519081873,69.67072199493111,7.1304020041775065,7.811631438005028,33.09404237438704,10.855558217629506,81.77810987085437,34.36274628299329,91.62617439551289,403.58930670639853,18.793548809151773,53.27190712832991,11.745243723197058,4.5568184434951045,177.4894404425982,190.1883998935834,107.28076692366012,Moderate
6539.7705207686095,6.736985934663451,86.635668794091,34.15381272548688,48.38806557193382,41.41330533159277,9.525406934064996,39.91192973948617,96.31075992478536,94.1236433148502,64.16288279712826,92.70054535466305,95.57664015020728,29.1629964913936,20.353471792042743,10.245902245164753,1.1686871559461884,15.62535935053066,224.55991659553533,78.23910634765382,Low
3399.3374116146147,5.239730554660938,53.289105990307576,55.246250978164525,23.811977940324194,22.904241317756444,14.35377721059502,18.016575374333545,56.37298277013192,25.050412825956244,93.6967218202459,79.16879988826614,109.52320773717247,42.736816496966554,83.3374774254387,7.382873214318585,0.7706844135144046,152.8886624562985,224.50130870671737,117.56165097715926,High
22842.25545901473,-0.7944158359630975,58.40716148324307,58.10514783002447,32.207865151479,5.472728475079306,6.866174549253953,46.39088431036205,98.47147876355336,70.22056618092773,87.1024422993908,28.559997718687946,489.6484275147389,9.320959957052285,20.41990625927761,14.87770557141746,3.628683299197522,157.33436537038475,149.8505894425408,23.80843039306273,Moderate
1901.3845584151418,7.024533072858418,27.63901115317994,32.43316052333545,29.735068622609255,39.73676812151423,20.65659401651263,93.57689693173343,15.219781522543759,31.570267049875795,51.43427878833798,55.051005709565345,364.28520870878276,7.177669117807592,24.825353152124997,6.250753439199478,4.50147066880119,190.19488223916116,141.74610419273628,189.3583225719938,Critical
20916.369763297753,-1.3355615564422512,60.05206315418212,27.492288315132956,47.160132400193305,20.09359864094106,19.7936428351325,37.95080898490117,62.51765939793219,60.31177586340661,84.38494260709071,30.5124297444371,140.23368396858677,3.4357945456459538,19.185114287185524,1.8668820343234893,1.0644315475733803,223.96915951833054,238.41710342706466,65.80522067900216,Moderate
32967.828208448555,3.3396747254776376,55.72861195863551,56.70102565490964,13.617997593779227,6.817639764562589,5.341709375212977,84.49648836160698,41.439433237832006,32.45975454827554,48.07949331486969,99.0159354208866,303.6555008727686,17.644832237126167,15.814946056952195,12.376111966487942,2.3573406664981937,118.44460232124688,65.98007028262995,23.637970227679787,Critical
20566.122047779885,-0.5786287620654234,24.787071835761996,40.41658991980171,21.097531094994647,32.421393898076026,12.668083831782539,81.67192703801324,85.91342435328572,30.24628071879034,32.70764266827742,46.64307387189386,276.3736824332064,16.51802451434824,95.33124959788029,3.4193579175421474,5.247612376612316,95.49225271258783,54.13870978325318,42.20581178907977,Critical
14197.777491021745,-1.8829338926909593,14.766967788251497,3.8939567723045676,66.88851303630477,44.2463049648148,19.821038633056293,90.9249655552629,42.51004617108576,20.973467630562652,98.50736037397851,66.82644335120497,425.3471684066468,20.525246590821688,60.20315961413084,10.785297921665899,5.676494221049862,39.04528871515228,202.76156914855784,28.140043751678203,Critical
22871.79942704001,2.22034260127639,58.34874557718169,27.943534660049853,19.282279352276774,44.61216845187134,9.75857921537854,77.15930854270303,33.443882115161415,70.41910499063235,37.34988111737397,82.35144433953775,370.0739589596597,23.642331327880804,63.7837132010094,2.93095135591235,2.833604613508169,94.15642354990976,128.75701097288405,43.93485582833943,High
16580.598276711564,0.9504070765415626,71.09538154802564,14.414701107858235,26.33773886206889,47.96784679083071,16.56145692250783,66.06573029999927,87.1797814389922,48.721809335206885,39.135180788821756,93.64928673805164,419.2261402367292,34.58643174330955,95.43254656787835,0.5480976456117088,0.6611924173788315,31.09389614443581,215.89955356535245,89.18327041705625,Critical
19550.970836741788,2.86000493797603,51.87210967376066,28.188259286920893,41.73594239229101,43.64986206880103,3.1549017935241728,82.8096777593339,43.71877824879349,28.415062790317734,99.072358100787,80.4438180673088,121.52316222913397,18.86087578967329,23.057505512556265,2.649039475698677,1.6946394459737886,203.6627482552419,84.41406480433842,150.22966984774897,Critical
33009.80349840186,3.7719988673455083,28.141810025571658,27.327934320381704,46.19846216793313,2.1027641285828107,15.999841492174314,16.429797855874718,11.514998787450532,45.82702221850479,22.053474384908938,73.96030230129901,327.3052180961625,16.216363702533044,0.5917538597692062,5.841733839664582,1.5512255378300912,204.64644474377158,104.2128455093624,61.74618601645756,High
14127.489685226325,-1.5626092769105264,63.32175813544279,34.92868816888452,63.4527335729911,20.25157598784273,5.511018540013961,49.34060586189866,45.126019075540036,33.51552731612679,78.44805892087255,57.278542563052106,39.31561204082256,37.55578927116396,59.88836495702912,1.8672882328080347,1.5859895791381304,113.05084946427286,270.0365182637633,92.82605816891234,Moderate
33680.47917001309,-0.7699670487625436,16.40845812876818,21.406229420955075,41.31326986663315,41.29004383546415,21.10341647763238,94.08678028228,68.90700421098478,95.33558652013275,94.22314826344538,68.43201070004193,53.091493894025646,38.54125683810722,50.78448532241586,3.2058825382645257,3.0645138911996503,76.01568996097535,132.28039277826056,186.4638846987649,Moderate
31781.921826506168,3.5864239645042533,45.34669638415637,9.856226967355683,65.2905234724877,19.580144287926764,10.175337662351005,75.41601286005223,32.89235849257437,45.60039086090785,56.061549484787676,27.533104708226386,362.4929756982067,12.008936464614186,47.76503773982941,11.540006281960576,3.582708779811113,42.734717731283865,181.3765062189115,66.20613047193532,Critical
7656.898582836079,1.4316735317265823,23.069340671873615,30.223166075397376,53.28424149318202,30.874328306225895,8.475738842748502,91.77640713316396,48.87888331826416,46.71628186315119,10.226958553253803,90.713803356901,31.72164926908705,15.530888376586258,6.1880211246199135,11.617289037263822,0.9105556143436249,215.0407340151339,40.93783629430975,160.99675312029487,High
3358.2842297556253,5.29173487549448,24.75672408479067,49.81217306074572,17.91698175966757,31.103213473977537,21.340446464364156,76.26892027134572,15.104362445400296,87.18864027196685,43.755304970179566,63.502184707190835,298.2872042722444,37.480003949133796,45.44348665747845,12.317076939707357,5.358264837864339,221.21139042057024,61.86045993590003,39.98520577164962,Moderate
4426.452046832506,4.522916485919397,26.18351593265629,39.84073368405614,20.943200687498702,19.521214593863505,3.1533125306516347,84.36496723258226,62.92835123625615,71.82046090288034,20.041209314634436,23.210804034795416,423.39444725337444,5.4145545048038874,28.75595650906989,12.66498197724961,3.795848175030466,77.57805942860631,20.407441358566828,43.88113178887705,High
1619.5420721526907,6.456043629899067,40.93656456351823,20.30207195551295,40.59236078148396,45.414748509501806,11.12200238468993,70.05501874577124,78.06654314743544,76.81372859224011,47.456889484032615,93.5921700527918,202.37206804065374,16.01141155680173,27.45646772243131,6.480407650822204,3.664060035554431,161.11372888992446,133.0675354108833,96.66904596049048,Moderate
4211.060665701565,4.924928266692253,14.09201644963181,56.13138136553143,37.782257516232775,26.154960578533647,10.510081433225722,74.64267037546539,47.19813052609992,70.88014431911685,81.10240854780562,59.144157906949495,41.523409683158135,21.279054602757032,22.23815801790928,13.052980012194869,5.926218190628848,75.78361122574134,296.78680130355696,54.479427588613405,Low
24222.230296156133,2.2993107739014818,41.823475274327855,54.73245427495093,62.04809887461062,24.30964188500004,8.55040860773967,54.47013083635756,47.820936952131404,95.69570271588523,49.48403939954204,89.48713132488014,362.6467758217889,10.044079453624555,33.252835975457074,8.031272062706433,3.843235069460127,67.90475737874101,263.4232142689251,181.57533402090945,Moderate
3420.4140476477855,4.729666223944324,50.936595769176066,12.560903963045927,50.65159978581463,49.880659791771,22.970349636033973,88.5602045692013,17.94542487264248,36.56006652464362,48.87326092113303,88.55103633642855,466.2494971827924,9.736310454260021,35.31330751434124,7.217777618959319,5.587963065946873,19.98389189838259,193.543585332747,19.642935313460782,Critical
11845.171429987884,0.753811742554185,48.663542797306015,2.3650551072217785,37.16931567015745,25.6880174754856,19.271353050884613,80.12830740298574,28.17467780607843,99.12313934046365,60.111052922696196,85.26012699656918,364.2422681879686,20.269068494581735,30.87757763619975,10.862484036237904,1.860290439686792,150.6324631327247,259.7179826676652,123.48178756732952,High
29725.760572961455,1.063134987782127,40.622728032243245,44.47852250104573,21.953219841526995,10.56311609257189,3.470232776414592,81.73022208157873,23.92077728151214,86.47649420452106,62.35215262729122,24.912241543628486,297.6546766413321,34.44443416359879,97.87527157195089,3.4431306469906353,1.5927510440096857,50.23626264860594,182.3091133422027,124.80358526840878,High
1791.2458150180796,5.889851599207933,77.1317286456602,49.656615680949194,25.878597162784658,26.627332297445026,18.437811337003943,67.20577358185945,53.351899179538414,67.11780711010738,87.06666779190742,39.76533163393671,130.4138383419488,38.13001812054798,93.27310855094872,11.905611439363838,3.195808383581828,17.907227973729007,116.94297529689993,22.54492622869506,Moderate
28691.928408023818,2.4641951640158215,21.62613539364033,58.071873957081316,50.28507129283413,41.07280330495664,14.12788006196226,35.88929550241616,57.63299868556751,72.98972995169991,37.751989530605634,90.04382979723447,27.380299541358557,44.107108979055454,57.45100995248622,6.613147650523187,3.1499318962926632,39.64002361915206,60.328456319323436,149.18720082546935,Low
10583.062342295598,5.983803405183525,50.455739502509914,53.39018364529864,39.64071634298547,39.28929569111751,22.719961571236322,13.028532608161843,95.40461181558341,71.90607012004912,83.95041379312144,91.9192844841675,353.44261206994554,5.181314153943919,98.10548384103099,2.1712425858552784,1.5136051670066017,88.73576002313624,199.38413511046502,99.09053345731724,High
5017.604139136312,6.224223736682784,14.963313356524344,36.03208609238489,46.04492562024704,39.85192472520661,9.197749199012245,89.53068599981128,16.590835384951053,24.671697924732314,60.93403738228425,56.645508989504485,130.89256440526063,11.317334649277685,99.11980103191901,2.0538851286994233,4.258002810019697,172.25334967625224,65.98487015331617,147.38394096401362,Critical
24689.063622381123,6.575623376612837,15.69245431023278,31.80314035274285,21.947420471156356,35.985141631899765,15.205725991020406,59.82022964846724,63.98811758395424,37.44131988255509,37.047659474543224,55.20331741233618,431.9180850475316,34.535083222520505,35.59397100173025,2.7241291345464913,0.37187615157282106,62.616417533049415,131.05424098801745,167.11574732766329,High
22384.056790516057,7.166352358412073,55.909267974167705,1.6704630757551775,56.40343766411961,14.202455795201034,13.51737131904268,35.34215254759192,57.38486745954172,96.91767076197993,36.561343960546935,34.01125071089198,243.8547770396534,25.24574436039346,44.51875457397445,13.391419193383602,4.205656740786825,223.58378219494287,249.48253422502628,71.35087687823184,Moderate
30834.0484599198,2.3098522051329624,55.28147399102568,14.79938681068667,69.6777118599177,43.38003612033111,13.259900843234933,22.676484167040712,56.460978814224625,62.74915430875034,42.502376539515204,97.4728630952921,274.705079538779,16.090230280383985,95.90617769846655,14.866785987207997,2.851631739515141,82.79477643999326,47.47649774290126,102.05231775774266,High
25992.415489332117,1.1886681832113881,80.24268102755656,27.576885103975584,28.055765475083042,44.88528633806072,12.49042418889589,80.50946906756414,88.58433586445437,50.268288260952964,66.04239183579779,37.05107802872345,381.889541247856,10.840355433631473,60.86261992986866,5.547514848258866,4.196243562901459,92.83817801455774,47.416211526470576,59.54454815592216,Critical
28318.35163308485,3.821987465941138,54.62989405280585,37.71023400501407,44.40599580822786,11.319329437690355,6.72947793724247,81.1042165280442,28.498462362593784,80.96307707112601,30.773055822395424,35.27494274806124,394.1266917456047,14.060534720625265,21.29290828372725,4.594514627417874,2.96706765772081,66.22463728871466,75.07670052156323,48.28755806924365,High
10589.17546742442,1.711724234376276,86.78328163238801,33.43510999910464,78.28691303146313,8.261870554466908,19.381328217325034,79.23317729109517,13.669594690723432,61.96151541246476,92.83002055050407,72.85831761193394,328.4723998786727,20.45942486294093,68.93806683365004,3.5159332971367583,5.868535940731231,74.64425421188201,170.05601906546673,10.113004028104907,Critical
7032.944488510576,4.010741668002329,13.895587871994382,44.55815938090143,33.32692183855093,48.82903849227738,12.38072875300364,64.83202881717683,70.50443568707732,21.053021714551807,61.74213257601103,39.427544240035814,470.44727139811664,9.617502438759407,20.574618204608754,12.410102214358508,2.141172716398083,32.421751919988324,82.99980869537478,193.0899872951691,High
26520.901555789183,5.055858626438246,17.840614782459284,16.78601585322245,51.65324414466328,43.67955025521766,24.04587432505993,41.11130794530945,41.06417177223821,78.89900773720943,92.80141992964062,95.10172888115119,491.5032494338013,43.46171610270028,33.93577436718458,3.3753499915574783,5.898923034613852,84.27108599830453,155.9274018039502,93.77640917263317,Moderate
28432.381135086976,4.884050184921369,13.525268925630511,33.89715645914839,16.313699014017104,44.87533506607744,7.998593825433855,35.84597420632184,11.583092459127213,78.5774048042289,14.176392272123923,20.872559625423584,474.5050132998161,6.626303117794598,22.756016309535156,13.884124909974965,0.5768488663780571,217.0101030061464,97.57495720730928,12.483256881186065,Moderate
34677.17482802289,1.7455288702012135,24.8221480266832,5.288534603447528,52.42105017356102,44.546066461970966,17.703108311421946,10.727155460044466,32.62366065613725,33.21189696879795,40.835023341532604,20.460260985864103,415.6060089650929,44.37982968303642,24.498021593384223,10.110050570877856,4.165812493593828,176.77976722796913,156.81023942343762,11.698329737929152,Moderate
15029.0010149885,-0.3313979830124718,53.301608875334246,24.819931414992418,16.274224131323255,28.000967553618963,23.636492831699496,80.85664248850043,37.83940967951307,96.53280707393706,12.052689461886077,60.39014411484796,358.7001057172407,38.20141129802892,0.4655581566782252,13.487778537537162,2.8344713993524904,220.68802790841988,90.51312021050175,64.78698802472707,Moderate
13648.614916954628,2.3052933846220753,61.645774514194244,45.00964997727606,77.14648047266755,33.02728335995839,17.259541429370127,17.43177928695961,65.51545391058178,37.912650523289145,34.50266335881729,59.04499679307776,338.3964117832004,20.19551955309078,88.07088321994519,8.443944859593952,4.968398228072261,39.641868379148804,294.2035889264839,12.648158954922499,Critical
27398.04066522789,-0.5740585591809126,13.646812635893504,41.60405120574264,60.096385645061794,28.177416902414798,22.039276875200077,63.61417483346525,25.532721464434488,56.61994939057594,87.58058250417294,33.06912175207284,69.80008492185627,33.81210237869304,29.59904952757938,10.452993974082704,4.779773204358588,122.06990824790739,152.88819133117065,81.15777735512418,Moderate
12587.320368602606,6.900970351838083,85.67767118764795,59.43856423033074,65.17118516949945,4.457904761135795,21.03206207441114,52.84637048140751,47.17489131580582,29.178876900873174,13.294874425798078,59.561565037622756,150.312486473174,30.8751554789446,8.637437952279448,9.406034079668304,4.841219060680436,68.87489515032703,225.65659589138963,21.958315273400093,High
32645.7490705212,1.4587746073785741,77.37323013203049,16.67346755926536,59.287305254014576,37.78414809693309,10.282707456247088,54.76859550873985,53.42278999760493,68.26258555604707,49.25323899241704,52.93288841359892,22.730347294100977,11.171337471804032,8.698740568108853,12.518573207959815,0.7494838759546143,184.48566378069478,213.15850208047945,17.45780231855885,Low
30186.0335626624,-0.45540252776676216,33.72899857256745,29.89135795043875,51.2810325253526,26.25593760012225,15.80285061860842,88.77059185116073,51.331365222768184,50.036089604577,20.5810363425905,91.2263620273895,85.9567377123161,16.580013703114695,55.60182764609522,12.587153924432451,4.96972105919551,243.00588881058425,152.26221869616475,137.1824648741645,High
15585.796930750625,-1.7455224009424912,16.175002418117437,19.771824826439804,41.49389467598537,33.09003558993103,5.5940108156611785,12.68727595805558,97.65466900001036,48.25387697677644,47.51565933343309,20.740313617357078,230.8301490412104,24.064270200634688,99.29205505339371,8.96995709772334,1.4414329131738133,206.60947757681765,79.26999788369832,182.2998449941481,Critical
26529.61630491091,4.458223862864843,23.59096585752458,26.436186843550484,70.08613658327437,26.126710638825692,14.317095301998789,75.73833909344565,14.09538140112665,86.15815017767578,85.49664258379396,98.10158440263618,90.33754437875521,29.427299735172255,14.502246727019163,9.597862445147653,0.34894553038240167,23.290369186486494,158.1083005947308,87.78345082743306,Moderate
26654.4577188792,4.369023174547433,20.155553100397814,51.41700779216329,76.9784967280144,25.606943471477884,7.299705351729756,14.424453861221107,95.58713678071594,20.76493702803826,66.07639300622672,69.9514211436674,452.7984390448438,25.344484198334726,9.962178094965946,13.8515760313181,1.462884574169586,89.41502824139502,207.481770878926,168.98638175242718,High
4506.211540421709,1.406041665812917,19.86270234391575,41.05254451130919,44.932532103285695,10.245877254932807,19.105946743906248,13.243056504507063,62.374349259462996,83.8357416713938,76.30807107982808,32.14747565162205,406.73560896093534,22.338460823278375,43.830388040209066,13.96903731428505,2.97985360725903,21.716227255873036,143.37658846333142,15.560437615791955,Moderate
31686.798827105267,-1.28288111152349,51.48493509325871,52.9464714808549,75.20745344086833,15.37825832677515,14.145343703518865,46.53450434201746,81.61549434728545,65.71588525984629,41.41937039046229,23.7408011048933,54.37371780296875,21.055547758560706,56.333125384079544,10.06447182325917,4.504245887486306,24.4392372287816,33.75828113519506,157.76111063433467,Low
18178.58066322714,2.0962889489523207,29.667795399472023,12.210666499913188,50.83330369919622,9.624929213309878,11.458229340528192,15.361389819152171,48.73533562144679,98.88788107841593,94.99579255091274,63.04845268473855,139.4785834242877,23.42537346968577,29.438035887794044,0.41398788914550405,1.4680683888305512,33.68609647863726,15.215136571844347,21.931998541349273,Moderate
29099.553847663214,1.1121749506339356,38.651177322331556,52.40166707048628,47.68689308275032,11.391982190016437,8.182333211840483,77.07723585989753,50.845409313128236,67.15545764833992,73.83358844015501,38.79121327774561,413.15450461352424,20.677115353376724,30.252209251386642,1.8348448568829325,0.8554437789235738,79.93682830808204,105.08427445567317,169.3034904074968,High
11881.6864350408,4.7712063973500936,89.16042667074579,3.5857364507030653,41.81379130687497,48.70291426017464,24.9700650823496,55.01286296010866,89.13938491142413,24.430330731836634,47.96189373560778,44.09324296010074,405.4621407487393,25.277193334465785,42.44765018489495,12.911755217083918,3.946610079138865,86.48765039496082,53.56493856706046,177.64960552569215,High
31447.789768870814,4.057792494526904,64.74513991402759,53.31595682622915,24.65014330710839,9.349445397065525,3.6493419803534515,12.468296526080827,90.6341046662712,24.051626115498106,48.38183202043494,39.61057318676109,473.8162640565386,40.18336785900667,31.4145615150606,1.545297510650782,5.906608610888102,109.10657561019873,272.79517131853873,159.33503005263972,High
14232.857076961545,1.6459372819754,85.91845336376011,19.744426767643674,10.260376257264143,14.924980366649967,3.0018956531656604,13.442558350963159,31.481999328816787,90.65223890974656,92.68157601489678,72.01378508580086,498.8229255763329,29.211660461348302,91.53315835685167,3.4387319585694756,3.685047752096585,110.1588071995796,60.991474324628214,165.94231463814492,High
1368.4801503301442,0.178925542549901,21.404524402649248,18.87525800484399,26.90543587992429,30.348303571452078,6.996920211358884,62.07682502785575,27.931769072615637,87.29713164088425,61.87642240918526,64.28231696929069,488.6096303557385,33.07269762450723,4.195457129062897,3.689036199258281,4.208132711915846,196.28111778314752,124.34198706335417,116.6820676031406,Moderate
31782.987198254963,7.880359661555918,40.57115798660554,30.725314601919834,45.680622012249565,31.28857165935881,24.334666548439852,78.51950450096442,54.6611656482956,47.671206046561856,73.57412889127374,26.23795388174492,216.8662331462919,27.69177475042339,23.457015987027464,9.123451115764603,3.4547711737292364,48.22976224104145,216.5024785007296,60.32813909070387,Critical
4103.747010728541,2.5400162119611487,54.37854426258834,56.4414112633939,36.59719665818268,9.390758227703795,24.52247787135964,47.212960158355756,91.02493244149225,69.44259873449099,47.53317020618537,62.122122654014035,140.15765302497547,29.649760343802097,80.85527962274213,8.776502128891334,4.7376209765253225,52.069044714000555,246.47228140465768,132.21389050558366,Moderate
11856.663678074105,4.88274235780237,16.14064495109904,2.866881880884322,41.39396596018437,40.09843643769019,17.063337899759127,57.13935708052807,39.01195840655586,59.16730856444802,30.13234882882427,83.29518124506399,384.03689140499,26.869042623271746,83.39581246649568,4.554437594279884,5.85966563721478,162.248427142975,148.53681442165797,93.51291332450866,Critical
33302.10687972736,-0.5944703242163922,10.33499549023663,21.133858504244717,78.64537536948347,39.6897376598156,22.242453345747307,77.98550359424164,68.68131538052182,97.37312441088417,75.12033627949768,26.495567265625944,163.65098851713478,3.1552604544203975,11.155507896420113,3.3518870738561093,3.3559495305442724,149.35940576523672,62.52915278643372,11.013946574618739,High
33320.64299587691,2.8558969965939784,63.6347467037534,51.39431932100015,34.51906594685293,13.391249801786772,6.921119809338294,61.89302479355463,73.7336518966541,95.99687207015133,64.7041394927249,91.1791180984336,407.0721728630383,44.98273043460085,97.37634500127167,11.538620838904894,2.61738496810781,51.19110578829642,88.55961483699738,100.59688422261866,High
20496.88819619173,-1.7246328013053451,61.34556134411483,23.763268646128004,41.65280575520755,15.855982528422102,24.35696816606234,29.104620200999655,80.08071984047402,98.70712068326196,55.120859238230146,66.26453195581833,276.2982705910037,3.4451973291545572,69.3354849899109,14.05120548740785,5.1899897547287335,215.282140310671,131.50084981593267,133.72570566460365,Critical
22482.465213773175,3.0545511791044992,42.86310479996894,11.94941385582402,19.34608859469737,47.02341754205585,5.284051553209987,62.10942219890568,60.753201212886694,89.31590245074113,66.16188459950175,96.04995754162533,401.0850921127779,18.99136435404711,27.25930559835956,1.0762434947716488,5.824424393807942,92.32896231378375,115.73243090441906,12.637895341350946,Moderate
16247.147747262872,7.640174071177023,49.17152608256261,25.487650879884708,13.357041270589136,41.63222940701495,4.32587932817814,63.403754020543154,46.22096604510726,92.7641272620081,28.745702745781028,31.85129741779005,152.42234226416502,6.519974166854137,45.603786481445454,2.2577528017614834,0.9492535170434941,101.23732690795426,111.11509957920039,128.05846386054995,Moderate
10969.166237734195,1.8420671298580023,43.23544004736717,23.13315008950016,64.27866602147462,35.494257587001144,4.580865402687277,72.39909337489577,97.03143899190756,37.38230230137091,81.45448358787607,99.48519994826522,263.853111465834,6.167923368960095,29.713861956796716,9.7398106339739,3.553391599748492,113.8081189961283,48.23760250943264,133.9810621812027,Critical
12174.594542577142,-1.6100398742508841,11.920403587591109,54.92497208800221,49.9478222550385,5.947194632508825,15.181942235268988,62.774305942328105,65.01976779725675,86.48054311918196,95.33465245182752,71.54182927757415,290.7314209290474,36.121658922002794,15.002224985441936,12.125289339569957,4.796267956766785,90.8349396236499,274.85997312957545,40.04043986539038,Moderate
23865.627506619305,-1.6904420908065647,36.82972849739699,45.716062544585824,63.24933642307265,22.076675883323635,19.962411216515203,92.38558108893322,75.57086904699437,76.70856905634197,90.19928297509325,65.39953595848502,472.6918725056634,20.31480851239731,29.117806474891516,11.930473431013073,3.2933685499070666,146.00193728406722,18.629415861137364,91.90409517973681,High
26580.73400088112,1.879867599468695,24.16658043178319,30.30693334464038,20.490395922058614,28.846489859687697,10.43334509111656,26.76950624095082,41.048456112629054,97.02292070624561,38.92921707763154,61.22236992896683,147.9668368786003,36.44896445684689,58.00919374896184,10.879342350315532,2.5733424155191025,106.33221494217665,137.60061708396785,193.22319416893518,Low
27913.68748667885,-0.39975063536805955,17.8739351281095,59.30223400329427,50.028013982788366,10.995741823221293,24.49160771908091,90.84270776320149,70.2954262902772,65.70094627540955,46.540519595386826,21.89234984786502,469.61035485674944,13.729818239275755,82.59696948354687,13.345190931121952,4.000332962585439,75.9671605971426,294.29323282589513,177.99595328195866,Critical
27847.016855014834,-1.7664790367181409,86.53763471114799,27.9166518765554,27.754973203896288,23.514875941194777,11.991663176721577,55.75885667975138,33.201789594771334,26.813373336844506,82.75620698178051,95.17113532396624,406.33227942354364,13.027900047668094,36.35290748895772,3.4950285296909485,1.76674294817742,227.55159391203196,201.3199422589896,88.05607034306801,High
4101.007503655473,5.562136139501768,57.94877800337325,3.4942698492165136,25.964327183001394,30.849242119457116,5.4603166677839745,67.11627194206753,32.05872257757726,67.79191129497224,63.56054177421434,71.51955782833586,370.82914596161373,12.802949418021871,34.790154054784175,1.877176913431623,2.2249757090425426,87.46242393293636,113.06909248259414,76.47079092458955,Moderate
17810.29035988777,2.585230088818907,68.29250273892822,15.736459308899093,10.806820983708969,17.714080645539163,12.717235208281144,18.45423578343614,74.32499816284837,74.92647424170302,59.312299930898426,27.330118759943296,397.6977292088601,28.49426193554053,46.80007010813226,9.345835660343115,5.955204621511799,179.14489748517315,52.36829949141927,33.575329385602636,Moderate
2956.997840565906,0.8924477197265452,35.2290994612894,26.164228813158758,19.123850649835035,39.48535130962338,17.617854804716117,42.3489550171391,56.92552626366416,37.62568229699426,93.39777707801007,21.676173623561994,310.60402202242733,37.0449737633608,64.45555999643463,12.387455605394456,3.8914989393720734,96.59829103387061,289.52305563727066,16.685926062630358,High
19683.981999007006,7.000831830164808,41.45177035952122,9.414157448767206,31.648767804978675,42.34157991866266,21.141192951600708,75.39722744936968,71.49489493801508,51.52907068101827,58.24224648793457,24.062691138940107,137.1584050219932,21.447223433235344,75.16162624323093,8.856040603664427,5.262978330204233,117.27669691620589,14.056044943213418,66.51792771399496,Critical
16012.037046694819,-0.8386103979947439,28.95391951173788,56.85390757944258,18.181513241365735,17.533254532835397,12.551670669001638,70.08743628341418,34.249464167328256,67.88027312413439,56.34448116285789,68.75166107457926,110.95758504312931,18.307702297566543,32.67995047994739,14.456063065645921,4.885057375615432,70.44672799931294,207.6023954778116,188.6538359456253,Low
31181.942213782193,7.559188289553193,17.75725367723398,46.010933869066385,79.01009082876563,42.255543415637945,15.652956999130852,13.411847994059865,63.885100695105734,49.92845898532045,13.781673213972368,69.12123319156682,435.8438892081874,43.86392083067092,58.635246782513896,11.994797582459304,3.9831808154853396,191.79746055600472,265.2398667191449,192.13655575339678,Moderate
12931.110426770676,1.1396671737735282,24.3225309953267,16.097232025666358,31.60428539667655,6.971675172944721,8.148928379653627,56.46051239726579,49.95402847328013,49.99581737909311,16.247526273112385,59.97338334251529,368.06691324599996,7.020423548500469,38.93608412808825,10.601639473366134,5.076228678260884,188.24276408516948,17.296542067010236,164.3786747094925,High
4980.278558538599,6.884036723086812,73.80112362371887,35.44827201107495,19.122676269162973,42.210996733887505,16.85608010732682,17.503646402314804,63.72642581609752,30.64693113382379,10.667827709258516,44.54126565223612,122.33805572525554,22.925205327930378,71.6399850363386,1.1857821758144838,1.8655192735147115,20.226387264903543,220.30071058624532,76.65671456877331,High
5861.717189796419,4.029428764794615,64.20366441470208,43.286949426574324,23.935761897957043,9.332020720045596,24.677354710857905,94.6477964801438,36.17917590197975,95.25973784621328,92.19198032052702,62.53941852917131,315.24481561971277,19.56497338680168,16.46749205170208,1.8838109093557267,3.8952754031113304,29.14559947080358,299.66295076387314,37.289022247601125,Moderate
26891.361478394057,6.267073597414875,53.75431007883815,56.47673573440788,51.13922598390335,5.98050332046685,3.1282321695192588,86.27021002533004,74.39058672842114,80.03955075960772,46.754799401593054,61.30414567010063,234.82231107882743,6.2194436532362865,25.692486505129608,11.837113199090556,3.625500239239089,231.7584668650608,195.49631588627133,123.15136036507906,High
22019.414152752877,7.840131632104644,48.00718982934144,52.898120950524635,14.483046670535195,32.80521941316854,22.39020542621886,11.791856136425642,82.5336429543519,20.09947510928816,52.17052385200713,21.553244790125248,96.15448158228509,13.532615569793425,42.60604198427498,3.2140975059823313,3.8100336846014,223.87430910089492,130.25689487458564,132.83595136917447,Moderate
4438.170988174868,0.8840543781874572,83.79474269248996,30.91153356829282,70.37038910988099,24.652993556254128,14.932497563653024,82.98521420672363,33.39248264719512,81.24906272177321,86.08482528332158,42.59753842619985,275.2914124914389,3.2229721409018173,88.94147899213677,0.7238770883611612,1.1780651774512962,133.93049030295464,263.5762086133218,90.66897815666478,Critical
3859.631407909913,7.61135485407593,15.818795822293472,46.47915718758105,77.30497754660031,45.57874881981597,7.798269169932898,88.15151604746465,37.05585038700779,79.1835994126287,64.83216793382002,24.25482731737196,155.1291643838803,39.70903442626715,57.33257893506902,13.688182080480384,1.8080096319887968,130.93898701620907,170.7119814625622,141.41289115614165,High
24832.95046961008,1.8948189490242036,32.448065059033276,33.7286852296551,27.27231944671666,19.433081412360764,23.962463330212934,40.051598917893685,69.50388427471836,20.778476812441838,64.8551436751523,92.01238011581243,66.19717959563434,28.137529746587248,96.53961189814116,13.394838993408142,1.8626182489967267,205.91968098019126,227.33784556908262,151.8695582738297,High
3473.9422163825798,1.8551190473692234,37.99502828565713,33.162233402732404,41.506668801360156,15.783308645006176,13.117148970354675,71.15764067906011,72.60266568731898,49.568343809101165,36.688098641933124,78.01785302281084,244.1399833017972,37.04579540842078,10.327768528108383,3.5117122603029296,3.691287742922027,47.53578451794657,180.45590762736643,158.7817160792082,Moderate
28943.24201587211,1.403871042545057,72.59406497702302,6.884517500291514,11.549411572064795,26.03527549492152,9.62887578848787,47.57881842766121,73.3689715957705,68.53981522604245,85.05175365320673,99.68921361543298,303.2521050049097,24.426841453328564,46.017541365093486,11.769031993672433,5.840771906550759,168.6192935163004,21.104416821505286,105.43664115792637,Low
25012.23572332087,3.4140760734758517,89.4011696129577,7.5682594809691235,54.84971573090551,23.885416916895743,6.174445450229347,65.69476118898925,71.4428654298253,56.22005214864287,24.92469784355444,44.17370106442303,42.515076982952245,27.778922665141458,41.90785300453842,1.0053010198113297,5.73359179685646,126.856003704506,71.81204657955078,160.41174773634935,Moderate
3765.858541824592,-0.45854956821512904,29.253641180572245,31.772016901347445,38.974824063681226,18.532546218425036,7.622400835903228,38.92697936534627,45.352694525728495,82.23888949764059,14.783463295565312,90.27886782055282,213.00451971727847,32.13674254579409,60.02061764059684,4.490352656201967,1.51769940734024,189.68279188917137,32.84143645615738,14.84052099119679,High
3884.4822788965253,3.5371148535801122,79.94458673096645,16.131692698740395,28.9040926271089,35.29958233751977,21.15552795660318,37.41753511382781,45.53683069633105,54.03666661075472,27.244302176667908,68.24434143459854,143.67772152160893,41.04449998096124,81.19646087075782,9.467903551372386,1.9681024097872806,22.074155958317757,40.93945109113466,139.27682968038522,High
34545.74566903996,3.41704812410004,76.4498208345433,1.262214147628118,24.478597743162595,38.4589680278676,16.131430214294816,46.07688055289422,32.93358612799433,32.30903755630696,34.09634968971082,56.250032552288395,34.71228353947156,5.945331176511368,84.14480255830603,11.518731243528267,0.40915897521916933,154.29050418512557,14.467593140540872,54.77045183959117,High
13725.207055708092,5.6190181260487,27.97259181134133,43.370352234012735,55.78161543611323,42.94323051344656,23.00464924823127,22.373259485462597,24.115032990672667,98.11324994190629,35.40799520687861,37.805848903090805,80.31802381352279,16.230780973636257,67.01946087055083,0.4528680751863867,2.5131304211844863,145.83113057565603,132.13784391410434,61.398855420654115,Moderate
13601.833000274291,6.336499619375855,41.94660641593781,1.9491958014098976,39.13519217226201,48.69711702609646,7.335274399629074,80.64681197700752,72.33196414572151,39.363199422083724,70.34622387568908,79.07137322289142,86.73639623282122,32.48812620010003,64.15363642455536,5.095266615124038,5.041109905746109,212.59935745345854,61.808973208707876,27.34732425527914,Critical
28635.185286755088,2.404413503124241,42.77382954340153,35.716610466243274,22.57615023209384,14.799497222360214,4.786187198524734,39.639321105739114,18.386990737508157,77.41538484330658,29.604212859577917,92.331259912344,107.77963909662616,43.20907420905989,94.90295420448075,3.4508797329360075,5.511360086119613,174.05652992543153,258.1519909432518,46.55453008270406,Moderate
33206.4516310512,1.0233324935149373,88.25765348212467,32.351627647638864,58.23763570407768,36.37248715951815,2.14001321243857,44.01271208199684,94.40130581081034,31.452504933125756,70.89924740454862,38.82467184602966,405.6212342902022,44.174719425070236,38.36874016384246,14.982071964506238,1.571679581494073,221.83768422297481,227.5108858867915,198.48156427038055,High
34524.03616997761,0.5933489731709445,24.471352110311866,58.128881434668266,49.55505981256856,20.92439530379577,13.680826865167857,85.9946420796823,84.40176733043062,46.32100910271461,18.201895591041975,34.031226797889005,230.95609590950681,29.438429392902282,83.27833141884882,10.163438816062955,1.7416079462352674,223.50923058600134,176.22132849649384,88.92412480706031,Critical
26614.858298804014,-0.05376163295128067,73.93263768838256,29.0527883608585,70.10704384506474,34.499934653653185,24.96105939878573,52.21302419536956,87.17551659615305,55.3622086744339,23.248221498811812,75.69775320038936,90.6012762897857,10.324734543459293,92.15037270922942,6.263370357332234,1.4809289357507713,110.9185402114337,151.81619015161468,186.27542575085025,Moderate
13792.825908051136,-1.4235241780097512,36.73541713384879,3.8160861826678416,18.223312921354506,24.847121136762574,17.9842011828287,56.26158229482335,91.60019331536712,35.37856036216511,55.79393036418955,98.15785301804154,68.14254412538685,7.12598319080014,49.153924426519694,1.4120932491160698,2.2306006919325565,47.297021431676086,84.20190576703298,40.95091035663164,High
3839.024367754738,1.4244797883471332,68.46962766209283,33.1012780683877,64.99666213611192,49.70110893286072,9.093075615198359,91.30234060605338,46.77444736509161,55.99676610948876,92.97062223189783,79.99640808832623,163.01142018993875,42.679876704058294,72.91025786033003,9.100452785352369,4.867604511825159,163.1166591182142,147.73592510374579,48.771179998718715,Critical
27422.99514153285,0.7024769213078326,43.60088034365303,50.46577023696609,57.146175077208134,36.987302517955996,22.16774740960195,85.37174256732408,86.2030651015361,32.57302583934,87.36108299300025,42.76645912381191,403.0474489781371,20.658890646887823,37.70198566709061,9.733011622760145,3.951773325329869,220.33033312599994,195.95649000067914,115.98453722486353,Critical
19985.744491017373,7.664173858664073,56.2687810493232,59.810957056886394,18.05076557796685,47.71958242084757,19.97961211772307,24.40467025551736,24.22551702624844,64.72052311887121,97.18780981985228,53.59643393182285,194.94072701102886,10.377089430295447,15.887901419540407,12.301167134296087,4.75845732360946,32.61403588576877,236.8463694559049,76.41118276702566,Moderate
15423.548314397194,3.577088262500439,76.60894186609049,25.82059042134435,58.63745109102045,42.07853837509691,2.354548819760403,50.22327754303893,11.947761514741211,73.09706020161552,68.54311587503538,50.745410836669734,96.75073294109028,42.15737817843685,58.65038814724252,4.542079737914643,3.581580416744776,146.11196917489607,33.687799215282084,132.34388962921128,Low
31816.049093221023,1.4727703903050755,74.33324519871073,19.21792454980455,40.908310221588124,45.33924853584181,20.787791052443517,92.56017933142637,80.64022551974651,24.99474272224086,70.82333797744829,88.16760144376363,213.97576714215677,6.494543677265411,19.647165084953187,14.726992783057417,1.6948518527430514,42.02488876505862,215.4547597362095,90.18884938688177,Critical
4780.714398409145,3.8046760099369603,79.31385468317602,54.39919781711993,76.14893498890902,41.0921214663044,8.912115416485408,41.65113534943123,16.731698319724536,89.69056968657344,66.25206990383428,81.70966230977791,286.5495474977876,33.37155716485423,45.7599130803869,6.760146367915057,1.522366245232756,21.34405806247246,225.39166426077276,164.20347511843778,Moderate
17749.253545889213,-0.6080329865430449,14.769386027572722,11.474527744567283,19.91279454325295,24.039638258043745,5.442489685422825,41.58371422387701,98.96722005933294,34.811270803362845,66.05370305723775,67.11803478092162,34.200408146246644,28.88631018436337,87.28793133283332,4.650373193494556,0.2522040940097488,174.71430817609587,172.10193826820836,91.9962235225059,High
1386.0239220922483,2.4404374920220295,65.36404424317959,36.925734901975595,54.99833735710166,14.08584576065045,7.205609313952715,26.57756970207812,70.73167866414003,38.028994025625906,23.24083105608262,41.99672883175226,321.2680646912831,5.772590568378349,8.60181875636805,5.4222052098214295,4.72969639386962,175.2346587899585,72.15256675392837,118.74634466327015,High
16934.461827800293,4.262343214210638,21.198990137741028,24.342865450856863,36.738603182406216,19.775368421625068,12.777335500628197,19.717464700125642,77.8104739217895,72.90798720664503,58.93650605475358,95.0390822177645,209.64836144709886,16.566198212496012,3.0428535664649647,7.937914978616719,5.113303111755363,156.15464057414508,166.36353037534076,71.00390800450846,Low
2914.3113731824697,2.888978317924514,43.265485441472876,2.464941897333317,76.97702694136144,2.9713391667176214,11.771962322564253,72.92590721425844,32.122347065007936,57.500084834753125,44.74611401065532,72.26521798153172,24.668420062973304,8.447019650220458,60.64778473818876,14.06951299825477,4.656039077844815,216.91735891692232,155.78441572644002,143.76778761334427,High
5039.8091531144455,2.0177880065432428,53.88707320437508,20.837308458341866,33.09824267031935,27.151672038304024,8.644407885607215,75.4525898396289,70.64788545277193,59.95164793368525,49.82834941995641,97.6381317153426,343.46691149426283,27.993439478925936,33.106132659489504,11.106834329415188,0.6315319348252463,34.005963351467415,147.9559279521709,134.39949970348567,Critical
4995.892390421566,7.938483888996982,42.21915877974646,15.913711350160476,77.35301366442602,26.242774412979617,5.961021410761752,92.36610189775499,13.889794352946149,30.252398765050614,57.124051575331364,66.40936264336247,361.94606507007114,22.515860362129438,41.79377069259152,8.7835118471176,4.620885437585223,39.73616149920845,143.5855754854834,85.43019622707097,Critical
23073.15027194616,6.80314762148927,51.5689340642406,41.16546923660921,73.10400957705244,27.212022311863436,19.531308161769893,75.74054792695586,85.40431479312409,84.45886575011266,21.555655462202644,85.69542066908912,321.84309850816777,2.183830360401111,40.57105886583315,2.693312703303968,0.465451228271562,218.1658279251701,42.13941422454072,62.44609953021334,High
26365.52589502439,4.234059581594401,89.72210470388953,56.92742986151509,28.926826471745944,48.753498798659066,24.772525025903093,30.68496199285589,25.26616837284152,69.3643396883368,42.353896046690785,85.04843035156215,184.12650444724267,43.95555435020805,8.662022900956357,2.4954936700958132,0.8124397810970687,133.27002917327184,63.03882060863578,126.67983121585681,Moderate
20834.538013303427,3.6937736118228273,20.817385097028378,16.082831242718264,66.24792437784994,45.74979216583229,19.88920634965288,13.409909154523813,72.76222601503935,30.83056346475648,15.710460478894323,46.986302146687365,274.2103299516614,17.032139945250236,0.35664326795945556,7.68229463305939,2.75475716300947,79.16741007698575,38.22630565088927,189.19881335009146,High
33713.866648134426,4.2066047982458405,64.03648362691405,48.68795634910091,79.69229412624541,9.762213359845184,8.806550256445448,93.76217767142111,30.20324511094555,49.91994936204768,98.17013173801591,97.12165783657825,205.83569894404897,13.10278889199315,89.84232428642643,11.012017957644243,2.9616526517640724,188.4668898265425,80.31857002371548,35.20217456505429,Critical
13745.599703805938,0.013121078224332727,41.680077310849214,3.3215890163045714,27.686410151989765,19.70636103468268,7.630606112479068,38.93830912120649,16.160785248343846,84.83279461880241,20.667522593811352,21.75531740780512,356.2984304766533,11.565047099146415,21.77985609037464,11.33987893950012,4.933488092388439,225.18487481203448,86.40826699189516,161.8321574856565,Moderate
10714.210933583265,1.951377432643186,20.6407839125863,32.28726060238879,40.57440185263238,22.34989661423657,7.006315149516579,36.51758110675576,53.334431069445486,65.46840367892966,33.26722646904591,81.49687270139313,300.11848939217055,8.829083535463418,42.60789918642883,3.6209414429809983,4.141255973837281,177.0567722576961,81.07199983298317,113.16843683353721,Moderate
30532.37035844165,-1.6054046710910068,22.698941069944762,4.233003822593675,46.41265155967318,19.305580056879094,5.143986713247834,87.00619282869751,25.23575892455105,28.691902330634438,90.21636340330575,97.2445668611235,59.26357463717588,44.96289427730992,97.19257966710786,1.771462838854623,1.0892570360610543,201.10416021943553,71.16942977382499,109.85634208303324,Critical
8602.25850966139,2.7554603748682664,85.94184849964935,56.04197946783836,30.6451795062705,40.32780625298783,14.680602642922928,59.73349137632382,75.64995894938949,49.82216366314294,53.44390416152277,47.112656262697826,328.68490794511877,14.68970711890901,82.67625819836523,5.951576542030705,1.5116513427270477,81.38685144587024,223.2723931905888,192.71998803943606,Critical
33749.56634098079,3.4302458395766315,80.36811973694097,45.98107683344341,11.068538775222084,27.15380815364417,15.924208554926915,28.26404977717644,31.38092590451364,39.415551876458764,22.207348136856726,71.84884702327776,349.8744388821447,19.43708038064411,10.793085526270218,13.797136385687892,1.856916091900383,82.86220946147748,247.3839658834542,125.1162115380258,High
1413.2521394537557,0.2774973610320961,82.56335683320175,39.47699467227554,25.409047093826867,29.460791214638,18.226561195252156,85.57318063088036,40.8225300612246,61.39724429229811,44.5807484235414,64.97785998753685,197.9370466950557,39.468304395657825,50.85190316125857,8.31689861423992,0.9173012972381784,218.06911188333862,104.86167280604526,167.79838727221843,High
33975.880108059726,7.640288471655138,89.32262206619092,49.43378289747986,29.73558190392309,42.944650831420425,17.644907531474363,94.43567267965318,61.069532613802565,87.46889030975916,20.428119477224726,80.92058477412189,440.3771748606581,29.60116265234376,73.0079026495016,5.005466572427082,1.868340340883538,159.4927694339756,98.48737858849019,107.75067728638234,Critical
2467.437006319588,7.09454610937242,26.665231200681436,38.85118773420979,41.0519790922731,40.68455136393722,8.723666159517798,17.36767769782061,35.64714498195804,54.90137078435359,28.01943973760516,89.2942337316042,424.6468903255821,17.853859705046716,69.83927849992125,5.057473724585088,4.425869302130452,70.02824664332806,254.76938142822732,57.472139778466975,Critical
31298.865865734417,5.221432354559059,38.43514698912494,58.13666383045747,21.97717348893813,8.346153095374385,9.59715312412747,83.29138840571142,44.01893045889655,54.66736242946585,14.682686225486052,68.24356554396384,104.07993147187418,40.62812274472568,76.08418524044703,2.2416795647661187,1.6001285266222411,138.17802663361988,190.9379314830794,141.9531515770408,Critical
18941.837708934196,3.333866287653626,63.537522393989335,42.83747687188629,71.12780496841708,36.267900036014446,17.67483431517377,43.19383430317349,83.4059593936348,92.42807218616295,49.44047450941899,85.27236691051655,454.0478280732169,34.2381406951848,45.745465488803525,7.256388920760521,5.045085952950242,176.17721079597857,95.09711418882668,185.40361184436074,Moderate
34760.80306805621,6.69969159647685,48.70420318885178,55.479516574934806,59.34377929119353,22.900934187297707,10.037295738023452,54.54615795306987,26.128886460492314,66.09483300058179,82.59725095527338,44.982846071140415,231.61873831763722,11.799721824293085,17.592292933028208,11.933031374168126,2.9231985717262057,66.35903409393518,216.94756485010885,169.83371816591435,Moderate
3509.0832010035615,-0.6934765617653709,43.47116267026668,31.027913520638283,15.96403342917634,16.143147347000024,6.8903333612442,87.75935794002336,17.39814305337403,65.29528699179255,62.737226082990595,38.286964696385354,367.3998332644608,29.68077676779658,46.48724439193727,14.537812765451918,2.0730274152174553,168.90300592881795,109.93191496761852,47.68908518561608,High
19831.045669644907,5.90509794274885,38.62489994684744,7.02386477891176,55.506471579795196,4.400903403304945,10.60973153502501,92.73723164088496,39.55220066197174,40.95279135003115,64.57107749361506,54.453415162627216,410.76656334427327,41.66313542657326,64.7887249173292,7.673446499382238,2.592025006383464,24.90403970717543,180.1011281592302,70.20893262180854,Critical
33956.286211049366,-0.751791860331517,57.50245055547617,31.690663285381028,55.755953348393426,25.387978896581647,8.257935624293486,32.28393238474795,48.193909031249035,68.6178198269701,28.052562707491628,74.21892796646266,262.45396211345115,23.34781777336774,60.85920866051679,2.7580592628875196,4.315081095442251,86.36753140597789,297.8638686964624,108.20732805499875,High
18785.32670178506,5.942106625494054,56.04747429120656,7.612369683785598,76.93548215505393,19.060960674777505,4.03119258802729,28.09231553159267,58.83933539229109,66.07283739339171,40.950445892712985,34.97975591509789,211.56893089799155,33.54533332176169,7.052205378860743,10.339370877102109,3.1973976788267433,173.38337575563696,97.46236881264964,118.60462609485239,Moderate
22399.553696598927,0.7576756825135695,22.916626725139206,35.549608750584305,10.211460994931286,14.07262590446724,21.093194752363033,16.843907480278506,43.518132655750634,51.74811762734912,86.07178934567487,74.42817537215132,459.4166569352472,43.75746099153385,6.495243408219176,11.424832738355843,0.24221625105533673,50.09703039012687,279.85254020541663,46.824681747120366,Moderate
24655.455425476983,6.770905810181889,47.73918700147512,28.949583631659777,27.355271486406505,35.34424302065396,21.621561950611834,57.75281747628173,81.09205302005246,99.25564527193444,17.907056589386308,51.527491885765386,130.80970540900313,31.687808058494156,96.5257831155212,1.3539863165196022,5.549478310193435,67.21677220098724,102.98920014256247,53.70234460288127,Moderate
16454.39620210429,7.440420938253979,54.27774209678799,37.354523869966904,74.94540355627208,38.935298591148175,7.054256903838228,11.156373613306803,13.538753890162594,90.55127719584694,87.21375883016803,83.64602191141056,143.34563730518937,6.404863659941467,15.180545503977106,12.797045205579064,0.58277681741074,221.5869232342215,166.68314426869878,154.17790311673292,Moderate
22336.97472285816,-0.5120403059488436,55.62295509851124,0.6028188632898956,75.2493740778798,13.74989691341239,3.48976058907964,45.011355296844606,48.85907843787022,79.96690320614525,53.53210236383071,22.946865368264262,193.5777507264498,12.51606069004544,29.446246401172193,12.491039132939104,5.6440038231234375,173.46545836642798,143.3952989837216,148.76030917583907,Moderate
20866.686605385406,2.6267560506539347,26.808575432988142,11.690429499321846,60.441049355944614,4.373476960608668,18.99303105907713,16.237641415420725,44.40303231907642,62.98764707304004,85.34326881926056,73.43861102635157,432.54357342587144,27.589146805733904,76.76344821561655,7.246353494375033,0.36328637699631705,132.24589691031832,237.1162730797415,169.4496747794893,High
31639.372356693624,7.809873781626852,69.38171138018294,29.479825914727854,63.6034324733278,42.74012962713128,6.865158394858515,44.44419154899339,68.28206417261731,56.96478415157042,38.62057774549603,71.98578693199741,470.61836682227647,13.848900060991962,40.967707582317495,8.538211023653265,4.671680142753201,64.55994714995128,27.716882849778493,187.2566633832439,High
2545.176931609568,2.834074359731466,12.01592758568557,57.03021369534809,16.403807055075298,2.4780675778065593,11.049016257047786,13.394236087576788,96.96486267076564,34.79179161785595,40.49586564247187,95.27483809002516,125.6325030823337,43.17429333173301,18.14648532600327,10.787098536550511,3.301113307463072,95.23126929683065,191.8654681799125,68.56961259151143,Moderate
10552.74844613583,6.635475225145452,38.38654844345301,23.016542421309506,45.971308434476356,46.981399708230654,3.475110801459815,80.99346715174535,55.93378659659759,44.458997921169896,77.64443814908284,77.06940428512564,434.65767086299775,19.43013746295347,46.72323823097815,10.248197438424032,3.133211847503815,149.96766709752941,230.59341386115864,173.32304174841008,Critical
33313.990458602995,3.887315221313198,72.41701188285069,25.46232156321808,26.210809390229958,32.125753951169884,7.204200449444009,27.8278144847781,98.81891622475484,81.91686398585682,80.64965560529981,83.7041517138625,143.93742054491327,21.6609074464917,56.89499707633659,0.5430788794401733,0.6221153147552263,51.49845956759709,146.92200690081458,136.5422403424754,Low
31268.968652291154,1.7532990791960188,55.111433684432185,42.88176534039733,22.68526305295321,17.448638489663374,20.236752401581622,37.90624038042252,37.202445542187775,56.29991631500411,30.66802101911321,92.36728126825346,485.90779843994625,32.16889001921504,45.27666092780757,2.099798966572741,1.5847210599599144,128.20985877607438,40.53485589596356,191.9763805394419,Moderate
16492.32959471424,0.8578355552587018,30.892994600868818,36.22756543716708,66.72123093863328,13.830939659683338,20.501118279049642,83.95407971154332,12.778131928821491,90.5815613255601,97.55841923397149,74.00415346335903,306.7557881511595,24.54273844770059,91.89460754721091,2.6900811699843117,4.709774438978114,111.10898262243526,80.9934539105958,61.69408964444902,Critical
22084.50832525225,0.03223091086087271,65.59624954744382,17.935569005899993,19.45266956763832,2.4322718846948117,6.76295097241734,73.43261521323743,24.909685072877146,31.8328909076423,17.604109382034604,43.212290796797966,23.40150437474355,18.43227657621704,28.469929509950433,11.408435569359852,5.369307013550466,127.02152523549029,207.10498732925046,61.23758531150986,Moderate
10430.960221358511,5.617981913776973,55.39127553248587,24.648983734045665,42.805614589746966,13.302628016522103,9.72601843745386,28.61826073957497,45.56123962971106,60.66776768109092,16.16526667919178,89.58190396668176,36.38235395416538,5.295428631646887,66.13321606996709,6.769228374517986,3.2688883501072814,39.806793000870364,269.6768417950914,143.81575525161807,Moderate
7396.119430607884,1.8654050682302787,73.69948875651097,13.061987931433947,75.70047677102231,8.610958472822773,5.087483639156102,16.111450585887162,38.470051826969694,71.7572547217047,63.595379375749246,79.80624955807801,90.79257478626006,27.647160348838145,11.22947214098977,8.318888607886329,2.2493916989030533,40.02681545558171,132.2664960301417,186.3980470672725,Low
16765.745767959394,3.112754622007511,68.80201489518586,57.96128754781251,23.00824388957398,31.38397859471099,3.7059704965532148,70.83227103270386,18.73487178850399,61.34787650463408,75.04666909944594,53.95500832007148,110.03511575300323,39.30594132414349,39.228545766402654,11.658505322363617,0.5476706067724229,241.5660738953855,172.51949017269516,166.66560670942258,Low
13013.975752885795,2.9232548000118195,58.80863376289877,7.838062893441585,78.45953966167642,9.994188252502463,24.819949432313418,43.20971680848929,48.93940969216452,91.13815132679898,96.47975163024765,76.84233381199697,388.45717895676637,31.487784995682414,74.09932515849736,5.312439355242134,4.1566354511847745,245.15141742532063,76.23166065078999,148.13751598073767,High
20844.307802929652,3.7727902923313126,49.05421402486512,22.31020707398517,79.60015900327413,27.374232201757728,17.078660878631304,75.11679992504881,40.43041944936065,99.16506254633119,46.445120271897544,89.41511017449136,126.92762068013595,18.404285432018945,22.481694058946545,11.308686341585965,1.8149903419804392,115.14869460927729,129.54186107069273,83.58874763090377,High
3642.9776568094844,6.655771456245523,20.654570053401873,1.5503383332006715,48.893200827768204,30.3255882725346,14.468219711561332,47.85005565189289,21.035729841169463,29.26677266730958,12.27622680906698,98.05217051130172,485.18797762393274,7.4922207787945645,58.977104565441266,6.801799337054526,0.5190795469544515,200.41393160794678,107.66904425344254,146.37579359337505,Critical
34129.42346064966,7.807393435834294,30.906641430830703,13.306769516012784,21.909991812401053,16.306001520651897,19.60646550932189,39.410205102643495,36.6505417550718,30.39639232615368,64.26067055017663,96.18812031672442,325.3337874574104,37.10254203688249,15.343702920906033,5.844548760280836,4.061940028772008,169.11098532692307,200.10240891174186,162.20815952185472,High
34531.1653123065,2.075842085738169,43.52795783336682,46.82826830280929,32.12734215586269,3.683117552898498,21.321774672817654,48.35245969805371,89.77924498198514,30.425929084809688,36.072641853889465,46.02622614113132,352.4084044416885,42.495179575941805,10.270169136137108,5.195647781604679,3.0171748024957985,42.47546083532141,295.56269598578217,153.12427916021483,High
24737.498276671336,6.27518922106303,57.943942960511094,12.070513937332768,39.71449828735746,3.788186269481413,20.554439665028735,73.62751378200753,37.184397894040615,74.4941676856422,48.9652409075862,53.73549709745454,124.5519292568996,18.695738604239384,52.323274892504266,14.484688787738028,0.26938046826999884,84.71948447365398,245.858001075849,138.59405167436339,Moderate
19227.276455700092,5.645277946547177,51.09662841722439,4.8038041517379355,31.652695705075605,3.264671945308045,2.380407333667162,86.6887243559318,74.25598809178464,49.81408763966704,53.96225340249417,28.7629283981897,448.49903076564067,33.331614134914645,67.50109960860287,11.648009137421989,0.843359426816813,88.70808103146231,65.72772962859369,18.954937821233564,Critical
11523.938953735144,3.735289514555733,33.05476207676236,28.467190790671395,29.644490591356103,37.47798402255422,6.296581658381465,14.230211710028922,65.084237169198,78.66517290127248,15.806134966423045,39.80354296144368,340.55099495356706,19.662827915302493,11.336706623448345,0.5968803293708818,4.2553711896264765,155.00699219191762,177.5267920589624,135.34583729181367,Moderate
28669.030670036256,7.560471436119331,10.517148623176844,0.5981540840711097,78.05607964514503,17.264465831086312,17.062821948710116,54.54948100429119,48.44630461675346,52.4377178309583,53.73836061076925,90.59369667895602,434.91469968409467,23.597478370644573,91.7776252372915,14.374007651817566,0.5692937317815735,151.29452739390047,29.25939733503646,100.87598454175297,Critical
24280.859866831895,0.00474515528402808,49.69913775206511,5.08596926557999,20.735537919102192,40.222408926447855,10.642464999491146,12.791011472129597,31.512307312330226,70.2085377065651,48.36877001238833,48.86799410234872,479.11092667098893,37.96848436650562,22.577226269746685,11.698962556982098,5.2225857760893435,232.02454302014755,81.60549118436431,192.69816159444025,Moderate
6528.975937726304,-0.9073578969037859,32.85007908497945,48.45755217377851,61.33295361018036,22.72317554445676,24.59710097440546,49.814811327070494,43.21132294113509,81.58864045431147,74.1289838757934,69.64421268759048,80.30766901260628,5.587246715079604,11.997530815930002,2.4928683024775564,2.0056924090356096,200.65853378442438,59.94312605751322,125.36607784164349,Moderate
31971.524272790644,6.539619669554222,68.76866405684281,46.288400691576385,10.02872026074224,23.743908839838262,17.304310230679842,85.24904047323653,63.28964921239385,63.85727285239365,68.10993200911102,73.27724946456266,66.36187052909392,24.80441999782832,20.269890835021055,1.4221704435463618,0.7142655285312627,216.3592011816988,107.30820591544425,125.56317868470686,Moderate
28966.266259387747,2.391498166337483,11.91570122163868,54.90832922429376,51.73278685816638,26.61836492045954,24.00062490077175,40.73517264572632,41.56778932744194,63.160287236000485,26.669414633550492,82.54634201146496,405.63575676302514,11.228671810862567,16.957245653184195,4.830453176793965,4.606592793374779,224.4387241985872,206.85605102282193,198.87048560025247,Moderate
33293.19705192542,6.469688542070605,56.78622490446327,51.27092615464497,74.11601027678367,36.22550990600499,6.6332690778532575,89.25828579185468,29.340679021680863,27.058746022850755,28.552502638935728,34.62400241965048,435.7405083652017,16.61165565631778,9.0674650612949,9.475468481387107,3.241677959827538,203.3000180504204,154.82406190587977,27.781680058372032,Critical
25674.463285204238,6.930902051954149,85.31793900048524,40.99053379438909,30.15538658652533,15.128137559825939,21.87101164664553,63.6017200903018,20.48164740024689,52.86253943275479,32.59055608969359,44.38505076915484,300.2054820214331,29.710439459617792,79.78392347787074,9.363236330497172,1.9785121877999259,93.2270963484203,280.54368535047314,62.50009416906705,High
21856.116661816854,-1.3754240638092856,23.95274136891996,3.1399714380397703,22.986818268040345,7.836192777609291,9.391103033750182,89.40320422240553,89.17902441186088,63.66217225799501,26.10553962674596,55.86690731665445,195.6802629202499,3.1708217304844797,49.5537774744111,4.35499683969354,2.555370381681754,65.5280482636075,71.69716355606752,134.6550934041149,High
15220.263233881042,6.834647629860607,47.73195926004763,46.97091707919945,55.61758564148989,28.690752089190152,24.759990589469556,74.35916316006417,49.62816781767151,56.9584660533128,69.14918797016205,49.18728489906188,333.2622253161074,27.534479255845998,38.85194403786828,6.851422186264041,0.32419189450799013,149.36532443494605,115.62065241364266,69.89488864653119,High
32712.76843403645,2.4831905536942216,17.313759345371054,50.73064865043363,59.88209851088752,17.694925915651485,5.626839457682388,18.791989165144795,66.2687489568637,92.06256001507404,99.49871612802436,98.63241862877518,166.7187548443795,14.188016296511236,95.06279269841332,3.4147852889919115,4.043651517728688,177.0485543665299,105.65724726981615,75.76852810653317,High
30446.172243013883,3.1043248900423226,60.05455298090821,47.94492874631727,58.16213632663869,23.239583056065797,13.87581583328151,29.64786624282755,54.136932502312476,92.52245056955915,68.68975064643429,86.79526425709699,134.42513223366473,30.787827514747104,37.10083870647908,1.0435066719510409,2.3214873959879783,105.84347270634396,78.42945152837967,179.60253856145061,Low
2537.43478361044,4.265925110932102,54.042534447698046,30.508742118481564,32.352181601496184,33.05344200019066,20.235424278253806,43.50448863959802,88.53098665221671,85.75339044710094,64.60133915721622,58.374940369638885,254.30970057308744,8.087998132261331,16.69727260471894,7.899465871175116,4.341417904423152,214.35958274165992,298.0195230466109,120.07724195756134,Moderate
1896.4771329065682,7.263826067300867,42.589241937026586,13.9741103189689,27.65416815115316,25.71803557478099,11.950777053892825,24.459084971026464,59.224136720338976,50.0238460298496,46.89351400159652,90.34149008691743,123.75383725106225,33.63989896409568,27.404289192659625,5.40076967350496,3.843392646524774,240.7331493122261,122.29540817848579,29.54446073278937,Moderate
13799.754473853687,-1.8088390557023597,51.7101617178993,50.7197985413236,76.9143159973431,31.773383220840458,12.765933384315874,52.067486406016144,53.2703276154202,77.38393213500274,38.13222329737846,47.81223580666374,252.177731991283,29.76250794980806,23.896653358859645,8.280371754779571,3.97727427827648,148.80799564227772,282.74760434488354,69.06389128919815,Moderate
28558.81324658232,2.768434683178171,81.72597267752082,43.62976858440831,74.63096557889506,28.121600101454135,24.686183296632045,50.0662932346267,93.21408913795413,51.623076885568786,91.99663812158313,82.86626591122116,479.17112262251453,43.7633988138551,49.87412795633048,14.21365764031564,4.798777723825708,122.2991346208113,123.23730741736695,24.45109153488943,High
34567.38839670811,4.877220424305607,25.703544184885363,58.845670463331096,42.01216269249742,37.51022585293276,11.782087456926526,91.2820318323274,74.77206364408191,38.60748791806073,97.21016867279377,37.894047848516294,423.09633709634744,41.18312062010037,29.150512395457394,2.40754358192122,3.860716854582256,213.07847248149173,69.18658683479167,115.6646873549576,Critical
6114.174297519959,5.227069576982284,11.805160936427779,9.341555865355975,69.23357063080614,35.88495765015776,15.893658313778463,46.866870046158105,20.03949166121716,47.43221148407053,54.709855802895504,81.78576361810927,471.9828413600107,14.1820231175872,51.606117218636186,0.3288416691710433,2.628610389602976,20.703343542505863,44.56983589798623,42.92095731143804,High
21200.444321972594,4.92532431537108,78.93319077592808,13.539874983123303,41.66264343440072,27.64111480681372,3.254412195528466,76.77827836447982,25.993401507713266,25.67717066284284,36.11804459559017,56.516272255658265,407.0379079267321,3.17461262719379,66.92934249467889,1.4301097352472403,2.4615798580608867,45.3179647210483,258.11332602089647,172.85187850477018,Critical
13950.289125454732,-0.6556487059187814,56.16936659103252,12.707888992890162,39.70723126507573,34.58734500126593,21.37083184483598,90.06239631237578,80.84105766454977,46.542200720371774,79.31099869027909,28.59994567937939,190.2804492542128,30.180848127805586,77.72987857132578,7.101811952693946,0.8935762192361636,213.72954986647292,19.30831574067269,119.68966502673497,Critical
33977.08952569651,0.9939558837168123,81.2526764369474,47.5523860572802,20.973406331950628,43.93086090908541,16.9078651265295,84.54405063278877,85.22661890619588,56.859377380893726,21.92111117801906,41.860996364446585,409.7817145047484,27.924157727200917,71.01577812672308,10.691900838094156,4.720771796306202,187.02671762727823,289.6744306183916,21.28137196690799,Critical
29632.043386614096,1.5871552541701348,57.75561787305381,11.214437787007089,39.8484239544381,22.749021813832094,11.292462365844711,27.736748083485306,59.067174618126685,96.4384715824664,78.90294138793134,52.18196992188517,462.99955690554276,3.179437056957181,20.559071645636095,8.837224968762678,4.614428962176806,112.7921240780166,131.27545141780905,67.16637608862061,Moderate
29503.175960178687,6.0443720767950495,74.8128871967762,3.9995897893983656,47.61918570198649,21.812627491942095,2.371899418953954,52.16254101155126,59.900970507997535,45.072846897569995,83.70535368802048,79.94343293315497,474.57717816178615,7.275133755711485,11.589971924275378,7.5749507283940805,1.628530529096036,223.88018656523516,81.73856181446357,127.1041567748641,High
16935.56743302899,0.7875987241455302,44.373869068411835,59.91364839513772,11.575302920008053,38.68378980091425,15.608382873650589,39.55788149515369,66.87396665663,92.19628313644165,21.241355016445063,25.83861717847607,347.93496832879856,27.142173295047378,54.24501591012509,5.503258027058462,5.203555093649239,97.59269759666597,189.05937834245512,73.74468045682737,Moderate
15103.863079480616,0.10704963867203166,69.9887945030615,1.4890326867089487,41.08791036227845,29.962584178015714,2.2911300551357305,43.98798908666332,49.52041968543755,38.308662065879766,97.91753219169074,72.76375960741117,121.45598903125432,41.20857235387015,19.891179120814517,4.856620321513064,3.6162188951856438,163.9536590987256,48.544767632494036,107.50356703285159,Moderate
10295.840445644011,7.574480190380962,83.04331735118848,50.11464360953194,64.69493528766402,5.40832545068425,2.0276831199074117,40.66858023088885,71.21792111355136,35.27751182073995,98.69610613496306,77.28109127462749,39.06999361505161,40.979511890076495,8.493372177151326,5.831406774043207,2.9763836858884902,164.06860052659025,30.92221633424317,182.77883598971977,Moderate
2916.766886131522,-1.911367148865311,55.7698370977765,21.922010493039167,57.60322394619889,44.821376753171904,16.170266929435158,80.24053286487535,19.763313180977413,61.51963651457319,94.30475313946161,72.31370959406011,90.65610951687476,8.513857348319219,52.70943429794171,9.291033823933349,0.30147854942787605,58.317994764345514,250.05717205377442,76.50683439619289,Moderate
30400.560792671808,7.978208556819782,24.462812044990365,50.49692758546892,54.460989220475454,3.4775889074067265,6.347392548694748,48.43181968540804,96.51513181306477,73.80090954379247,54.64313284656379,80.85357105340445,483.4625205890938,18.536679695425732,32.67941851077955,2.765983151223382,2.4198988780130346,81.94015799855363,133.15452464134478,73.81584386925971,Moderate
28638.634310422636,4.768212988573956,31.50380920241585,33.2772294726687,73.66887999060418,37.92302509806767,6.413413643516192,54.5140182407985,77.51393414154295,23.546580064182514,32.14667280491456,34.253489281827065,241.8064756125293,3.857723167143483,75.61490119385039,11.639022620902999,3.9158904557668457,230.26162683358015,160.29392451031427,165.75379984941276,Critical
34990.40089172844,6.28469299449117,25.89156615179246,54.097873769181604,11.2622406877661,38.42211884980702,17.025246014153105,93.50802534900134,66.80567836081062,37.68526920377734,62.380835279372164,66.96826840504299,430.3932871193876,22.17868939360595,31.419163054841803,8.756222629368722,0.7205374585926241,58.102490641453,61.241842573768814,70.56373935418628,High
34885.652460512785,0.9461939634619316,29.748562207658633,55.5715791848776,48.99333103345639,47.74933209353266,3.2350353226056083,15.098238136278898,38.46898513085326,56.454693320105314,47.79404546242922,95.29159577631039,243.22119370797972,34.382588765947844,97.87171370558137,4.256598750887986,2.86549039154778,55.79003613419176,27.81303091281326,24.812085386674532,High
19884.677990489334,-1.8568472233294002,34.51323594808291,0.5458908768465598,65.1144193886795,4.598451603311396,9.208327913914797,51.47639938221365,24.485993871105624,46.480346878654515,28.53537802454774,68.86274158436302,337.1924400607229,35.96882658872129,75.85231912607081,7.66694855332587,5.961928517897258,127.7096363274604,116.65507846903554,44.37954130512403,Critical
27145.57211613736,5.3786951856153005,54.41070294025508,4.5247305595672955,47.89347678908871,30.649129317655564,5.436933749266439,75.79524509041987,46.840866744605016,77.00968634786575,48.13087686560628,68.90690775623625,31.58757301872015,23.456547063652636,5.769322148886213,14.452846708971945,4.3559240958125915,36.666381535892626,156.78241319022592,190.27204765129719,Moderate
33122.03481600255,6.341445970006758,57.03933035710662,15.021523774251328,32.67268868062654,22.53634739009854,15.344056505320278,22.848766445999253,69.54190665166527,60.89284768330535,69.75008521098314,78.91517136906151,139.93517250529607,6.1223960124533905,50.88727403562762,0.6012254784343523,3.3718511475093056,225.23715441132774,231.9748803446281,187.32563058976706,Low
29888.01128303199,5.404761319535192,44.11997977934889,40.1589249818101,19.53753955643845,17.870381833258016,17.220598558730103,61.98018554225578,67.03387690807998,32.82872844831202,16.382197970739195,46.656338570068726,229.40925442044283,18.398650932807357,56.262050121411036,3.2329828212480685,3.2915907326466445,38.535047503430704,155.30508006828438,52.71429724784808,Moderate
9409.835459268721,-0.571497126991614,59.23366238566683,53.29633179069036,72.12941502713339,6.335290894355506,18.586124632778002,30.354506260429677,44.43770395590143,91.55723034520724,40.00762013014149,76.03807210572324,322.70290263399835,42.08038427889767,69.53027106815976,6.891189526578186,0.45383747709752764,159.89100705758668,236.92703512891185,115.1653558887503,Moderate
16318.500600543179,5.53427922256969,16.525994048909276,27.596517077637767,42.95336746713221,29.007397744222843,7.870317989127005,83.72934962408824,65.19577544498168,43.432454038668766,11.601540101154267,93.29870666505721,102.33017026552568,11.873339930347731,49.77967970337582,9.685063910163473,5.752423736966029,94.84873626464976,43.47550610555102,36.09993908037054,High
5391.42011515083,5.689227821076409,17.023058964652797,36.41838697645593,71.4680637889991,24.993954832381455,4.052744287641432,37.80347155900674,83.23734660107928,78.49048871715388,77.4545954915508,20.87163784202744,386.98470284983523,15.74944134624724,48.34435984145732,3.419755514396632,5.58343042965325,204.00412808569294,28.54920389274597,138.1887494171918,Low
33437.73492679656,4.585405156700549,23.746356828612676,11.309991167733669,51.00964857032178,7.018613991249165,3.80972410966365,37.97033943657731,12.365629510384636,82.3932623284328,67.66221408550308,89.60904328870923,194.91425894539393,34.11356854491205,36.79386116776128,13.991638041130084,4.1579473219175895,153.60552525537156,56.069679601600974,45.20810124186403,Moderate
21609.937571329923,5.661159327955862,51.44619984322758,48.29801003290112,57.19344816305006,31.39949634066,11.801485614366648,60.84647967402095,50.555894313724814,97.05261602048817,15.640492123176928,37.48946650070873,412.3689292322645,33.54397392209534,27.146138389917375,9.745808582642239,0.7742675681529898,106.25194315366797,233.8835167977313,19.460180355104754,Moderate
8773.855387117732,6.4592143967773215,27.119574295865085,58.03968668120818,66.2982808064915,37.42174977214105,23.754421408442447,25.602847190192243,78.2699705620112,59.88059732192811,96.82638036417711,56.473861896030016,67.0251633896323,41.224698385072095,94.62002119767344,13.198249649659529,1.4054366011467414,246.21015136803052,230.2057669432234,166.73039336967187,High
23837.82326979913,4.136041142374584,32.662752279406185,16.115935974875846,56.14088812200941,38.829358450575114,7.007767787681566,34.21553430676019,59.15300234170395,69.26684123715458,12.035940141439061,88.18782407621103,346.2831620875385,18.689103700976144,31.759666963437194,5.140973574679682,1.2666753080783943,30.564282289399706,50.99666330808602,71.82607271748888,Moderate
22016.360175568458,-1.1139528603032094,42.025026893839524,29.68955709603278,37.86383884752564,45.457913036596516,7.905056830855635,45.41370726014998,68.6328479136163,46.790103478362695,63.096458182847975,85.91297019653032,160.7975999391249,24.12774512659452,6.342132458033067,12.485622834307454,3.2135552135870693,150.77978125920902,18.98671089269713,30.619256676418434,High
13177.532413116576,2.8762780966721087,74.94928992083038,5.1669666303824275,45.954336875005566,21.654595610661303,4.320442448434756,40.05921836690938,56.50087533448078,74.25434347296532,79.87307156191503,91.35419825008447,401.7839235788566,22.097875832480536,16.728473929341227,5.85982248842186,1.4052624721115161,247.54855321285055,208.7317615015279,168.4417506638228,Low
4860.958134787386,-1.2235066532839494,11.10897087302881,33.548199387778105,66.21318672731158,47.74749289386257,15.928116299560395,54.614563530474506,99.26870902140799,57.07067886930558,80.91066817402506,95.23334341060209,213.04180498035709,41.893343353965484,85.72766360412896,4.015451055179713,4.23564325695635,177.37387115505902,258.03171714046346,154.8555207337682,Critical
23833.488650155185,2.0754303103243084,61.95030561892979,30.16700651080083,36.15552074610889,43.54061144396893,17.637076100785023,60.96941224586213,14.91593828401344,55.01218917795378,13.085662203388342,55.772556541740684,339.3678234865119,35.0812153194593,58.66334591233839,13.701333485707758,3.3623333386224563,188.84586343591536,228.69123169795284,139.91410558207394,High
18690.46183072897,2.0710648912562766,63.510122483254825,8.666189049304656,37.1685019737948,16.232075409149076,16.78741778769748,58.16673356876399,54.19403395951396,88.43740232928843,91.57736193763954,72.50910486408056,468.46652894550726,37.75199653285547,77.87805493770657,1.655611592479162,0.3024174268474018,22.54141897617919,68.81170437837267,183.13725487046054,High
27258.825319011736,-1.3399015585975842,73.89246242853092,26.523972787084503,16.69830812406008,9.645585792774007,21.80599559002997,65.60430651931424,18.22748942030659,24.013507479895093,92.660650473441,51.238275242088534,29.90078336660689,7.723225559664669,80.87815461396943,14.160465302029142,4.515531974806779,20.020343327786165,179.29269019534732,102.95295650542069,High
18685.559037807776,1.488205339694793,84.62023512482506,20.046279125193795,74.02091046552233,22.898691014144646,13.18779420559965,36.15870891166472,24.380700590221338,90.55699422654948,60.52513358389354,48.05733739937327,25.336055520499343,36.04940779333088,82.32364392110732,7.040173526253801,1.2952066725929012,23.485876315815315,229.63605898140693,34.330734541491566,Low
29974.171010830363,-0.8900190120868516,11.611027915943186,31.30985251831136,16.37254204618092,21.291137981886397,5.092511937642482,20.746229308177384,44.47345153764356,88.16558702628456,53.38748789984315,54.52763284781356,389.73404104482245,20.61808694047237,55.06137077446087,14.891594460242167,4.984333694147926,248.05511701141452,84.19032431864147,21.65581788007271,Moderate
19764.832518332507,6.082352100092221,22.302696441057293,35.13926012572795,55.37464242139891,29.634526655897808,8.656318006201491,74.66864102164155,23.998608235043857,60.50930028494313,14.038071675633983,79.44609078261408,330.2686647238775,3.0035633617178257,17.712059569910487,8.232041409904923,2.2592635353132784,245.1871437741001,163.03903239714137,70.50379341233514,Moderate
20071.891032203133,7.476880259644707,80.89370352447945,0.5097347164325705,38.92361351619584,30.002539151731902,17.235889388691092,82.31633252360797,96.7318449360986,59.21622833645026,60.575872825888176,60.115259771324226,160.63026584212767,4.583799167961239,14.823275223614175,11.435076129609856,2.1639941438934915,93.60959755460154,101.19351715239338,26.497857726109082,Critical
30806.22249038373,-1.276835247420614,46.68148497496123,45.66035897697332,38.39335731788097,37.99937525023881,16.101805396055877,31.84552973890674,95.21107990526431,48.94458944283922,46.84411735932077,85.12477395586737,257.31041733164597,31.150041408598316,57.398442037511245,0.40394394016865875,0.2685405475136211,83.38072682246978,75.41687102483613,111.74679366594621,High
14718.4174512215,7.551152072917015,55.16725111467708,42.78085751170445,57.56862856008787,26.474717513869287,14.213071984088137,44.60281627343168,40.249868159854344,99.53390333453875,79.55257666677905,79.61747817569247,40.129119487457,17.996534969276702,36.65143536856764,7.6010022534144275,5.928828100953499,49.3003051966934,291.18090476354723,12.754813386399997,Low
5556.517767321785,3.2257659933674514,63.04217629785179,21.97718317239133,14.69656128409151,7.031486765156746,17.708181629839807,52.3783834419022,67.57729408339117,28.893546620307298,46.349521019747904,21.638276889951946,112.37389057339557,39.32896964860966,55.80482412457673,11.140566032786294,3.74962516719681,92.34797030371823,274.6487685122086,94.31502728678143,Moderate
1978.610994653525,0.9956567795387388,64.325328359651,3.1761561341290956,51.559404806600426,43.19798410654909,16.659989558585885,55.332781633999595,58.03779885344075,67.21721885028856,71.52227499922388,70.41905256849293,223.75825977304038,33.57374475666226,49.84778442378648,11.8075571933892,2.651834963878746,101.98523367860852,139.24364197593124,43.90745507218123,Moderate
26674.666692903047,-1.231379247238365,84.53923226532066,45.29595238710302,64.04222501806484,16.868699992888978,22.270472457693888,66.0566645424504,83.40282824641918,74.53452720899335,19.12673316137777,54.925689864687286,420.3413197863115,2.932240501679356,60.21980796975485,2.623314164243491,0.7604041458757664,190.8464619383729,49.66563770855315,79.97092833476005,Critical
22090.5247460178,3.0062426807041778,89.75595339293358,57.310509628687946,67.97489305206159,48.62227809471642,15.478376682000821,13.536274835202313,66.4701048835248,94.74640065735555,21.965704368937025,56.53031913209133,250.24024777284072,31.536197408948084,3.2111790736565338,6.458872970626846,4.2550587720758974,218.57898493613766,221.09311796298812,138.25647420643094,Low
24938.7121153736,5.945155444907487,67.61259687447522,14.409095761320852,21.93712725756427,7.657285216628967,19.9078312501128,71.32555203239144,10.022720904150589,82.41627974854092,22.57391715842425,85.46984430959158,301.45400217246976,10.271156327491317,3.283668063012335,6.4603577843542785,1.8398367259532453,190.4827531392262,84.15332773718387,76.68311649963329,Moderate
8240.781491302965,5.070864772666981,32.977696736412064,19.411476824222273,72.81933350547216,47.99605626716016,7.720264587228761,15.267535593249873,78.6856947048765,71.50777622492375,14.097294981976916,63.80863888677414,439.40182015701464,20.17105045426822,72.15951708485088,1.8235198849361214,5.932028746578068,166.92164875745954,58.8701636930474,74.85457856804089,High
5636.630169950172,-1.4977398853602624,80.38019218354749,11.028773368908897,55.93022642932095,6.368566730360815,17.598199445548566,49.80452825219377,77.21633091665063,29.344985344969814,58.71959733428234,90.84974587671577,168.23307852264574,28.863613691287398,19.312724382271984,6.81276896306456,5.713174683066074,194.9865183508675,120.64341514407353,198.24263923950537,High
1494.5186327079855,-1.2709816463209649,13.937673163260929,34.61616740069038,71.7298360574478,13.089734621458854,22.750464722801542,80.3520465233815,55.875043500983296,49.89868134651739,81.45709534392724,77.02444739133523,356.33567412898685,39.52686717571479,65.21984621920564,12.16426649283128,4.464720737056174,188.54690760067425,163.65644465835433,146.57479731799438,Critical
12919.976999424298,2.0287328263263706,28.486468229959698,9.290483678847297,43.969650197713875,4.235837220153996,10.871843541696165,48.35330162866368,91.26270759097484,31.10733140383882,64.93700833242994,64.22720070112422,433.6002841655616,21.612209200853385,54.65759107914545,4.712656842999109,5.8322171956412205,126.80117802664277,38.257695647920244,107.63372525150976,High
21057.201353057524,0.9529049404794327,81.79085739709718,21.371636607682767,47.942334156804144,35.845431038671755,19.919396308788873,22.67262864530106,91.76015851213614,90.4970185972411,61.74593969975706,80.3630380920883,117.25553633416483,36.76508953021878,98.17944714046234,6.658845471840081,0.8126764022318245,93.92507957841909,175.8064771840727,120.0813736895401,Moderate
14336.297533390898,0.32384323056047837,30.495321155148396,41.820780836055775,74.33267939200698,42.81433935544601,18.670153927495015,93.72787682550657,57.15205090339575,79.96969244509144,71.25615355624629,23.067924074032582,191.1095192709596,35.667523500427215,83.54058788830623,14.426092670413498,1.823509091111962,81.45346846623589,14.45102868116024,127.83469998857407,Critical
15874.147348806788,0.8100449890871362,27.65208476973988,33.606958980560904,72.99366803482702,22.83541192716706,3.369102528051917,85.58926427631238,64.7189408076884,80.60294294377834,40.568079076481325,22.16669238625662,490.30888346689045,19.825156052604108,41.313452133134945,0.7661087156059645,1.6688110749888385,174.6485329855037,268.64202757199513,14.669325798759967,Moderate
31741.395612787444,6.0348274329688465,21.05002345121978,23.187753859676114,41.37126113583014,46.569059602036624,15.374691121353663,75.56165882412618,99.68698647322051,72.18052142188353,42.5758664483406,26.667946153668165,491.9449111021813,23.542147027614824,61.6412820093165,8.995369988061729,0.6176734190639545,240.43646924462792,277.0150898908713,25.250272199797042,Critical
12840.685878792212,7.29228053631854,78.72894061175332,25.214976108452515,29.208884214497722,30.33435544426878,4.994355031618455,44.97848624643289,36.89382113302757,60.563482954936774,38.28430883988303,55.00522601177141,127.1503665410902,32.120855432141965,11.728945722547202,11.22851054913115,5.8389142682344435,151.54785894987307,222.59052431843693,133.34597675776382,Low
18475.642631433566,2.051026945275664,50.00466073528693,33.72665295739377,37.52193041949849,32.24034250143311,24.248340961303597,25.62688678559031,39.21555180803296,31.997684757079774,74.0898039568218,38.83601165015545,51.894002668461496,3.3393826898184082,38.6386042962381,11.484971780258322,0.5478497025519844,229.44372808098254,145.2993284865115,79.2490831811796,Moderate
27644.202433198865,7.061110021324971,63.99145624433238,0.3518836732296782,37.14350299708248,42.58012168163695,20.66237256211509,90.0199504205726,26.449651239714672,46.37559093640414,24.547630210369686,98.74090355326277,150.04237342882539,40.304890793367576,73.38877410898743,10.824288965795452,5.168795643167112,18.343902178642665,83.91991846336025,20.53436764406576,Critical
14482.454598923185,1.2149570124788198,29.125310726002375,4.710592107216591,30.080681248795578,16.24640984248827,4.523647428683763,55.24984575395681,90.62802452420812,30.953263398151243,11.172275228163194,63.38321112090935,210.9113395057699,35.102094855820816,62.26715841286536,10.978836218986014,4.655336262545667,201.70060198296136,225.79250630630497,66.52751674980897,High
22150.9478077477,2.764369863437916,70.64323368089731,52.8754840657807,28.80057230330766,19.004754623726036,4.800295945896604,82.45021413293624,77.00395509543397,77.99305142818746,63.65768020502431,72.99325968649268,231.68268844695857,12.724882900300207,48.44713243773578,1.1674861853938328,2.380029107334465,215.5966246206187,280.2211885660985,34.75384988006414,High
30320.366097389335,0.2602899781599972,70.80044359696788,4.672739345477446,70.27440555358035,45.48569212134293,15.672898662990235,39.07807548955119,19.50785639832177,32.8183020817604,94.81432282607848,42.30561089973573,317.02702751860335,44.19073798712595,17.65291040526691,8.151808301304092,0.3090827032528341,163.28355191676852,55.974774420257475,184.09963002300105,High
33283.70120435984,4.404760421758439,35.00784199266401,42.40821577263031,14.890334447926318,45.24624780986066,9.932451005983216,38.499506951755,98.35906160781691,76.16908401373485,64.84671252966743,45.7437526870087,451.76132486314225,9.713785161353607,80.31459261575446,11.809645353361663,0.2353562488948432,234.50433485000644,145.08837689633242,48.555824585091855,High
6000.49835158729,7.78981115174809,42.85461064082263,55.20228984654315,57.43278274697159,48.8711732576418,2.8028347586815134,93.77094085729333,75.78655373450044,75.38043116767238,80.46294876468056,46.836953131292475,178.56704571543798,41.305726969289275,27.31666044115769,1.682756220848745,1.3831642760247547,153.6295533271054,101.42587445041917,37.30132750486997,High
32503.97925549081,4.034930960433787,26.775222194416067,16.241016258103866,22.09740360195166,45.28823918920021,14.457754680160221,54.35580912206223,86.54698986444771,56.74435831930311,70.5511638519427,75.89885641202405,427.9925770396201,15.95235870789378,82.04790816619095,0.47713385908695755,3.064484164196,71.52617209378609,113.45511882331388,128.97207524683716,Critical
17731.9539647043,1.5781408411354887,88.12488186583235,22.229486223570856,34.115412537584426,8.113857729601323,10.920437292774478,21.959111028163434,14.333571025588084,30.818292329444184,54.769298817071466,57.89649661514468,64.86988204478092,34.81530853705784,61.16090627949935,12.274058924514975,2.8558778734738777,65.69354892032565,127.66975658365043,109.16326675259822,Moderate
9780.309202164584,4.478174459905284,61.64820616467293,34.13528435068298,14.30801238943858,41.53876573457539,4.324759324550081,28.67234762955013,55.44648270479509,45.184066090722936,74.65531616054614,61.41469220240595,40.09985550714306,21.62419350966164,37.273142794878744,10.770727497227393,3.5946969440765795,145.62152267278807,286.0209398676881,119.42716626680047,Moderate
16610.615712100884,-0.7707932153461243,84.76351045724124,52.90253817831508,28.898154579882345,21.672246949260515,20.4441690218876,50.96526374838127,72.87384580543353,45.60744872604411,84.16937114696997,67.36023857274762,261.9416878992614,33.66809766035009,4.06052219599915,6.359434328642306,4.67736399603242,228.02372366660956,85.00477868174715,92.8301481276599,High
34321.10755970622,6.886590802653986,34.270843490330655,56.51433523562521,63.78947497820695,49.55846508540502,23.046765601412538,13.610027391514965,58.865192611465716,76.03081065146347,30.22584797545282,81.50493249905736,48.637867198690344,8.69867106139275,23.241884434437686,14.123827558840327,2.388656766189193,32.00646725244309,152.87599333711694,98.76216907710462,Low
17749.015195757565,3.0308395077983636,72.55127303975118,44.37379488667608,71.9510727183081,24.66948628778245,19.40166048232499,49.31538875715554,69.99827191293497,29.099441553097947,40.2517432434831,27.22957988099825,208.39510459243047,13.58877771061876,88.9070925488164,11.568991991376627,1.130109433954041,157.03177036956407,285.9313667819192,157.97153561095462,Critical
12177.55474977528,2.4934974203964204,71.26869151077936,5.197185651281641,25.506900633165692,28.58413196010659,20.915713130374378,45.60997157681085,83.60866572314252,86.32549169728726,30.135315925295547,82.14991297750572,450.4534960972325,6.293886452297102,81.79743438957175,14.527555841616689,4.8402837176048585,195.90381615077578,148.05649816331203,51.785215116876806,High
22535.629046768678,3.858647884535192,65.33245214932333,40.149249332091046,42.44834874812453,27.42919593232633,6.9792830471207,76.2435825521564,43.69033566641766,80.88058321487311,50.69556600313969,65.0588055100144,135.91185737958722,39.20119120182554,57.48533129340979,13.96093431534777,2.1296059517210226,42.11948636153875,260.4438613572215,85.34056753793448,Moderate
9164.951038458565,4.2478386278940246,87.25111802134404,24.618223312359724,42.92268335560445,17.443377433197334,8.062177871127822,40.17006698158555,86.38018080568388,34.904553453941915,89.65580958250008,73.52763558842057,358.8683720599535,14.74059847408847,46.63224639621269,7.375015963795814,1.863915007201434,42.44087731732304,27.04178455433147,191.98682313631036,Moderate
3579.353155694573,-1.2822419377348697,41.48442688850524,28.242059969463696,71.15027140318139,5.601060266860072,6.796133426881318,93.51664473086595,24.662449428876165,77.53315054231115,41.06863907517991,46.20414118726096,165.1353883472321,31.862477864916528,64.71426793301092,11.39422198606042,4.633009822889565,101.0400792173532,286.3788213543384,46.09728322534858,Critical
5381.910544962074,4.826172212234024,20.457385887180585,2.9489034207106224,63.395933701306376,44.99125905929209,19.596458921407972,25.365443140576765,34.37974495237373,73.48105451742575,43.7020200217498,52.75094694531593,41.56162651622509,37.269511502885706,46.624812784330146,10.137113415472292,5.618008740882238,79.36207578418346,64.38403263755475,65.81698305795474,Low
5353.558524564263,0.41931680315529585,63.73670873952486,11.463728360781491,45.91540528576349,40.528439001261766,23.80209281549343,60.23386822229146,13.901105793459319,79.8496640088741,87.43305112047386,38.49326557231362,287.2114790769485,40.76098416431188,64.43048407191402,12.228244588359624,5.50677543566239,61.60382734001709,294.18116007207243,46.3977156143382,High
6164.691579418008,5.139526325065898,68.3447840381765,47.43081645201887,56.952304033024134,8.697285466864125,18.48725575487976,17.624440245701642,42.7984130201726,35.114284435895556,56.38368976702077,98.34399979339241,420.72967545764084,6.570775958403866,30.74040996601579,11.879019513089583,0.9971660699716358,61.693130798666125,60.91729092497904,13.894144308045771,High
5720.123870079945,6.225347943841967,56.004845876705176,27.237529982871585,69.31485377365567,39.2848770248035,22.273735592229787,72.37843863948848,44.191859034170825,32.60722577251749,58.1904099682691,59.76023780082534,216.54485520445732,40.399642141042335,83.84972179114752,2.552509959488433,3.118317290121938,45.70722261983643,138.8661248605425,61.26768575791737,High
22789.741323309296,6.039585075525203,26.5454314506717,18.09973449786893,10.667726781788145,32.04063997042928,16.69007918231297,94.55406348526758,82.47435374865259,38.91871887382034,87.47210829989916,99.68615326372783,316.30103669988176,10.481869442420937,70.19178934652666,3.735912317585631,0.7386476456234057,158.55069307425882,99.49820255603791,18.828814732825442,Critical
7183.922869570924,3.525009674078891,50.35647533354843,23.04114443789749,38.2023021735034,21.63890182004587,10.91617771285238,79.62678420888874,68.78176032606905,49.269736251918054,54.14740633229259,59.1828782449013,452.01132687570845,33.68678649841135,32.99756284276918,4.2062541845102395,5.773660561657119,176.70951684226046,135.63711211756276,39.390174017260335,Critical
12752.687633011348,3.2016989231075117,34.97517892553035,51.263970799540814,73.5070217093955,14.19301515658701,11.792517143397019,57.23480096122561,49.30503023401,83.4931984828641,71.34017811664557,37.58010115072538,399.0533661137541,33.340507832678284,83.06661148234411,12.331928820490054,1.4483217380856683,180.19001331657546,82.6521745784024,78.90959331284678,High
31490.8059368044,-0.5712403866058828,44.19732225333512,44.93994104429741,61.8219121590766,43.26698160810716,3.7323929398503113,51.203015378973824,68.69025807613734,79.033914998308,17.708019928665465,60.596191738948534,113.06067170855327,2.365635094861032,48.73425308531789,12.217903047759076,1.3450915336414933,140.10318439257244,289.9420496040162,13.937031243102066,Moderate
17114.695768937658,5.753461504031356,61.61748606757311,16.338923830864967,47.99889620338522,35.609036446114544,2.7235154906586,80.977546707682,14.750501546412204,94.03612738228264,26.076854181419677,23.167645743926222,372.0243004952028,11.486828057340933,17.46388647374615,7.581429600009799,5.355536903437581,238.93297337140817,98.66024538119659,153.06174752683614,Moderate
23696.963109714925,0.7140938044671437,69.61717941526676,7.050110412742399,47.07511689245934,28.29151565451857,17.995938896348783,89.55779720041157,26.224438241653846,24.690364727889236,46.3938580644621,92.3815841137561,260.90865207687295,23.152066130589294,7.771246200352666,8.838234211003241,5.813533219707397,221.92520273366546,199.44972449862465,161.1619126162139,Critical
6858.875620855414,2.966954228179466,28.57797527210745,15.119893298644303,34.343906832310644,31.25928962712628,12.083864516257155,94.0825546928379,66.42530697175795,20.924502481134848,54.53551610378874,85.4840200955553,378.0640677853207,20.06149238652113,69.96057476372204,12.455755648635478,4.246267103912489,240.0433185265758,49.85977198364866,88.16862245948894,Critical
7537.826639494806,0.8427409292751671,42.42602885175627,55.24538706328402,46.43643735490602,6.371176739944687,14.700946565256478,43.70583434298115,67.7230137302772,75.93110637606392,96.91603311126066,78.06564165554278,257.36746425066474,41.49865963503821,86.51208042080107,4.895125929962825,0.9018291954555042,106.36693735988682,249.0723706064663,197.08653608111118,Moderate
2389.532953060281,-0.6617163700030686,31.532925679330333,34.89533027098532,55.876823962441726,24.748148523737214,14.826208695315575,94.22798535753354,79.67211928366844,42.342999663533256,97.3586469743011,68.78613723539681,81.41991877198537,17.468857388608498,80.74419885945436,1.0376280206705404,3.0179625411359083,221.2790425894308,167.32730361775887,139.00884381346282,Critical
6743.792144453595,4.2955769689173655,25.89052910894953,32.008812524686974,39.28541269001552,11.297614053713696,8.379643706665933,23.253731434775677,46.2699783148242,46.726311642705404,86.60773787308855,66.38673869362904,293.5565344108348,42.29029973794638,65.56510302221518,7.394167642703757,4.936309545557302,194.2755543606177,294.0393761140816,151.3071321163423,Critical
10472.071527086593,-1.4566796517709617,72.67097759966707,35.78361598154769,59.99072024745218,12.002416592423618,12.945527749078286,31.55173095421228,75.02986869545406,63.74416207316098,38.403895175701706,99.73825712635703,256.22431635072314,21.755460690878838,14.137505560476804,13.731642014575474,3.520367665507822,94.89363221299307,132.7866428816962,46.53708049656535,Moderate
7018.356465409392,5.486452341262,82.74021555495939,21.961695944790915,70.286255908227,33.7425901897696,12.827485098357151,17.566370602381177,71.55822993041704,28.19304985014388,96.76254617491958,42.23979472159503,268.60243214789205,43.46717455552713,9.404407597665355,11.919883436113073,0.9690501574243411,40.04941574849154,66.67988374323151,169.11314833612556,High
4015.886147739891,1.1758679526111666,39.61857485476614,48.42642121917076,20.827939372940282,45.74029528804583,10.93382608824071,33.09777390118094,96.70540405328641,71.41555332384398,72.04067782085913,82.37474922924623,441.8731777500177,33.70625683106903,34.50296230117254,5.68927435569474,1.1969489471187214,175.41599372574981,110.34550983788523,189.55881562408618,Moderate
5101.619617420428,-1.9986530699551468,70.10231394990134,31.39717495801499,41.60829159721971,21.380317302960634,20.87553381822462,75.27469188753095,29.361720378221126,46.011795698492016,45.36461150356604,66.51238161709259,449.52178241900066,37.66138744018271,85.49108903987688,1.2521389990976997,5.21202171984187,47.066296168641884,223.72002576711333,54.89893164902044,Critical
16666.478113112677,3.111291392372298,81.75962314915289,7.004874166127733,38.56140638995568,11.971965104585138,12.376772084814705,82.49857044516823,59.651160737737555,70.61720994407933,73.15074252862897,98.07044350071082,237.6978112475448,6.509706199007043,96.17362703066642,9.662716729122897,3.256769149387404,84.03731464526133,201.14089108880404,140.42821593341222,Critical
8015.346425796945,-1.5314809147239687,77.68993684241852,7.743907489743778,58.12253628348097,33.139852987359404,15.88382406363772,76.2058748337186,64.15879978994224,86.72055304587087,11.487045680787393,86.2242546638602,238.75137981444243,27.204081629421815,24.136085484707127,12.567014699296646,4.2938532878469315,132.58567546429003,235.72074820914028,151.91879924603296,High
13385.175275634565,0.7616955782089949,24.625071083138074,32.2115487901571,27.490722568055055,43.81697822481525,22.596962768759,63.64059114425418,99.87830964407986,33.68890666699437,23.153921404679224,99.88200903916741,267.28974025885566,8.136115472662084,76.209567058172,10.074743926883187,2.363762652151776,174.77239575989117,31.306384739220636,67.98214264381431,Critical
18116.187209065134,5.069764874557162,86.50335052106891,56.19421308425035,54.817564046659335,37.91930245387956,21.923373325755218,53.687153564424875,28.10657279499865,94.46984743316162,84.6717140400731,67.0659995569957,269.40285360044334,14.797703088191886,57.38692169072057,6.548597572016389,3.288416380929281,232.66349944136667,178.30694484998807,100.25171048873631,Low
24473.42417339842,-1.3731037837813413,40.134115234357,18.501127300571923,71.42424692120416,43.70034706575618,22.479710686920797,70.23986458315994,57.0896217970563,62.455051284995506,68.1016273185854,36.3635166035948,476.1858292059741,28.813312465192528,3.180736707794274,2.1132981137323488,5.867198214248612,154.4114105395142,280.32891634052834,28.532427780337578,Low
2336.612754597364,6.393384923560024,37.13925289390691,52.1724701315531,39.26921198555359,27.75462420851837,8.210114918695322,43.22085168771385,41.1566776942275,93.83422121391747,42.77752311626956,60.2949628555787,331.7122243411969,33.227705301837304,54.29163499329398,13.688381388819117,2.1122776144152007,172.78207842294228,41.29155664965743,42.88801275230651,Low
28179.95356290745,-1.961800773414169,14.994506182222427,45.84573519473276,73.7710989985454,38.09005972972116,2.8045972310854452,81.51120987747466,57.33036717210998,36.61840657614225,55.05999762004469,76.88889072404596,153.1793575462131,3.684902626483786,80.59404029893552,4.356587388574729,4.113773459547992,87.85325478547983,37.35722508476388,21.698399492967,Critical
22348.613242690863,0.46823869201902246,48.89389232839064,14.868746574414411,79.52146172534349,8.72309884922895,8.004536397592572,67.56115798802676,30.891574189279535,68.365013168339,91.46279346811903,81.94883089452705,275.13766253791516,24.83058043611168,27.612278334402653,3.597019436446502,1.2005322317323326,176.51376486070663,217.81526571065905,116.43144320360581,Moderate
3779.807086261645,5.409040561520714,18.721089251274297,2.1804448989745473,17.426443496356647,18.71718153743319,8.410268949276299,69.31339937202472,14.28511405847393,52.31096938588838,66.8420298531178,20.040799121275484,321.0673197958318,26.308501410465116,89.73616239704609,12.294856984461916,0.9060913345099331,117.88067837156751,101.40291219481855,128.7999504826812,Critical
30701.673219630426,1.1627014972930678,29.88318567419408,6.110835908542964,26.313723158940103,20.69835989511308,22.915287514674265,55.554559415971056,61.530890850792,81.93777529248106,45.833435554089725,60.402167080183524,327.09042608670296,5.389603875738651,23.62604068746369,14.723933099240698,4.745112645302373,216.37882797768685,200.98797100466302,184.06272085240929,Moderate
32309.66161808165,-0.9810761193398647,35.35540974138251,43.70963603084641,76.52658260374652,26.54219581980966,16.932582855273324,85.24446365794967,40.22688842747489,68.47271545706371,20.82939916577815,38.81876639765173,300.9220285943277,23.529585470632835,7.647313264405431,10.004355803547977,5.09582761792556,107.22587076684647,168.1615087846044,113.01511401848428,High
3076.6506350653676,1.6023391880042785,74.70610587933473,11.980184282438803,77.08293805369708,46.59566529232754,3.8791910708512614,31.42125236271946,26.374726157359028,59.56123655666548,36.43721214630049,89.99294666038307,105.31335421833793,32.69521804214254,15.993930943956403,9.484714188660893,4.07620783302661,125.04392508929087,295.9593309185726,59.51616045353899,Moderate
10413.840037004926,0.7039328638452553,80.03909203167171,22.276255230323628,16.839509277073095,43.96623489066437,5.113707708255326,42.39755053568931,39.15420094702304,93.03883251448069,98.0506209516925,32.232435524018285,36.124730758163594,4.288773249647832,83.70028687209184,4.995633777549619,1.1175358577579555,116.6581228739106,267.8263609169135,21.299973852312576,Moderate
28410.843512964086,6.427119021605549,34.19730539691757,30.10194996038549,11.049895026399568,8.457223629880858,5.580550887465434,76.09961842260357,14.435218130297043,50.169365133734416,49.362675656659974,73.31649996598668,182.16466513609012,34.69151438193037,41.73059190395283,0.6000777250714013,1.5954102007267237,205.6138660622355,206.64110665289638,178.141080022659,Critical
26440.829473044385,1.1334791758514315,78.69584969956591,43.52809010700977,21.27700162794956,10.293903290358234,16.499700207885233,51.8836561709937,95.5398010681093,37.59841639185452,52.46555174603748,41.28497522599399,225.21063418892172,26.786339710877883,79.69455636216577,3.119428627593831,5.484819106951647,239.11931129779774,85.88564156991364,100.98303492033014,High
7273.714658116829,5.889324717760072,78.57847498958328,6.793873395547523,79.72089483675738,19.166746380267746,18.91452258666107,85.58319114105622,62.30331234759344,68.64809494816734,54.87382291573139,48.52337145714178,49.666034996521574,37.82876995568701,53.12330609895951,8.891127417381608,1.8744834830385866,91.90993073106938,85.95336702363616,150.09117799404103,Low
8117.876993448151,6.918721448107348,71.17207603078988,24.38198431664769,22.59997316274808,15.955705562752348,21.77180994300411,39.44394217984245,83.32918132123224,69.9222749738251,89.56936206533899,95.24474086054758,411.18432224952613,11.376690632725007,48.055912479443144,2.524351988695869,4.949390993943282,126.63155667908805,265.85070216499435,12.783376233161905,Moderate
13596.051494906988,2.338174195765295,21.735609121214523,29.104374548561726,45.17833247054162,31.509005751500588,23.63464066854359,41.3930643496698,48.080637779295735,55.127569725750035,64.35354559467788,39.235850032646354,185.1571700049314,37.830768421164095,80.69131514924653,13.29238636189051,1.8584362756803292,180.89267267291038,179.74890892986397,102.74639530623935,Critical
17473.781496494725,7.09943143854392,65.22582775205832,32.44962383829238,69.38924085013576,45.33325029269815,6.63920481988816,85.54254209786315,91.29832008095671,58.92880349515059,72.430933280673,27.60022094583445,458.5437181656822,6.066121936501124,42.34876117123759,3.065726911437412,5.64888290207592,225.4146811781618,238.89171679510966,71.88729840163472,Critical
22020.662232030063,1.7731805396319285,85.6019251664455,49.101638483713,11.428112748174444,48.189994000284166,9.124767148653127,49.47147721547349,53.4986399397028,96.764273143992,45.04721882941936,25.542792115538067,94.11685176428728,19.36467694712087,80.20327310663683,7.974935459274953,5.503826894454617,131.01966375881486,140.46061989568074,15.7629417966271,Moderate
13543.063745372261,7.640784164901081,64.60323830137256,10.300691702593014,52.31422875809216,33.37294172169087,7.527426257131105,53.870589657211376,61.65507899806025,78.6148553117441,12.617885673007692,60.36920880795697,47.32877932991045,10.577846035559885,10.066216496344559,7.826594712801285,0.4509264070469701,40.589974433280915,39.89135462894271,157.3778333437671,Low
16726.18034852703,-1.1071047547442707,36.52934792862672,48.46988710959734,29.391781420873702,42.23164166725216,10.251516051721168,38.28491580353275,54.261458205639116,28.84814011860616,93.787562281856,71.33691858274304,251.51173010543445,39.66889578850759,63.631081553925654,9.178000762905864,4.66840112383097,101.63777512281057,106.47907288949156,107.45131404978652,High
26414.011896547723,4.870192665032428,50.0463453944665,41.572705661799134,70.36344415078122,27.209705611078263,23.037297470746235,33.51694508522196,75.99504662808864,36.970405669648876,95.42149128247658,46.18349148567098,110.78208167633919,32.31155210097627,70.25870565519847,5.113280824855173,1.182878209359561,144.33504307842657,56.73326634362532,73.30424616831488,Critical
2247.2288982803284,2.938140404569287,61.65800346808429,33.35224885193756,29.842280448485543,11.999693449281907,15.227589039605315,65.75564042126332,60.99904698418561,98.04613075484471,95.4237748013246,75.22077934344647,469.95165227737334,3.090556417911312,89.90973961417427,13.140952755660136,1.4485754302570126,113.11828240201766,236.73151676339566,163.10171194240587,Critical
9582.856107696705,1.8764880545564706,50.84563269828028,41.97167222415432,58.07290041973362,27.185043780486914,18.97841363846348,20.18645623100233,34.443903122235795,78.1172443034825,94.93183779820448,24.882697485859026,24.945631257794698,2.409504291400113,22.432391871619494,6.831232578833522,2.86710223152256,58.84059579519647,213.14847700055614,94.91545585153163,Moderate
25253.885920074783,4.327118787486009,19.596235338477584,24.721064337099385,57.19537427131778,28.643964869007252,13.272742430915986,84.73817450054729,23.098557819038167,93.20361009157226,83.37177469626049,88.58677159383015,218.0574440283368,14.523717942711798,60.42198800928516,10.592257607427639,3.5426452685468104,23.692531405656112,35.6397474925318,10.664611709977248,Critical
31437.03248136478,5.038570916343312,34.96512357216165,8.303855158087474,25.5045484201748,37.637963082250714,2.6637320067308643,76.23226662503417,64.551194999468,44.308917119097764,71.61364451046941,85.32537677913902,464.8389302456808,8.161173914064312,43.3256563689223,9.647889656210536,2.0896383700288537,176.5410365287753,190.20176564094433,189.44505008728186,Critical
18397.03303193265,-1.9563673034969091,74.1916824442906,39.94591441592204,12.435943990784509,12.554383505952757,3.4764961779497296,26.213602414993236,54.02619653923326,79.34934880692738,86.0058926440557,98.83970171136684,204.5207392302888,29.103092535088418,38.277165554402906,2.0221944218596377,3.5372235202144133,248.2932398326285,263.4992970284907,58.57972068785324,Low
19091.85849902073,-0.3304691125280128,78.91344368764139,31.480338401137335,38.64747016497781,19.678898340163123,14.372229719161373,68.99169539508806,18.637812702650166,77.12021668188092,64.04916151009326,94.92039847214764,64.69245468822116,30.54326815695007,10.671355521195746,9.452798484728389,1.1898185537785921,231.01355896570502,212.23564566599032,167.80934919203486,Low
4643.848385552386,5.130460506343187,20.98400261724562,38.36248803256653,30.243520637610878,19.47331852229918,18.53214780086059,61.22379830927896,45.60557192139416,43.575198835150005,22.093265250282126,48.49577311351425,165.3895725736578,42.5038888574388,13.423333059494224,8.39532936632211,0.3295583954100151,175.56866405229118,158.2224547654822,165.11892297544188,Moderate
16212.020471997457,4.663854135782064,86.19094019189797,20.279926861709402,66.6284424729596,48.05310059557591,6.952602133160824,25.68547931261475,56.32987798004082,64.06530603605643,45.20963485372789,51.94203072124617,259.0449890405281,42.93771675547116,83.69884614476463,13.509479729861818,3.5131014524982263,212.75950500136088,100.44035263227731,40.851046958538944,High
19108.987059470786,7.660475051286772,36.30580942788875,54.411994640390155,66.02549319187418,23.30935809568251,18.603920201822994,33.22229801426976,84.4203910443031,70.19320890162362,97.41654207756437,79.67718779826076,108.87280992479988,30.33255833268786,74.9753432325562,13.24888655632808,3.2010085077814496,75.09599033979039,267.2580573799097,100.06050943080756,High
9243.997123580808,5.61037790250783,62.985099098457596,35.24219211453462,41.99167665348378,38.24451043031103,20.645312790120787,44.76385281737592,16.84909502500261,58.490544866197204,41.60240322360907,30.726621756398657,243.94961846876572,2.244029852666475,38.23411302911005,2.5190353749512013,4.199992991640364,161.2720924784349,132.61341582089574,17.637805914713663,High
10154.269852278952,7.50772707731338,70.1460116765345,5.1241490574524295,52.45585577262533,38.03894630597307,11.473642002328559,69.43563249586528,41.36458134214026,86.17429653264102,88.10451223582325,45.121176819586786,421.444733977202,17.436910412493418,82.84865813896309,1.5007716401231326,3.9689679594133827,29.241990618756876,258.0641382677978,77.36481784880779,High
13827.66154555717,5.02540501534807,74.95569877103067,26.98823944226572,52.29816611908476,14.746120870555586,19.167642355414415,64.2914897494455,84.03905104393468,86.62952334383915,18.38903236973826,29.48327495805186,438.85662569437426,24.065085069632445,8.076618482357844,4.63050562239977,5.405421005356941,181.18822291842756,237.06995308327714,148.8859802402278,Moderate
1682.4207244426966,0.9805220863944317,85.65997617807442,45.38136328461806,67.90107038993364,29.44974508984314,11.292688857554577,55.239962052519324,68.3581538594421,88.04804386412454,40.076545813792265,56.39091592582651,43.645152661151414,23.464729529864034,62.47739170331686,14.80320899325934,2.864917996936966,242.91999967070313,246.7058199314493,55.04319932096795,Low
11950.691629828061,-0.9463507774914353,35.03356384230581,47.64807370393634,39.75016898862383,44.92653887929511,17.60206447746546,75.31489616469291,36.09624896234081,84.27388552785303,41.585799225464164,64.1603423908254,97.23361186523528,27.943647068595748,86.81760527142883,0.6171345131728562,0.24854295321906375,217.2873671961969,297.0412808468774,32.2543068410389,High
8189.232237882518,5.818238633449356,78.68051636412436,29.675823165825527,29.281267585335634,24.809490533933573,19.57193213434949,74.4247078665241,86.08016098203781,59.04667817577157,14.644228879808214,36.89283759702019,152.139265168066,43.3037137606047,83.88642310312494,10.191515921721289,3.8577855532617535,140.59360557133476,227.1399696031597,106.3534746776517,Critical
12134.909974049098,4.441492214759159,20.53495227489656,53.684854249878065,28.552444269838322,47.36564035244221,24.81431222108655,62.51802809529175,54.39642225064231,50.51506385192057,20.718489716807948,22.1305349531284,305.53560842604884,40.063285754071615,37.27827599418598,9.245151887462365,4.1157680916986665,200.3539515385025,19.87187135840804,112.0274130309901,High
5071.9124818545415,-1.5181398760670377,66.40327250828742,16.060106231657855,47.53345954975429,12.293995007559756,9.944123227462711,76.89415708771014,54.85167021794145,86.51010269714965,27.384869000959387,77.54846654004184,193.27748422038422,6.683045438370995,74.52338530569891,9.804700722729908,3.2246709384966246,236.8162203378187,69.57584114441602,138.40749695102002,Critical
31277.927545156428,1.6005046590097836,69.35821836111887,24.635921834295996,41.440374191254875,5.559637077153475,11.453937953216064,38.412386856232786,97.89286052803459,59.216116684501344,85.40340317291016,21.60041315409348,425.1396384541162,13.43715682991591,42.746814551987754,3.5088025796298994,4.197968247399051,65.76413081571562,20.206593594297708,154.23617189249222,High
21182.143420837656,7.567998154842861,64.21785929610564,53.9158146341382,40.80845396894553,44.78978591094797,5.80926136643394,84.90620990742147,95.24048529127406,39.70971189023855,15.706179094582575,97.8722087142685,364.0024967758101,37.82370494904436,84.01381643899494,3.6327449832577936,2.0767861167696857,201.41575054968385,65.07493528309027,142.20381094028448,Critical
24089.478850912645,3.0040114571020125,30.18517889081224,53.775402988294736,16.379613736279506,42.6886975021864,6.693680343241558,62.26735729316496,42.267941503285954,60.5874825857773,36.883081120994845,37.728580539391636,68.21889109448394,37.4451970792259,53.0761950155023,6.630438607955221,1.0630881585082592,78.41403512268054,27.81745809897286,170.62831957602162,Low
27831.8221126495,2.327291360197046,79.84345176121627,41.142766129480854,60.30226184831369,49.64431404482455,17.94808505976269,79.90089867405659,22.652121579677406,31.34798575353937,10.915750233034077,73.11200736930329,319.78760120580375,13.840941137231852,76.48570491050411,1.7091097638842583,4.054411250947158,221.0826441558216,155.46894194401335,52.35222821358757,Critical
17947.034763587948,2.57699605159294,23.508677069631602,51.53883282733321,24.961568158733748,34.61088742939645,23.09204857355295,56.433723907174134,39.31000590502846,75.33035924790391,72.60649708627223,54.780138099199135,74.24606016654964,33.41528531950314,7.8571582291671715,1.3968141725784209,1.6220812894500662,38.11330883718419,18.179801808592565,118.25568178113427,Low
3955.2897949724056,0.08882724005163745,14.290783321666467,5.32639601737396,23.786754114610495,46.96102048002318,11.075913888208532,28.56725082403783,12.743493428024923,46.87370252991251,65.82727810390418,24.773908826968576,142.41712142550085,30.897607284867863,59.00259716088628,1.5988839662456287,2.846632273848388,56.881328434412744,147.04793888842525,78.41811791005178,High
19261.622421830623,1.6870717086479523,67.39719924895297,51.899698572466576,38.89308241941754,41.69355320403732,6.136422277217449,56.104860937656234,11.869109803935208,40.852703875796344,68.04840358478276,57.774688530757395,105.37790409642946,22.361530493708344,55.02841774693387,8.722793818201989,3.0514118375475623,184.3448689158734,270.6638630648035,192.801347830312,Moderate
20952.598012709892,1.698132559871766,48.0380572186187,19.237194393013606,25.9444839132461,42.53246398976417,8.557288485808863,41.544491421009994,45.59699226262773,96.5206996987796,43.694450624315685,61.34085074374397,103.06973561633838,10.662562965198262,60.997672173516015,6.146805296399038,2.967757392716653,56.07271340786351,227.08704364669472,93.65310944881652,Moderate
26344.94212226722,-1.476449798125276,77.92784159669408,10.69989074569298,50.87007871156108,29.318795381804875,12.466189210587189,69.28741806315304,94.69178404275108,82.15047966066462,28.744103914081215,88.37465664742948,315.8698518928924,40.21165677844571,69.56416079155902,4.616166675661922,3.671005033343744,52.14276094721543,283.74721785900925,192.34564729537578,Moderate
15676.424571809099,5.675676285179183,40.671771284660714,14.36219018052278,36.002433753413,20.353500700002122,8.684957575403473,50.44247229745254,88.4221607108987,82.96556021791453,74.828819195743,78.58792557183183,290.53036282599754,31.147600925193895,91.8108970034142,4.942544880874191,0.3708315117699814,145.53471618873493,75.72756438939092,156.12247427123015,High
5337.730295049168,2.16504431903879,23.462287080617024,25.078110480833224,41.423820581495306,46.85878748207753,7.372318911802924,81.06958841885346,56.02985505258607,69.89775754233467,83.00060854666256,26.34419798027091,104.4935133381089,9.266695769770113,78.56820817760311,3.3470645959813834,5.940158470594511,211.22200086163164,164.01488675753518,146.50813379305282,Critical
10648.380797156631,6.2217988681642336,76.91537539758957,15.071520276268034,47.60185251228202,22.741624429562933,18.92764324141283,67.63616354736291,60.87037430537476,87.13382484082376,22.47413482883816,36.733014674581206,495.28294660084725,32.30650082815701,21.96379914349047,6.349128429232443,4.354600748843714,78.08984493953784,102.38804141809325,103.39710526514712,Low
13344.798077553593,6.503480011198954,53.91277053120574,19.234055160989943,24.24748657372634,27.863329627984115,2.1804331885343333,68.18627680766254,10.534014707145083,80.7329984930705,53.814648514367924,44.95101473719582,222.481631536781,33.88164994181014,82.5896269292096,3.28495361723952,2.6672491344328235,212.66747293578896,153.20774075068988,94.24184550856441,High
22961.18620527444,0.11994054698658063,25.13566339122839,8.098709164298526,20.902613600587085,23.413486742009013,14.402302128739112,28.45820334674052,29.395104025038894,67.90189633068933,32.384411378097624,29.312614917185556,66.59327751436959,40.13585226020475,12.207967761509565,10.561276821800188,1.309714175683417,204.86904818830405,171.55199057944367,110.04415562849732,Low
20406.462358743003,4.573534821701285,67.63071988691566,17.770605933539912,71.62953320115233,29.11127907008946,20.25663656168434,93.66123015175968,12.229671424094537,96.88995214813738,25.129617508552034,56.551925673159246,77.87312813845526,11.582087975403201,62.21985856750696,2.121807936012861,0.6650284701714665,151.08976922544383,20.493977838000898,65.7902819561211,High
13107.288680526772,2.722818041629817,50.88909107916004,34.33702887252007,40.36065919819947,24.584243791631707,8.123250585301768,81.54239278807654,77.90855794258488,35.32759597475384,76.08927821454992,98.74473526900285,300.2689825887655,44.516426532776485,88.27538082459432,14.239158643338444,4.098704439631507,166.94224711650847,77.64427921234511,181.85688856930867,Critical
34541.51845896131,6.80156737921485,58.34503857922559,26.511222485463836,38.846552674277746,4.302442811814842,15.8757047440764,77.06541518765904,23.108121642384795,95.47037751958008,58.42872419255533,61.16902329902093,489.95331362406694,8.595917168657614,10.112205421490394,1.6203384198710482,2.038342566759638,24.503678853798426,214.38410598075924,160.9228245004196,High
21596.34385813416,0.15740679176454098,46.871867056526554,20.80312567415467,12.492850519098903,44.33831292836953,17.38470242922821,38.06829413860233,88.21423922291352,52.11505295990919,29.456679914080098,79.35057346585354,294.5365287772149,27.829622349962072,84.96926533102605,14.168872499914178,1.5309750578492345,101.27685620137261,234.14912711668688,162.26521232175833,Critical
9065.710919023812,4.778132003100442,76.29671870544051,44.787127731426835,44.858341181117524,23.33090330795695,17.06556801731707,55.52869049201471,67.89918823082094,62.27191867211893,37.90000100903906,74.63502381594769,475.53990877598585,30.258589726759574,79.86207342302455,12.549436081349977,2.403735445251534,76.89780881281285,175.14089657137595,92.29918313539287,High
4460.604069093727,4.077521222527226,76.36501725464399,53.610598283599074,48.79188051277001,30.269295128352738,12.254541586570507,21.653770986317934,30.6476808864142,29.819145563544716,96.99883041949681,87.99291480737104,233.18376836385286,20.014974496432004,50.377543383907074,10.306468173016691,3.6389539092847185,50.25090727095601,88.54041810511625,23.506900166401245,High
6197.210732267289,0.9530147757183278,66.7511057459509,45.407353374143824,49.11886096682665,8.681014532383378,9.97129372114292,55.77045801633001,24.194828537492477,63.20859511374327,86.3811608237701,37.25787923724876,229.20372975296576,22.42662147712662,30.889760229540407,13.710834336812608,4.095890256767206,106.56994235189066,127.4743938495946,139.78469040599293,Moderate
9362.562765073277,-0.6339909634882739,18.43211019171698,19.92004212706075,59.4921818526019,2.1626167031666785,21.22625367963971,22.400585951079417,66.48622308307478,68.89654014865548,89.19520685858156,80.30610093544226,260.0035324716235,40.30913415905191,40.543822807154385,2.3465162647054396,3.941986402256275,98.40248614164672,37.850675445601524,81.13858095456824,Moderate
6463.166690824893,4.516397604772766,77.1083089523255,44.66653007025322,22.423728449370824,13.773924494894862,19.44425701099688,57.0082167391161,91.07532822540911,99.81612334468193,51.40108873726372,90.50841922445996,354.7642199146665,29.74679187561486,96.86581357002117,2.8918271805476548,5.206940384253447,186.28954436048585,286.42208886985156,175.38175936565682,High
7343.278817744396,5.385974581323307,63.68103844263278,9.118810948443073,27.65561939614332,35.820129542400814,9.388868988519988,65.14135981316699,74.65241970229435,98.01539288572212,66.14265375287874,33.72078583841942,196.45566389663966,23.371041204091508,20.169755615184638,4.006643103264592,1.4687931002066683,155.55264001203702,261.9164666509836,158.26430330547407,Low
10693.2357355908,1.1562734376334998,65.76193328034395,7.819079285477455,66.75113256612889,6.761337445418173,4.36944147217074,43.1666572162417,41.369198644303985,97.31178334994298,43.909096618397044,47.7441775830403,434.66529568589937,7.519031184641562,57.960428782989524,3.898729443458596,3.893127746543386,229.57851616847455,29.024680603164374,37.61234697805365,Moderate
6894.702240021664,4.448326040223138,39.03862723230973,20.737622222169534,76.30194317903758,45.62659713855046,3.6515735452457916,52.37631465815993,62.86452357417824,47.87104480816459,16.99407781200015,97.60814114652491,34.05506468871019,2.3155178845947892,8.324074787868385,4.869469582629254,0.7864633818793456,49.17078201812214,58.28229304091584,124.32598880231771,Moderate
31490.024437298456,1.9513090761150327,80.34236449256053,48.46214214264342,19.515292315712443,12.32108332909686,4.168347491675529,84.4305379523398,37.96855258351792,99.30131989960347,46.096237959110425,82.4630276783834,231.0868136136523,7.373650580528839,21.78930641891722,8.761774204614472,3.3780212014152315,29.040922251028608,178.51738794473852,141.52064592616503,High
3727.9473524958353,5.132068832826177,68.0297280187886,14.780894834538111,44.835468815365275,11.820493486005239,15.405995307416985,19.227867299738797,99.9234610100793,56.43825212760887,63.45826778864303,42.607266603002586,265.27608799036057,43.11593640148973,76.33163880745207,0.714137386185038,3.5869587344400933,140.63283006041524,77.40472149747261,117.94614016662867,Critical
18833.387245388658,-0.00784725105946893,19.007237322335556,3.795204533920775,24.992337691771077,10.712382157831785,3.1882300440667626,77.2972959049705,77.3955269615666,88.14690070095205,35.84298436913183,65.11534157155896,311.37547436628614,34.85573166862722,30.25990403605272,5.919407147087644,1.454176333818207,15.241377573534493,280.9762024240972,107.66801346949964,High
14953.492117648491,6.902150026361744,42.622242752493015,7.902572112381305,14.205121784848771,2.671122222625508,9.749318124172884,24.514136834676695,65.29434757810782,37.30559752151776,86.31555172546742,52.3460898279583,152.51451793561438,43.58600208294065,98.57660705627346,3.9218613800211677,2.471820153949174,200.1139516367169,229.12126845261162,53.29398425112884,Critical
34400.87297489262,0.8740959646557975,80.91042895681133,51.52469811177481,32.78523366882948,39.04666248695526,19.323593144027274,13.120178538393414,48.09332284892463,60.46665437252819,23.599014325713874,59.19721410617039,225.19038607320095,3.53547451745139,50.081704309384,9.217458766375014,4.997718759586054,133.9036288409772,89.254538744214,54.82230044002503,High
4809.322673713779,1.677859877561529,13.77573613579032,38.026997084837255,20.05813376289489,44.001657499772406,8.770007829853697,25.773841233329062,65.63370612336016,97.28096769020843,43.04161804932279,48.413295311256675,252.5781201027472,31.249477365921486,51.653932530774284,14.781989166457572,1.0607725117671878,129.695410373605,11.76940924523808,155.92154634208538,Moderate
14527.090367555216,-1.4190804791965022,86.91332957136396,15.1920698021986,59.69531514039724,31.479809725577546,19.556085775142986,75.02867114749162,40.74544562206013,95.76251175387421,21.241351479178263,42.34648148242725,349.7167897679424,3.904621635346974,3.6314739335735258,7.909522799095577,2.7201359461718733,100.18655500018097,241.83974344886266,13.55105925707586,Critical
33961.99473136254,-0.8848778767872361,64.33300546556502,33.31774951969088,47.36077895700111,11.03359912063339,19.145741878762273,44.4357162336331,12.597835551222769,74.69879022571413,46.43489205867028,73.9810433113135,391.30120867319073,35.628428161359395,95.6526749577266,6.557573015040976,5.609851813026421,103.1188514949592,132.98601578430902,157.9929119140595,High
30427.24228039533,3.1586190271232812,60.51007821147013,31.654777345521023,20.068412969321763,15.693343853162228,7.654024050563975,84.16424393192547,45.55796701209695,83.82514580424478,13.56951744768434,82.28334520688941,374.15711712501786,18.380857427613353,17.423344088441794,5.713180113633207,3.123831780657685,116.31641438890412,196.28953643875533,110.09175994243643,Moderate
28780.450412275517,0.6759267672797149,31.64474051903931,39.32615870643968,10.646911188386007,24.844481473518236,18.762910142133144,54.60014100049259,93.74327376218802,34.11413572819211,34.529445555548094,89.91656981978758,183.95986509900095,6.117910484579278,53.83405988104426,11.838753517533908,4.405775528633065,18.767600940117095,93.22269937217627,187.88230395311885,Critical
9768.696119527955,6.3548022574219445,29.903343099134165,13.99125326529698,66.57099343169489,47.808605677918436,19.198862680258316,11.891279913738131,66.36709852964793,77.7326839587326,46.06617296023153,32.42639738545505,499.7362510361425,26.426005596863156,39.56746099587316,1.358119695265686,4.995823029422195,34.63325999580809,51.43324521386958,199.49109406735536,Low
6810.177971262238,-1.8530661134504616,85.36465755908763,51.86417923166386,22.333608431497325,13.872865847251655,11.141440290341619,70.92065681616378,17.556013276381144,69.44406466682977,53.034882694902244,85.82844189161925,427.3593496578461,14.045168453859688,41.55847007446057,14.408626562563786,1.381891374103856,133.6862847026407,205.84036161786625,136.06206737070266,Moderate
23733.869477430653,1.7909404867193617,33.86179633872982,18.56211372480077,52.43516495545362,37.119003388154624,6.8396711260549194,19.36979724130478,89.64942520555233,27.324138860099687,58.932672262762765,40.38406595816508,144.81121910958507,30.361679500488197,64.33001660361084,6.44339292402427,1.4656599660910077,50.278732326653966,140.59413056253115,88.32886693982603,High
32598.783630337915,1.3734554676909267,72.04042373751994,41.64789923857421,33.58453391537219,23.093514718060177,13.98922855851299,77.09726884426358,34.19873644073634,29.052720527174102,34.7492016810927,54.18691119280405,113.65078672295722,30.301514659092984,66.20886770924774,4.9114006696291606,4.599830445370625,198.00921296154456,78.19921331029447,100.26632262653195,Critical
19929.93836247361,-1.8067236908239896,41.44974385656633,0.9674787823328934,50.984015682052494,16.29667272128105,23.192144524004515,24.288716733440303,31.93925437744547,28.675489420100952,57.07372011533851,92.11549486793973,170.73020028002742,32.31532138719237,15.428861485809687,14.61880131107561,4.569179081423125,79.50401589106356,49.91211987419893,48.80093125378646,High
20434.831441976596,-0.7563160099948978,21.14032566277632,22.359427793648834,32.09575388876268,23.88396497706146,16.711184845937424,39.36294279346865,36.73818719022887,77.94855478638685,55.810415940585386,56.360288078608164,237.12552943982953,44.67599838744364,49.95866531218922,14.057419289675039,0.5490632597097906,38.00641477709115,178.3390823880737,28.854521558381393,Moderate
10519.289184449663,2.1364267491863522,10.857223815628716,21.1025890775285,16.085769248457794,5.417922441979162,5.977217445427008,74.70807151815562,61.94820125133617,31.337216659805797,38.45602457885876,35.7650827235453,428.3837015934146,18.62800152773843,79.04774491418569,9.736431854556098,2.070489796030793,70.27433258731071,220.40948266019657,119.96504472740567,Critical
27162.759728525856,2.9286458444744667,53.540586961220065,32.60906571498087,25.606500599042754,40.336993804657396,17.703409268870956,91.10966538549584,59.02192840905789,57.418581689157634,84.71802975908304,32.789492418969424,393.61388662137654,22.00856540285934,44.32864835522295,0.5720584103008994,2.5114884530689405,98.91808408661021,92.32721901570342,163.04406861365413,High
7359.487450955795,2.042897472548691,88.06230548391461,4.36417570663179,23.164099653535292,13.678492543182422,11.825669627482196,41.571885804972254,54.22723791605936,48.55854447022062,59.10770139342086,57.83870133217071,428.5981392828205,36.598303144089655,16.58044708265801,11.303464150236605,5.008434340132691,23.29940301979765,223.19133525066593,59.73563836855051,High
12005.094037744286,3.3093767841209383,39.53089550473636,47.4078824235665,39.961354670775066,36.81978191326258,15.60516233917358,80.49901871690955,74.57831771613643,64.04033126161742,39.904274687189044,81.01379391812432,150.53941515695766,26.86991098994107,31.32169431566907,5.232693780617419,2.646801081492477,48.29374823078732,63.10543763250386,89.73403394661646,Moderate
15464.83891295817,3.951316749056815,38.575386719443586,13.066848106054112,56.07986483983101,5.280721829513347,18.883472805531483,26.21734256544629,38.48839582014631,76.51811897755223,95.26046608726988,99.7764115179441,304.8613867768814,3.6020600595753844,21.23795641050702,6.007719393557638,5.570387564338814,91.10398730221712,108.1405504175817,115.40699573762635,Moderate
18258.75287527147,-1.9007617887216437,37.527329427955365,40.622268892920616,28.466425246245027,47.84473069595293,13.843789084832231,78.61028046721174,80.3858069415188,74.77780297770656,86.06011717640449,82.99269027447215,155.95954989313975,38.25237637117383,12.581746791483706,2.6335092959676123,5.980325107415712,87.96291134529456,226.0158631719871,182.50058579431087,High
9241.930902112728,2.6409515945350392,51.64350698438867,48.192727394645594,10.844895471043257,11.264719299473533,20.7216314151861,65.88699503678134,25.77895105407392,61.24159327315013,98.43290303966208,90.16095671542828,72.3311171453567,4.214443323335762,37.75811274353538,7.994833832814019,4.728211761027228,203.0908736915622,201.441620697653,36.33993325579065,Moderate
4904.45204113292,7.634992408875883,45.253190673943486,33.71261737449079,46.32561549853298,44.37161965793986,18.609578324282438,26.383198113051318,80.43587101693083,57.14678988883084,72.30104871808787,79.82658887479104,348.4149168678467,9.345265869146726,54.09362431980751,11.244923164195363,4.065042799490093,213.16503669847347,88.45185180213463,55.0078020586359,High
21761.081443015508,3.190322801295487,80.39317013816115,44.45299240331913,52.40316425512805,40.854714061540854,16.146686820425746,35.71283662986998,69.74290947252545,51.825247609780696,44.040061495544215,91.63480806048848,88.63882457381061,6.389438579890049,7.275152527663176,4.313263435968105,2.473003562725312,60.45337079873424,45.41915044861061,184.5207858392991,Moderate
10813.438810168696,4.775422674589532,50.44166333787922,39.711618732900334,77.40093458012667,48.457276355907965,5.468234764144084,21.20052553074806,71.48874785928278,88.95279586435035,35.27746000111111,26.103483465113058,340.4949256191063,5.350866713888168,60.382337222818336,14.099373748237616,0.5888287871017936,44.12587271951914,22.31729323470016,17.51176269939144,High
20762.099528368817,1.1186385791688318,50.62062705508551,21.331787829120458,51.26295621652728,24.93875172539598,21.22682955096607,42.55219594046663,53.3398057414534,46.4681443898116,69.69860593070328,94.39452791853164,331.0228663545964,3.1044496381025386,99.30244401696075,3.162631783243428,3.524204787097557,164.0281838155333,252.99540217659285,134.66197047137314,Critical
6248.332319322879,5.739913781527625,21.069727577644528,48.53151234201392,42.98207915646993,36.915070104605675,23.52582846235577,27.31013449547858,70.03013794127781,40.749265693399586,98.27349242457733,51.71249229805249,408.91925332352815,4.366191700811798,96.41249320200836,1.2740564067381703,2.2978884521551475,204.0865355884264,31.791165374679405,131.5099178114108,Critical
17358.763463063795,5.729214818761151,88.61916327283087,17.682082193131677,50.138113812839265,19.794111537813635,5.15019784761378,64.73982605859024,17.181734190351165,79.4652394924217,66.40435720934639,93.72913786243556,86.9862101905109,21.02488513468883,82.91734819991589,9.772148938243545,2.235208839827593,241.4749278476709,43.305094139852464,82.81834239018715,Moderate
19108.04070675392,3.2129604765413893,29.997831269506374,34.27277506509103,74.95304409034189,10.849675424945303,13.229545976968904,94.53293385874748,86.63960053444305,48.78107693573811,89.34534468908544,26.058626996758044,396.0704712842292,12.872647609252397,26.6341112802403,12.784985358636687,4.188713665714727,16.597126915430856,78.93608277984677,98.95128901135244,Critical
2762.000251962515,7.760138232792135,15.869125396768213,44.72386434849237,67.98647019211523,23.267644780805544,7.954441065321603,11.020778862162452,14.999251013888141,87.75988798058148,39.61930879429917,77.21943656969087,499.65273245419377,7.441085987009206,2.2407596479367298,14.31105303182043,2.8891082798604875,112.21435665529906,139.2442142295559,172.43441078130664,Moderate
12444.5454585933,-0.7444978523734662,63.0516999180167,22.737354588750456,32.60851133546656,9.955952738645834,19.354036070787988,55.978184129420384,23.38673588843477,46.23109749097158,46.625840422683005,78.85509989361637,428.50037532123304,30.32433833724062,83.3541702882851,11.577413854592827,4.562144299674411,187.48714101218062,239.03825326858384,41.34659203588804,Critical
5570.099015925124,-1.83052335110419,57.62930961254981,18.166056457045503,26.607805455999607,49.13814189374643,18.5974816281081,58.761660791665825,61.91107376475127,76.15558596596705,91.5647715630418,99.75287114382182,380.86979663727976,11.722812157273117,5.572023197871323,3.2348551691392626,2.5094046915751993,209.7114352354733,81.76929452292075,53.99782087299615,Moderate
3154.748996074103,5.701582117570959,43.211652319419656,27.560760610369364,28.384352865625154,6.619831574754386,5.24035777311917,87.70774712286901,76.54703099110223,23.608720502826888,78.11800317620369,81.5084216551851,337.83937025345966,2.8148136798268064,20.56280814707704,14.671619416614837,1.0750076358220633,29.637197940527976,167.61739202432804,107.34657817357919,Critical
34658.64790125814,6.071555373648826,43.77537871045425,49.077809660949214,45.30947278006491,30.28216272572578,22.171627239017653,53.01045345518969,16.86264079116281,50.8450304088256,98.32692883311152,50.605896465248534,222.4551126490061,19.99205070199509,54.445321544678436,13.815707377623987,2.87581565190343,174.94441207406993,36.208031394512496,87.85163037000572,High
11960.03072914058,-0.7979277087942376,72.8051136837145,55.79530578873989,62.083461586000446,32.070265052194685,6.162380471494052,56.21462066981798,92.86883327100878,47.45841399740412,79.72877887590177,64.57988412948363,370.64008058796907,15.348618655067119,17.837803914364358,2.698561114607977,5.715872583087107,82.90059858875796,144.7081914895922,119.13077453358488,High
28535.731159057585,0.6558283295860607,25.657011207971927,32.70500477159341,45.225344502807346,27.8278180579546,20.336957589906472,50.09048811291303,97.62468839206288,85.33429914207387,50.366413649640855,49.32407505332722,367.60545686741756,15.699990547899189,83.37883312986419,8.514151655655269,4.848842848876038,32.53028544328446,61.5153080794194,184.9594453578212,High
9657.782261967972,-1.824476366333711,75.62026551559117,39.68797231941911,14.745747707967881,33.78492251416801,12.510548271444112,32.85686588772592,64.535515570694,97.3644322582648,57.796121784012676,35.68149162438865,323.1191756898984,21.146611211807144,77.71596962598291,8.46610616118539,1.393345679425527,129.9391067123468,71.24555207826387,184.24938337018895,High
24171.092555613595,0.9330861078056469,61.89976911160145,54.19641733433485,60.65064903079866,7.576677200570765,9.55026275183748,14.762476326157662,53.31191098391529,56.870502135436915,91.0463943216823,39.88018620018188,402.21362158295767,30.76329887107394,75.57695057372497,6.8052612385032205,2.469542909540668,52.16603565297431,116.38024589158952,53.70348454584843,Critical
26847.747236249343,5.731418739186715,43.517581902361954,5.912811084776544,66.41790900696677,28.64088916185397,5.639503041506911,44.73590298783607,76.72554750517747,85.98690217230065,59.648206248824316,37.76084274194567,235.40666644488064,28.508602161633743,81.61276158975765,14.768935554817425,5.581194152279119,188.1967667444959,230.79083262324863,67.40747644127967,High
21251.717180666707,3.1796052771257894,46.64228932670949,13.924714671969902,30.264850558380374,15.786203414113354,5.855127891372476,14.470275055457675,39.552161709448484,75.9755760765892,32.98576367480007,63.905226413057036,78.20130182354751,42.302249220921645,21.970178026461205,1.1764468865492514,0.9174545406140857,189.19652292937158,225.75606467106806,40.79304944643568,Low
17033.590410705387,1.4809559316828809,30.531776574887665,42.53400037509495,56.48880174983453,47.12845103845072,17.223482758120706,56.791859904603015,54.39379906945958,97.39087901309546,49.20578314929545,92.49285076255147,288.35250925243395,24.261816651008424,72.88923761497493,9.519970954120694,1.6729114028166285,212.88592477206473,130.34216318074283,186.28017057814603,Moderate
15002.591081007131,1.7173929490633029,70.16914661575798,49.42466771473798,39.86143307380753,38.579439365106836,14.659898922783771,36.11995967559491,92.45359241329612,84.88868114742598,56.46843899642061,93.01813008707181,147.22089378144446,22.320506118178102,35.52815025917647,3.3179632533785077,1.7208913460569988,103.72864100972177,44.41463471579849,85.59418473765709,Low
12861.52106246184,-1.9864637428453185,51.029979384421424,51.421741699834676,72.238354900921,48.68069514366765,4.807964697978353,55.356204129661364,96.00898827173802,26.198245277098444,18.70478501960166,24.38110220206604,204.5278867659921,11.176820714326569,66.68447595683995,8.051768709545106,3.5114106788395043,18.127802349201254,91.40056980694443,95.44397752789867,Critical
32603.99090442608,0.9980052756523587,35.668363419987486,24.906430611295956,69.1657890712518,3.802691347529098,4.59205079008148,21.415241973590867,93.43622044460665,77.06253779057889,76.93864068276012,26.391952076151483,28.35915389178849,34.48139542047074,12.202172863117477,11.762189345276527,2.582253254325672,76.03794551800274,156.5531751937401,162.50174834771732,Low
29241.05986478279,4.464587416379305,57.68400926087602,5.36039413751201,46.78023988167496,15.686392408674017,3.6631432197742035,89.27354708784557,33.620326026745616,62.83997723378989,19.84185400194757,39.60952457378748,203.739482200584,8.053358377214243,70.5586580064515,3.9268840065776307,0.6632499091785393,124.93574938844007,262.12941582158567,107.46495983395546,Critical
33810.91496266143,7.741944438163571,89.65875616410584,26.266888637977196,58.40538820695161,11.380284158640752,19.106648989591516,86.03430570174447,30.922213619508707,21.31488463458617,46.44259420319251,40.404756197557994,408.2245309450182,23.118714262280815,97.21077279007795,6.082385333302283,3.8492524365470966,178.09265066277186,290.79383829586584,32.7535416220873,Critical
5226.10559850852,6.470608269838994,44.820982372524306,13.844075412423226,71.83447907154728,2.535420190967864,18.37328796027365,26.14970328219418,36.78980553363829,40.10503669803549,82.41601973863641,27.59113401914009,280.5067361303623,20.11685453066011,4.360036531871625,14.276290691921867,0.7746516142168713,104.77953763638422,194.86657115693492,93.19125479411235,High
25849.494156923905,-1.7640503535447087,83.65531206228957,17.471787299797448,44.70019070547929,13.631635051823428,3.3439127896552283,39.19276407999084,49.71800011496142,93.74041960215143,52.08133254519672,51.07706729387524,24.7042529283061,30.30693777138934,9.382890116708476,11.493766844488551,3.7172066054786534,140.97137307577745,111.69908224424638,129.79956822294002,Low
32903.57553191528,6.985606046748394,37.60134719396529,46.33605341025035,31.927551834217535,34.581247208980585,14.886211738730378,62.14688560741826,38.27506715127672,94.08490982294023,85.78139677466572,67.01803141530297,245.52503371512668,41.45772320813633,12.363676733801388,8.719030812323982,3.1406486053109495,138.20194305209347,211.10150157136982,146.6497266738369,Low
7161.924249632445,5.83198413298626,14.37861655399887,4.531625161553212,62.756629653670686,13.09226826245929,3.947551570581868,18.13332762100203,43.67915161651522,83.90803681605075,40.76931898505035,66.25297604795709,159.89679086979555,42.70361043442357,43.05639049413013,3.5633616007587356,3.063278232206813,53.7708520992044,107.50673938797358,132.61685202874986,Moderate
3260.873090470435,5.803761235709804,26.339368509474312,49.65487304884213,25.404637834928423,26.432165383165675,22.78615272400566,40.13826479487282,65.85732569086835,98.54236826223915,96.18726645985919,63.47437450068742,249.22431459064214,9.215368488015812,29.07801849330537,6.551989930920471,0.591478222735533,161.41663251880297,191.38730149081587,32.64433665414903,Moderate
26198.102075862007,2.579957590035715,43.49561146621474,25.660145149450145,37.19718036042295,44.615269518319934,22.863700641143048,31.34454437961552,78.62731093845782,84.5236179699364,28.8521588624712,47.09375399099977,214.25250629498098,13.258140385488662,80.69201535406937,11.678701390033863,3.907478591924508,118.22415612826849,80.69230579174622,67.82545978074549,High
20532.085848117003,1.9800529295450282,27.57079428756552,35.763835866035706,70.60090659747556,35.30038017675561,18.059358765701994,87.81892194091921,76.20023784411254,20.816334982819615,13.443773049037118,76.51645482532645,467.3500253875431,36.900318758482385,47.37872392009616,12.36198324821665,2.7016574998181184,204.86089488833585,87.4267233570996,149.3772825430109,Critical
29622.17840978125,1.029157288331926,10.018163057460443,5.37913387414074,60.709563818852054,20.942195355489535,23.30234519310735,82.46340408458244,83.29812103712368,43.02674722412094,88.51838886913767,86.11871527848571,39.765103502247584,24.286029785315293,48.45373426885524,3.895711112693264,2.5844155092569823,177.29363391029148,31.815420821925695,177.2361369238542,Moderate
5752.260805293843,-1.3430514104563422,83.20012301980218,20.241544701436776,38.26677036732495,19.8785090677812,20.663419699514883,59.28578300768342,12.896596289386196,22.44993457902103,77.69824443553674,47.701941318192674,348.1222454153275,21.48048643929647,71.70381013253537,10.032285093130183,3.659418099227513,41.19525875642534,131.84093414182075,18.96541886182935,Critical
28039.088603236265,0.28235363493699106,77.51035289847432,5.382055140890747,25.03211516858502,23.875319072407265,21.056387246322135,54.229438634083806,14.296041071088048,27.528637499004756,30.878545336063553,26.842828743956957,428.4927662248359,32.55689445237035,36.196898253574574,1.6965439842139787,3.716238747689975,129.85822635859358,189.27061082774364,18.02353053329566,High
7855.328881623314,0.46603634978024644,69.38337851895577,57.69262337286657,34.91778735825656,10.497989170875506,15.103280563108465,89.11169253635876,81.04446646197664,37.507265356062085,98.62674464230065,43.70642008734852,480.4345206322282,27.882772962099786,35.32072474204635,0.6412209195218271,0.28719311541953346,180.08617424613405,238.75053370508013,132.24686057442185,Critical
6564.302057433953,2.840770697102016,23.42516765168229,48.43569895957503,29.88729044592031,32.43203683596743,9.039361558972045,89.2563615531993,57.97709400921687,60.2846837060418,55.205211634167505,30.98949236599222,105.26538874126203,43.74070434011739,75.69263876274805,8.365506674465413,0.9263102269785985,35.44775556472551,245.00107800293117,114.12876929102337,High
6585.03712965376,5.4744440659669396,19.629086096798886,27.577965261387615,22.326250156069776,19.479335317021064,7.009379647677696,92.39306065489113,62.032660638590826,87.80256027696142,95.59588961297472,57.388698178174465,275.0263049437731,27.11091004839548,78.00417458367647,3.5983838579223018,1.5718056808993797,201.23680265080841,297.80889035707753,39.51441959836566,Critical
28695.54048786699,2.7380982839794665,15.408379957790652,13.416152899420267,62.03330394959597,42.9135367645781,9.52560050689537,20.657205149195953,14.732817419293937,88.95734049256865,55.45258942482994,32.47481210528626,40.92299711226172,22.03687453293189,1.4398772532819515,1.4600068592593531,4.132268533406679,67.17106094143386,35.449160492718946,114.17540052242246,Low
23616.705503670804,-1.421555505528394,67.9223351018337,56.00730631499113,27.644892079512005,38.31452768277518,16.455394892048428,23.647413914869468,32.97824210541438,69.29614868458373,52.46871280941619,57.02758061263818,259.60809173844245,25.341146569361552,14.379047584073302,11.028476199559881,3.5450985367717234,133.22492693631708,153.00966284929035,195.15259526516166,Moderate
18784.224442150058,7.577898009882039,84.30463685503082,20.675795743618306,41.79172291174346,31.304631876423684,5.971100324145175,67.52261938779037,67.451887439693,94.2540751252988,50.42246834300185,37.68023138597182,80.21988297967133,36.76721211796985,21.309818114847978,7.620226448960281,4.594248967831572,236.0319025560695,161.19862686669987,129.87104187535874,Low
13200.236460199085,7.427243190941123,44.44286567304296,9.659065901242485,37.01016127852763,19.48170668717677,7.948725442658397,56.021930511836814,87.32637010996085,60.00498612721665,40.13877485196552,79.09848843699223,422.19040385538244,28.345027441764497,35.16004687578763,12.005272061089222,4.495525272154371,149.26354518323674,243.31469364958875,95.33681964944654,Moderate
30824.818387645682,5.851895431484084,19.531253759683853,33.78986330723729,78.74541650449416,12.07672792032725,12.765399844295683,11.569601915925057,92.52850574632623,91.12288353065613,58.033134745889654,22.20545926686765,74.65760125057513,29.823067929628863,29.144808343195304,10.059980323304186,5.148460641395674,114.65279615042763,87.24396952076565,167.23117270851932,Low
14343.133652369603,7.913279015642205,50.991425658568524,56.626447220688966,37.37645709037544,39.255289477069894,7.360152266066158,15.267878059109147,55.037754625157355,56.32522050656097,50.729919575371106,64.37970430655405,266.37841298551774,43.77187184157346,66.85200483882765,11.028132616757704,2.3855261953800007,16.596807938798527,30.117972782445435,50.4362722739088,Critical
28764.380942033622,3.444823328002629,37.90655259669041,0.2298174300193545,15.598773795772836,25.347636751572153,15.538804403469417,85.48683249199844,59.09268094643779,42.17800059375058,13.307218896119872,33.55906199360454,270.12611311652176,28.591005830294666,82.81352338029582,4.818200545049727,2.201370423863156,46.35220135190835,100.99005497784171,88.72202185711352,Critical
15930.586891387426,7.6276835025320615,39.985993947999816,14.287490595239925,16.287802680045882,12.78800183251316,23.233048654495587,83.85401762084784,84.97446679620919,93.31303344803422,33.439171008115224,20.079349157570164,486.3922390071706,18.352265678385212,19.208698235602416,4.1701546375435745,5.019889337710087,150.9860129980271,295.33907042863564,110.275899444061,High
13816.110600446858,-1.2439495938324923,59.70644993245658,56.30685842462446,51.35276049471454,11.368381521920298,19.20605541117191,40.36802836966384,58.38621406726192,51.03480605430954,29.181052009500256,89.53600704518456,334.3907331386663,31.727019161550253,56.29800606019484,9.132860913800341,1.5780888964296702,131.04888455362848,270.83794736913,105.86257948964354,Moderate
16731.11271276662,1.6568074826137131,67.49744906097618,10.265158011429723,51.95544862167859,9.939243416065233,17.327812125424998,85.73930243909545,56.51726729835856,60.27232870755693,88.06920420889598,73.7222230251254,158.16334067686492,30.35675407002439,36.7816251081036,3.2412074638518398,2.8747997673069206,100.49985627700538,124.62161867452896,184.98476915011895,Moderate
11246.84772158083,0.2538126800676581,18.848287909852868,6.794607098389191,39.31312933378585,39.30373741786856,15.402593947626912,60.46238132382165,91.45756339848583,46.30885060245418,63.89829795041573,27.91542576404187,135.58366877030647,2.595448326774422,50.577787504606185,12.28655809979071,1.3270887817290482,231.9557330676176,264.11887963606756,65.60694037686841,Moderate
26418.718925992536,-0.0416691586572997,12.847218464518111,34.211232947988265,40.22905846184208,12.991384894414962,13.222801912912493,78.50197999660666,81.09394489502921,73.02700802325839,78.73147904047546,73.12578941470845,81.55913870963116,22.095159761790825,62.07578417833939,7.986926483921306,5.500276304407439,93.13339629509609,19.498800393831026,20.73570693862773,Moderate
18092.49326314429,-0.5919705110732392,89.54642421485718,51.71062939768979,13.775280798860985,27.27882864920948,6.290968771597173,46.331641048618216,91.8165273725165,99.60249800048284,96.11434339743525,68.93178661900788,383.12706754354855,33.94485492394317,89.35998186820112,3.6367520055120863,2.5652574759604274,141.23042776436506,101.11918246461815,184.11166885761097,High
8895.23163499179,4.224136415659967,28.618267913244146,28.626589061635567,46.15825572724836,23.67422532670671,22.578340474817907,19.638857824317242,29.642234930303843,22.041083909181573,67.96353452737691,57.86853496345627,351.5631949675225,23.458782682008547,19.22926678272807,9.489973015249655,1.4324240097388043,148.64765123817057,220.7754359163879,51.2428548562851,High
31585.53549133533,5.813218557473051,14.306441992676726,59.673855401071485,45.33176327662462,29.821323162957626,7.716328046295235,46.86680032491138,57.19379379898211,91.98784048056811,98.43489922642699,53.54064787404912,312.74102110789084,35.52370884522174,8.700658705606035,14.19202530572918,4.21367766529969,138.95507166502182,74.2211527948833,82.0153150555744,Moderate
14052.301526689187,3.7829839942036063,25.1900263276736,40.75030197227957,20.468452298986115,44.10343521781732,4.100104184297697,48.870482829736325,85.82249157340222,20.314084559141232,38.058764648691664,90.96558103325879,39.6034126159944,21.38799894638742,62.721191904535246,1.5067924808843793,1.6189391336207761,127.23256701192332,67.53337593131894,110.86940865843465,High
19480.797277875612,-0.5303729041179033,13.116627707877138,4.444494432626865,17.26875702776493,43.65187472392307,19.25034912225999,56.830256476451254,20.003304472039805,49.13823049169689,26.764046408160446,39.6118415917961,386.15785586926137,44.28282869840113,39.41308487726265,1.9073745475084933,5.672320898387296,94.2099779627984,259.92418832966825,195.41728940416056,Moderate
31820.051772794595,6.111237699334708,41.34487156937374,59.56992790091852,18.650074341964334,23.651651447593263,6.039157289616827,18.97453059687638,81.51959388645656,33.488544503161144,46.29788991936203,51.86480456107066,328.10603703127003,14.594338335767214,16.290269329298855,12.704435458891098,2.3321786858945863,228.55945376431058,188.6266487122557,111.70100390943364,High
22224.091861075733,4.359547071637285,74.19214275610594,24.473654206811425,17.071977254388095,2.737580035266719,10.553607989447048,94.26915835921697,26.46760450733825,80.5873424538041,52.37194734422272,46.329233031586185,482.6666566930344,5.961272150281162,11.70871673548447,1.9110284861330415,4.054916130190655,120.93876651339902,296.8165883104904,95.07122824421101,High
4974.533384084378,1.881657061269955,37.29955598061765,17.24415203072895,52.67957368757319,22.469302674286553,2.6505533506925336,30.75162976858704,82.7306879486789,24.04886726057388,90.58253885673265,81.69608232293069,301.8570223408698,20.490507449626186,55.89097868740298,0.8788179294889207,2.2024206007129976,139.18548382632778,49.05420612095306,120.89131110835287,Moderate
32954.29220285815,4.74130295536063,45.53467255026932,33.472751014673136,23.7537856682043,31.097289796358737,5.152562678430305,26.876954300652898,65.08008438011814,64.27879628674623,60.39463951330087,93.31722449860315,165.8969151976199,25.29348806957852,30.047059452819557,5.4145795413831515,4.882024381362148,169.27232620010693,113.27723809761252,194.45355038425618,Moderate
22342.073804428208,0.5990497924283282,64.0469418853951,18.25845550925186,27.600110653122442,28.772708436706964,5.983683507477978,54.77824810275461,27.391239233638043,43.594090707625014,36.29628994762153,87.98253589921843,203.12986505087372,17.011030462345843,99.7426379585978,7.160576508347484,5.402151897932099,30.899169971410647,100.2518778230685,165.4094737637237,Critical
12386.790898340929,1.451922084942105,50.71152560559042,5.187450427209139,22.150050090600782,33.26413307840986,3.251432938254093,55.662695248565534,52.6018761399521,30.69361990917617,76.83708545807688,83.81631442398148,104.4035385815516,12.418089885072236,40.590081933071396,8.67083321935314,4.76992648460576,198.60271324386264,265.2383489384838,42.1039458992652,Moderate
5735.250470555166,7.174858431319903,78.91565488170593,0.08570058475060316,77.04847131139522,9.395635158708007,17.103110002325437,47.384762715825765,71.37146498146944,81.74545696821127,55.524874342516384,98.94319564560664,366.99880745666485,30.898523729576027,21.22866087651827,7.757313418694472,5.121294308619616,135.43921787021836,84.03599081247307,162.61940283179973,Moderate
27996.856435190064,0.9050450567142039,79.28285400366052,26.975001175215738,69.82322242062847,33.03368474147516,21.251179303471698,75.61083243764664,67.04676107951882,37.39334674042054,24.591875074765316,75.77156403283081,359.70639681042815,18.21637929381884,62.88490451172778,13.723813071074268,0.7909088020382886,169.4365799235672,112.50368932550931,169.8088213627388,Critical
22082.47370156946,2.699882681579366,10.792855639292291,50.211805333595535,26.134638614606462,10.767277699701067,10.586254346416641,53.915624061931226,48.452247660853395,37.894016964395114,61.913780883212695,80.0843032970827,116.31200742928459,29.148846751327387,24.42548896905069,11.59942107575707,5.559575126791785,196.42283537221746,51.421823945873975,141.2318797521086,High
19137.677127194933,6.901411373960146,72.24370451865593,34.338911137804594,32.92964057454882,38.02515107344395,22.115258964518617,61.82411368732365,90.94298760288342,42.00614281103384,92.02550831265555,98.62420317640152,96.07487512749373,35.500072289747365,49.40860432311611,14.762010761167149,3.820944227476626,220.41335682959044,234.86628496826427,134.87435724178022,Moderate
31392.34782373256,5.077213502675274,46.85868801933391,59.95243793660645,24.692498961349802,18.27620543660864,6.90697121488291,71.51844275966178,56.73370730390599,66.94134110624219,85.83603557282382,20.55926283193393,56.9623679370534,34.72311299368102,48.257618372100744,7.303894721412237,5.241461686563958,107.17179798393877,78.93395234806734,93.7666301610828,Low
27812.305181634045,-1.3779677383529725,89.10724330429305,17.210798738831997,44.43131716225766,36.07498080230977,9.483979741908508,12.127133632928661,55.52805686758195,72.77327453525986,62.81289753717979,70.7238701149092,457.74835696724415,18.138300357334725,45.35576297157372,1.5396452646359302,4.1697332322754095,205.68602478032994,29.81287894734365,131.9221235526962,Moderate
6156.94591091354,-0.5269695572102966,48.65856607003481,16.82730388560332,11.372737273197751,4.29754874749314,5.466950839716873,58.50475551632881,15.602553094730885,21.4082018961076,43.937485649648934,79.11772255626317,131.87352017352853,26.41962384485751,79.60856962695749,14.346300451260257,1.37071647755352,75.8266704579869,136.18153248036003,150.13924470892897,High
11598.55030504864,-1.9215840922808318,88.95167563106381,9.584967614036653,56.9957606227757,21.577281228363844,16.27286149463697,85.15653005441139,92.99083508178734,39.34957088910323,17.828087595779003,93.42616430057559,185.1984928408659,21.335303651037922,21.66130014661839,0.36046347535973117,3.735419589544924,170.1788779749811,123.52285594884506,33.33584713411682,Critical
9448.630753691836,4.309217902291634,70.36554889645893,9.84381529592011,46.62107048723492,35.841657068639975,11.657000590017057,11.478043148661882,25.94049118105357,54.477667400422625,52.26840309984614,90.70754433474742,154.6421640211955,39.44462586651539,90.430730507047,11.708611403434011,0.7274881903942176,39.13621565971526,61.5066692485589,58.892692434852776,Critical
26294.173947471016,2.4767342541041835,29.888390769064507,17.111195760602868,72.90472498107724,12.889784783911718,16.10551697736367,44.44047882308169,57.55102240928988,46.55815617289865,77.68714937766212,87.35685449870354,218.5398092531797,39.786614631399964,79.13405032135343,0.759845852343688,4.2351935752653205,19.707159844657674,48.7432923698445,46.875557003595866,Critical
2140.1027810164987,-0.6572514909772447,53.07159834295661,47.57040271641163,21.50748790298899,40.173778150266685,19.518522824066224,88.72933326749555,82.32108412602791,90.73365268087089,42.42463477597095,95.6633017553363,362.743423703592,16.780888064185582,33.312236424332376,11.489848602579086,2.5722066182673218,37.50433463647033,270.0015918811456,169.83024901214273,High
20376.249285624763,7.579341210567705,89.37085115828663,54.345407438186875,66.28764722427923,32.277427189036736,14.551169368757815,40.01812419401571,29.3907949260079,83.0166984709135,31.190214299649796,62.9903350330966,437.88590418861656,5.944710258785421,18.06025062801385,14.087702415766397,1.0800524039812118,90.05488434218182,29.674901099856857,139.20049239103585,Moderate
26923.595315183476,3.296597239456199,78.6024486201539,58.50523018246088,65.4372710126701,30.20296506319032,16.43549816274112,48.991950057020475,57.4635960973757,70.0712172431062,93.8241747343858,20.55360764678614,107.64739977369928,9.206046782932837,27.95350245067413,6.022126370766388,5.879532932036802,22.307234248796107,38.80017744193279,95.64792251928354,Moderate
30810.03164989948,0.418932941128892,17.789351503297688,13.937379245787158,18.902683245182082,18.970345001808184,23.510757231069658,93.43101840876659,31.661641830100677,47.04339327976318,83.94001304121932,20.884351895760762,349.4779249957593,17.781074911628004,33.26362469090783,3.8421833129298495,5.426289660421951,163.16544896400669,81.06371153013774,166.95059259280893,Critical
12630.779456340853,3.0060357115470753,66.50975974479968,52.8778527368455,37.89914569008893,25.157670578293644,8.87847912100339,26.942528010798775,78.37254980199206,76.05378758769278,67.44480574781302,63.571124449428645,189.22982827639288,26.262748054808597,55.69331688070467,3.626303541923913,5.382553537738872,89.38796651983223,286.32336500038565,146.18845459857704,Moderate
28922.748358848436,4.796203327351078,37.646366869665044,19.695305356640223,21.910684880116182,30.672766446936947,10.260770588580922,15.546691075625505,60.790705108583566,87.49104102766356,22.310500952846745,54.821779109115305,490.65304078270054,30.241841471470458,4.6368168813650135,7.528249369007989,4.775157776843066,188.04837591286002,34.761432360757986,183.5826854936064,Moderate
4761.479056477046,-1.2376078202643552,10.55858095042785,6.770432671013065,27.830435032028422,24.67818146791474,18.50717731931475,83.05092022321087,87.03782743556292,67.58643018871894,23.04179563655557,56.09960426923588,163.48119645635688,16.24895499029801,91.43591298520532,2.8120394256248353,4.213490525832402,25.790057023357328,246.64429975543584,24.593329258603994,Critical
29779.37791897362,0.7470381504789199,42.27847752215997,52.201495531209936,28.427232238138103,35.51903954914688,16.060026892273896,83.81955400305132,90.51022025896445,82.75691735147034,19.289763231020107,52.03237897680296,23.452618883772782,30.70246214383139,9.867485666111097,10.191977370697767,3.999460985695022,65.92486813866208,268.6951244624599,106.7399024928347,Low
5334.614519287402,6.0696549088399365,28.780353737997704,38.166338078617116,48.93654758180409,22.81745278913406,6.106256804413441,50.12661594780112,68.38601342008582,79.92839691197983,65.46670002034689,93.41806472729886,267.5071875295257,42.322819297971506,27.927339410003484,5.714779655079111,0.8153442586823605,110.88080495247917,119.58164502075677,144.28210167948848,Moderate
14507.767879052488,2.596648704026612,75.50954164163772,9.883853764863703,38.798765223232586,11.709112723617457,10.651388130241275,53.70760983056933,75.285212154305,65.73898489282578,20.40065168260024,48.73362809358319,92.35092045245011,30.03660746826487,10.928743795296658,5.049709538327908,5.4232841648470345,104.92311713910088,95.2293759512343,49.42370549292069,Low
28108.042436504824,3.465771420322949,36.98644870766124,25.78987545078015,76.34129628044137,12.268821574450268,12.760274301868444,81.04354141751607,59.42980898981774,44.97465734572088,85.83644789763697,88.49815534104665,41.35732487283157,8.818304866107104,25.667282652566016,7.080897970969918,5.310544698566741,45.78468811654001,206.43954119464834,72.15398407455916,High
6097.192529858308,2.3281600220946927,76.20189551630537,17.23546169262406,18.84590993629036,2.2785809044611725,11.645966273272956,72.77755733984259,44.59858597606446,79.66257264010174,99.36685016373899,92.22918350333127,355.1692313349001,26.925763258037986,83.76738186088085,8.276036285864352,4.53754523384415,248.6221511916894,213.76403417696463,89.60548775076705,High
8794.54743790981,-1.5610005735699488,10.047835106783625,44.20767412261182,78.15844943951392,16.445970346816278,6.1003205914069385,32.53766518844591,68.33061307187512,36.54370930860851,42.97133662377988,59.96014159991638,371.4844556040591,25.30150722098026,61.51758113832423,2.386374855204298,5.5784267626357105,81.84330149595144,236.1933772190051,160.92186747141193,Critical
25556.587325364253,-0.3425022017984407,34.62553200208953,27.204973837456084,26.144704814998477,37.94804674296894,23.261892111038033,11.435935181079069,91.7459761138596,82.3590677177227,50.83028622703877,55.75504298920706,241.1355262959212,39.44010476863209,22.732322508948066,10.704121447813597,3.4078840181083536,184.44253989309382,250.86436658538844,103.77947820086708,Moderate
25481.242242566528,2.455416387418909,29.293217144620954,59.35679670638309,64.1011755467297,40.11981002420526,19.533331518961443,50.77451381535139,47.50123423882942,84.36373537140264,74.05004592871109,80.88164833723575,344.9050480431571,17.063031374157895,87.17585297993377,13.279322368608295,2.796325541361821,66.70627384475378,87.83468224357861,103.64530624107996,High
22799.019518100107,0.0918546540792784,28.685388885488877,3.2846989355757072,33.7278948320975,11.718442020596001,13.071184138480602,83.00754771812952,38.29690237364158,85.77159036562985,94.34377056931892,76.63772061119059,278.35493515862424,20.18666123243724,80.07120592184847,4.386407668157371,5.814094932564417,221.29503452062974,209.21886454712822,91.8686475249076,High
24594.2471118814,-1.5002097134032126,15.454929581237016,21.3009159681748,20.015697679211975,48.03411184982757,17.64140365105724,86.14594751866379,44.95932446973167,57.83327767827661,90.46843962007466,46.28280932769648,322.3045317065272,27.742339385919227,75.36492823215806,2.9517462568934265,2.891960889226405,106.12320288517772,49.1226600425559,53.431926966299926,Critical
19452.63107381827,6.4364966405182376,24.96994163284014,28.914010026598646,70.0522429672368,26.115334087046083,22.637501459117,91.27922675147308,49.18578671904397,35.39846142163373,15.183264587486374,28.203850073971726,306.41790713022135,24.550288404907093,84.76326983857129,11.479429728670235,3.9196817581895145,226.71208491243956,158.11208614780455,185.3835917664253,Critical
9561.168002836393,7.811925291641158,54.44396559084959,30.188013284899185,31.620262946552423,46.014979952888126,5.132005274316138,84.7628751970864,16.620492607994457,27.9778880052855,25.216462230108853,41.18819201459843,339.59492674668434,32.917713473422495,61.96496815183151,2.998063339355047,2.3637604517789463,95.3312061139832,187.73720578865237,70.38221292476834,Critical
12753.663779133261,5.931428739967394,33.30888582701956,18.956149343138208,56.119878295878955,35.92473352935829,7.7585801662604865,59.303702200338364,54.859765639149494,79.46890003903394,77.9137478702013,30.482280464983916,115.82271136312221,3.73672660923732,50.14373602112323,0.9064508573354624,3.8906921109144217,17.031298051774662,56.90226163619891,117.8184755462811,Moderate
7174.322371248472,6.53784921704667,43.391582586331836,43.75441494585408,49.65105795606386,36.67680430507583,14.482128686902836,47.791475935068576,54.48828232450537,90.90091076238505,72.00037972292026,43.57858206213531,148.9791776176161,26.231188825899274,37.39350261713894,9.402875339626851,4.376574174628988,136.49980130343843,32.18689651866683,38.26814974923823,Low
31887.319085343363,0.41977130317045397,40.14935042777508,52.484824409338486,43.0229416573612,6.082093822691414,20.377238541104248,75.86223695539842,62.959944487647086,72.06706870695254,21.989673463611094,40.94572524646392,231.18231176369216,7.231891399166637,22.37640204076984,3.824345819688648,3.8230020466735923,138.32516499550766,66.47642302009595,92.50624449881896,High
20835.321022048094,7.606269755131997,80.07239399999156,56.323158118671785,44.70736308539774,12.559574091052673,2.8338625951551295,72.8848389210757,42.653802742419835,31.53280483106957,55.18581238014109,71.01691391093709,234.14144452120948,15.553986678348018,55.741165764689484,2.8256130112498274,3.184465059053947,43.16103295532936,131.97073687718645,181.72266807215138,High
14628.948169963756,-0.03074295546571615,82.42391992084124,48.30560260797157,61.25665398646013,2.4231119981346865,24.632417454516293,55.74219155692362,65.17968363600308,94.79171588140592,80.2733167976766,96.35968227638237,391.71762156171405,30.449955045892786,88.94923457140884,14.729560303203241,1.9406426262263505,70.21643975353372,267.47388356645865,199.1383953170125,Moderate
16708.19732390051,7.514298103618323,49.436557732468806,51.03481183839597,16.14410398864084,36.3741267428834,12.462851866295134,17.422826667469877,89.03946792467826,99.12816116314556,29.690261403642427,74.85949858643869,196.34895643017538,8.76881062546364,59.3981788992325,4.590415255975996,3.9343049215900954,199.12146388061709,164.25518311507088,78.73285277935875,Moderate
33207.63354680172,7.94819293965951,36.41247602524835,33.03271803719973,56.77264633705336,18.53303784456848,10.262316234299629,88.71691447688809,95.99238914456478,54.670288794793755,88.41588721611997,94.13195264516557,98.00247490840754,15.28019892669904,91.96068617206367,13.580616366168375,5.468887592515904,23.63761878773492,227.06293860285726,39.258203799723745,Critical
6213.947705946727,5.117228057460487,18.544056320189092,49.55329358560888,72.7068470979005,39.75932077166465,8.732662070314753,48.72621568764128,62.52509945269447,67.5860231419017,14.767459733833117,82.73058068867547,140.70366583571644,32.229278761918415,35.69173695931636,2.919815858562483,0.24009302878407068,130.03877137136993,60.501913204519504,69.74579007877507,Low
20931.814288571106,7.8114373179182195,86.2722303505676,18.210234548877132,14.045173791390491,18.26893855697726,6.010204275970048,40.883371462882465,13.833185857328179,82.17828160013262,80.39755765612665,78.23020976569386,123.07208114442963,29.984625428653857,69.51379725274977,12.338963841317797,0.9767883590922042,139.64590900218724,40.733677436015384,72.1759359935337,Moderate
18200.21508207184,3.6953977956710364,14.818155592023796,23.908725726552863,19.84573374635667,41.328020110345335,20.20619990539064,63.513228589345594,97.2312397540398,78.91118320400358,65.42370098108833,53.12495521706731,371.19680924289054,5.914705776018736,64.86654724626412,7.679677433812685,0.8946843192991631,176.84733425888913,79.48903371334954,132.45667091364035,High
21789.444004778026,0.5954178317609031,33.81202220546243,19.01478082911266,60.1642355691422,8.273516179919024,23.97452578916022,67.27622669919305,73.52758548066306,97.42297535467594,38.36794119889142,45.98356022906949,245.76301502047139,26.82254522016993,67.04338440627419,1.4553431060051305,5.554590756778554,23.80222283903177,101.02531970920413,104.26977765396646,High
1615.7462499085773,2.3699588566562086,33.84529609360033,28.043240126875524,40.60971537712323,10.321911524360393,11.51382936144416,27.90847294757562,40.23672836982869,29.19064728630311,74.88392935077202,87.70218979783354,360.14273502607205,8.331941862501496,64.50420122407927,11.083997816560515,4.0439365959831655,152.626886866259,168.94958545843784,156.0073483704698,Critical
30652.21290410115,3.93560935378786,35.632102891217194,17.134776974318182,38.24840345695819,18.362073900028953,23.905675979329494,81.13980180884627,23.244193086735102,66.45798929142445,80.41292156360437,92.43145863432042,219.78544676366093,12.847669284723185,22.165467493711677,13.413478564501265,5.720371017526873,15.72803859587305,265.5605629056878,143.24762405452142,High
32692.02160444282,-1.26918437972985,23.142947461792744,57.69668653526681,19.58766441809651,21.60739466634912,20.947345155005785,34.644652961302114,22.907675101264743,75.35451357384737,94.05090741735724,56.15059949207456,447.0730892018745,21.746084981338484,14.359089828314897,2.696349757932166,3.580316984632084,77.31691631295979,133.56685886543596,57.748657545796796,Low
20214.528242033102,4.223432646172461,72.65291447389578,18.77067768034009,45.47390285024517,18.737734920462962,13.06417593195532,25.868133702716918,25.096996552564246,91.20787393501361,43.09972049388372,20.725047854931553,492.0897477069126,6.701913401822132,97.86282562320586,10.966176562341778,2.8780508035236716,132.42579999937308,160.45147447504132,159.00858107829785,High
24686.128011814337,7.811778367622946,19.79982895727914,5.88267228665639,18.858171783746407,38.65505756111455,17.502602119901052,44.54398749263228,14.101526945243828,89.92877021745205,71.74150623819594,83.40248471251763,341.5244041772536,44.72681962049837,4.52951288425012,6.84227203037492,4.7955888885233025,229.15111429502002,11.337925435626987,171.01775471381504,Moderate
32364.978960028053,-0.09892350216272372,60.79253273225302,31.609029963024803,43.36343194173783,6.653666846082306,12.004636120920647,72.09760687628454,91.19387697876203,98.23998348490319,64.23546492412217,42.80550723778333,434.63002747338504,9.110891125322048,46.77364870282703,11.38189566287376,1.1334651513563023,44.74860676130082,19.660498238473124,123.69413605326032,Moderate
25046.113566655553,5.925951162883833,19.907682136465397,3.425944706710582,63.45307092731597,18.858416942647427,14.850638388888704,92.0639451673833,58.66914095446027,60.966276315014326,57.26854625113796,20.79102920135366,263.80796824259005,35.59644302242999,42.50803171418619,10.794740838323994,2.4117610746404643,54.782945315769645,34.29306797898881,186.25686475722947,High
6186.327459084886,7.078987937796194,15.642851007436525,6.632589978514831,28.078505052101445,42.18751997674205,3.3350657514255877,78.78890747157182,72.99634714424535,86.46086934505813,90.13748267395341,84.39908471808977,468.6180033698758,37.68307033599868,36.001895821507624,0.6910233878061796,2.904390595098498,172.27376513019948,212.7082847889183,158.76014331956455,Moderate
20593.804245671647,7.437015928202207,82.75436029487012,13.163363351774777,43.65503177258091,5.2062597085842555,18.01405993191226,89.9296121019663,84.52976583414767,54.182536650186215,10.285058272456029,61.39313510535185,419.16151312295744,44.76195070552806,78.19838535767096,2.9271992287171806,1.9310586881702854,103.09249804826374,150.99549694385604,123.12522230590781,Critical
21628.3115770171,7.601356044054473,25.210301305496454,27.861014992928503,79.4411178577785,47.232488368225155,3.2149668231351445,21.951493346504776,81.23869056998802,53.78511022848258,35.39004454932379,74.81685970707753,496.0537144476988,20.43208836764754,74.5350288312516,7.224100471104433,2.3534565519691752,161.50402945187486,65.95874757423886,182.17153948953273,High
15420.442824281125,3.214596387214719,75.70001236477634,25.995055938541675,58.06552963478261,49.34320842905662,20.79295377915194,16.050027903412527,89.43450613559574,40.26786915782872,58.444951559034706,93.1751856915582,319.0849929573347,39.586064365991625,90.52249235299404,14.023834327107581,0.6530100841616259,249.40172927655277,181.85383722004755,124.0681112457024,Critical
26039.104011240575,7.773079079915037,53.57046968857087,47.98151172016747,68.8949739913639,6.251272343603844,20.973779377592823,57.40490476206705,97.05291602724567,85.45898296153838,26.04639354728971,63.29390641104843,394.0192353287497,43.17419587772459,39.54875261869222,5.328479814295582,1.348304818807436,246.9148404169807,167.93752402752048,109.02631419409464,Moderate
32768.47850214651,5.573102071344389,16.228521568701566,44.368479233046806,39.0393324592382,15.981081068275374,7.452777613792936,34.67528605874292,49.51635532677456,98.86520846508125,91.70798803594825,60.25552580631726,280.57670718954245,9.434448230470688,56.41795279294597,9.544440013118674,2.1458809779193846,98.12269118118903,35.75179752489876,77.68908467810951,Moderate
32469.329438830395,-0.38328563763038104,86.4358553150454,25.57909763944208,63.75026461880987,19.875231969697097,9.444243963823407,80.3846727023882,95.53019200015515,40.50733826778063,68.28356058517139,43.252969707861084,144.37765005028297,22.6157518295599,89.23070473421207,0.4776310590621035,4.816164512752179,133.42245814883566,195.71970408797242,177.74403281294462,Critical
16328.538627740492,2.7690010646797,29.756893359351402,20.022252454537796,12.835642105892529,39.26678569533085,13.070138706840746,67.11896906919772,75.09609535085347,24.490527041685787,53.00946951687909,44.41550675519621,190.28248214228373,4.580465210811772,99.38480628553845,10.75356574674008,1.2584846580886104,227.60218727790743,232.47491306284795,33.3181624658361,Critical
4850.093558585679,5.18331175372004,78.77162762820852,18.988127043689914,18.60378277795715,30.604486981603223,15.723246859447073,92.51189393879253,16.360137127727064,85.24339499352058,83.32315831599891,83.72336528237167,449.12259907103174,28.691132517040668,96.9294362365355,9.165103462466227,2.210514169108503,36.659400666011024,93.1007782356381,99.96551570131672,Critical
34484.60076471938,0.4734031581908331,23.504800462765132,46.43970523764054,24.21494150440435,32.92955362364323,8.609134220065926,31.65735023716086,71.36048090911109,69.6184042027805,50.57975723185934,55.92233964687496,46.85501436733787,27.000464744832353,71.78438712687341,10.816302775251758,0.5765376715422241,121.29141740165906,209.3717699783492,112.10853305625415,Low
29522.53493916176,4.406151835488874,78.31543057134823,3.1243443732761844,38.13663472306537,38.36047149528829,15.627187306534276,51.291649720194755,71.80449936443637,96.77590404408035,60.27877107370085,33.08209668864963,303.9103453157159,10.777430240517477,14.32275578101796,13.598511011466691,3.4312051999943147,103.73067685436786,67.91865993254736,115.4023302862576,Moderate
5238.531160911073,4.666004790466192,11.058305032423519,0.7692989706363496,69.20214148280343,7.662991972977235,8.849102684273873,52.60544058115503,91.52745074132744,40.17913752615618,10.24758959985289,27.56230112003965,198.79233560197216,36.309818632447424,2.3186011793026595,2.4535343168318073,3.745255151217381,84.29745157533436,229.451355976406,133.85906779219619,High
32308.62400899066,-0.3730025619143411,50.942436525558456,47.73266351559889,34.23862355515513,41.99405393169259,3.276286584634396,30.330027562876978,43.56389192230829,25.682212640102485,42.913047717556616,57.833609348942346,205.61241824266673,3.6025550788322147,82.52183564029419,4.145367061318586,5.219995488080568,248.63798980175181,274.4145090455889,106.10116860822497,Critical
30576.47631011236,3.650853124527563,71.55540635372455,28.62878255934296,55.8234835460824,35.86975060064691,2.0581336461339057,60.15793895648066,62.6420350244636,59.39538086932012,22.491142511587277,57.19640188941844,444.5941790786083,36.66777493748495,84.09420244918255,14.937979114871688,4.950872791311391,187.3840840835088,138.14146590247765,58.79544805158614,High
18640.49394228645,5.716269109786077,84.78364139942266,7.852868313214558,59.65200063624384,29.712402809425775,4.326474332123858,47.67930881673536,11.096879591056826,26.837281837211798,72.07198125960619,72.27666225643168,429.83473978218876,3.145747520046297,74.63609082634696,2.5973741900915157,1.8551921371665068,106.35554321233667,80.94040268136918,172.81943526650497,Critical
21103.364815327594,2.988956645359419,82.73617089651896,14.133956075670076,51.0327647861839,44.70729606958672,20.22176610377242,47.97133225913926,39.88677179632024,40.9432000882166,53.11242630781604,57.68539821961126,307.44434027478496,30.24363892186306,27.99234859992201,10.893216995932587,0.9943313973011865,209.8201445413735,125.76124363733295,134.92981228875038,Moderate
14566.09193158443,-1.8789688322389257,75.56998956381159,55.95023718584295,35.006937771909534,35.614704986422744,24.112920184816755,40.8326150776611,15.601935354290283,30.07822886553346,37.15818015252077,31.47805633073718,151.00104675408028,5.3870890983407556,63.981785959852665,10.958615884510257,1.1052824568203417,130.07153366733337,82.5224670701579,173.05568460495817,Critical
2861.895719949065,-1.9096153092070782,81.05530797290433,51.57017853749388,50.3937339199481,11.68159820628922,11.820222583468043,11.43899495617048,56.968567548840724,37.9305743728063,52.10491054345682,60.62423078388108,248.21904615777154,12.802697330429886,31.624844181527422,10.34000806966287,5.819990869634578,220.1137369064468,10.35941897224888,62.448263286271576,High
12396.706215960632,1.570293439700122,25.93757486696612,42.58710301343835,33.958591495282235,22.627778291632005,13.791730929348684,54.378095137757064,83.57028854562579,28.491572225711348,28.866689915621155,92.54315231088201,215.9808290188237,33.04227402040894,45.06482461009247,3.6433766629242914,4.104709721242672,77.59926372318591,198.6324174232891,131.04081003153613,High
28297.01725233239,7.261940684317819,32.7347436569383,28.933513820239593,15.871161698640845,25.714057612915198,5.3775078886888,38.49606603452814,28.579842291616206,96.31247995418283,93.25779692375265,32.75531292961699,189.73665401719774,14.057406383891632,38.24350849805105,3.4624707292438996,0.446910569258788,67.54605343596037,22.3327261690371,145.69301156451507,Low
1157.488782156497,0.28676779603608793,33.11748199368468,31.21941757148314,79.49627847302101,4.650446084019471,14.673721111643612,10.112188863668022,57.469694100200066,42.28501707597884,14.85753692958217,75.18037127821992,69.33707770750229,23.980475494862596,91.36400867900556,10.095213700111383,0.9933196792615486,73.11237009315018,71.013314662997,82.8469804698893,High
12338.971837498902,4.343636888716872,40.16431448013591,58.51467211703751,18.90277175427576,47.822600641282676,5.327062746160467,36.175215151264226,28.360777285969036,55.511806879405235,87.88753317665083,67.50874119724213,280.6946656233538,41.35567558936492,23.415733074387557,3.0378777115504754,3.0176403775855434,141.5429353893873,219.51037127764812,164.32638245931125,High
14537.735582092073,0.22075870693320576,41.4656536308151,57.94622663305723,15.064386868524014,8.171708518250167,16.05792961757309,33.68340831262934,20.86196210616164,91.88894461073778,56.022290986001586,79.88685813694421,164.87902297975214,4.134277223572869,57.76109045737502,10.0249809765859,1.4054070649000947,83.45864692145665,203.0602540355772,10.476667220036378,Moderate
19271.45049988938,1.216699896595486,53.56442597237404,12.916142747150056,71.49715244450091,35.47814082688289,23.46494935435964,43.443093024009045,55.98971127409082,74.18572703691794,65.70518465249356,32.04802187420742,337.18781260521365,36.87643113063396,36.098152903385916,7.540165745772175,4.861222113000109,49.57312577440026,31.265384493388037,123.0347525407021,Moderate
32275.090958033856,6.48042089601484,22.79038106931531,48.66627397831909,31.128426262502657,26.299089732362248,6.501066403969911,21.20741911968874,17.123375885475486,69.44299844494195,37.23450588178334,95.32842695247956,173.21788919625476,4.80669593844505,66.30711119142258,5.983444354445946,3.5246592819023164,248.73756084884704,201.41587491293234,126.5780093669048,High
12775.763808442682,5.288614422699469,65.29973310287915,11.834559970021008,55.520788185145534,3.230347994452284,19.584965515313346,53.153125093982176,62.861916802419046,76.44505522886698,97.00278551148892,69.67731422137268,226.95847670470482,7.452178306477096,56.456314117747496,4.713415535855802,3.7532668051779305,226.60180844873136,279.86671797697693,111.43018767734073,Moderate
12796.408864471741,-1.0460072268678937,23.40532314436052,12.812248673037082,33.0304010763563,46.38787884148936,2.540555724821453,68.85742996404105,12.820371460905363,86.30578056843055,35.366586266754084,87.76569101529094,45.13297961331561,7.130721467236067,92.39776813659405,14.229380919849815,2.8843881786854286,164.22792281087374,31.60571601527311,129.7092125146954,Moderate
26075.042435731444,2.2870202098643357,34.8246785683638,40.56558204987461,37.40179895561298,42.888166823308794,10.636436550397283,63.565773369638656,19.604347468153797,90.21354142814087,62.99901974262739,39.728541094418844,496.41827355462925,44.74639817806123,10.161215170121318,7.768976768818977,1.6851640974726299,224.5125753721273,130.54958602622452,41.773102834421344,Moderate
16375.409990253444,-1.7083023635473553,50.26761044849232,24.300065915252905,28.347908041175756,27.164380539384105,4.547215680101708,78.3191705433812,59.4997736938622,71.41117365320213,99.4075034596416,79.15303115183693,263.65298397208437,9.748011731255936,22.06408397567634,8.550403848911142,3.61854095657477,234.83374331433743,221.535828133101,140.1084815424514,High
8636.563979959386,2.8089014660300897,73.71524492187818,55.892664426391214,34.01308040551071,12.989232134693372,10.106935156701088,48.4207044789019,63.226667160902245,91.20058197552461,89.29849567451012,82.48245634671352,31.63404519880295,40.56075938901953,76.63479638310558,14.254064444895747,4.358426267732244,173.88544858847135,203.63967092159487,73.7999029389664,Moderate
16382.943548511576,4.62434011701068,69.15753865909818,5.34058409376053,38.74902804105802,7.837898752644524,5.991349151694321,54.1227970788769,12.608823708438226,62.83180219403815,58.26968427574955,51.794821790966054,279.79071620534916,44.61008300670183,36.87868398948434,9.911996576027866,2.351498850254968,136.88974799245744,75.68805731615451,95.89021108942438,Moderate
5789.138692913195,-0.8149737640184844,61.64274851284178,30.69153844856958,60.429124836464005,19.442839012742077,10.586014772826411,78.88416497301358,61.60391092014026,42.183268501473876,99.13370706704909,50.71627623067377,437.76991966671187,18.50274512772881,16.578378622872393,14.380438038025364,3.1286730575834447,222.27042117044914,57.289510474044846,73.29077915929105,Critical
6997.157541211593,0.8888493890916567,22.461860846413614,55.111291826587276,45.80753359643543,14.260557490212344,11.603024540473198,46.35459951963527,85.46522727912733,90.40613671070756,73.12328755593532,72.62370120205995,390.82502444777725,29.135087371733473,50.33212592453877,1.8635910856836673,5.070167028737793,148.43229427453375,237.43163117187027,100.04787866490223,Moderate
17944.504273142313,1.9783662550215695,53.76362764924622,54.24681962877031,76.04956520098838,26.32117764830234,8.913595823961122,69.63594474146575,75.00845595645585,63.31782619304697,28.78303745276284,27.472614540817275,356.435208382138,35.500923911835336,65.21420616113862,12.745602587054337,1.0623542185702697,44.798127570660384,287.31095001925104,128.09815303723207,High
15243.465283154628,7.1953102465604974,16.995720143990837,9.391752804944474,12.931627568714285,48.38764621392459,17.10230483788197,46.941201341029306,21.806659352871876,92.49100700537875,46.503658939222575,78.84993201740072,86.94303420753675,18.883738518956957,4.482671415349859,5.230595031939435,3.3623016317897823,101.21116010751386,232.59920558742044,169.2852594701547,Low
32104.7606363154,7.93255015422964,40.189054143732065,21.99826200578739,45.21478258424197,29.597767675022787,23.133597178954922,45.507576533482826,63.32271828072534,23.213425116046498,40.10440006103959,23.430940787152874,335.71379791398675,8.958008041405714,29.16218893674447,12.214166618534016,2.2207934386095234,119.79142365781361,289.32929983734755,101.852660951642,High
13321.392569965526,-1.5508870100438414,43.08132242319673,37.147284002801776,50.89573521822027,44.7166906827247,11.213693604421264,74.61747808497863,70.50272500667921,51.801260123298846,40.961233744407025,35.24722408966608,387.82322144588494,20.65179798308013,80.94225376960429,12.877858375666184,4.276209597659937,234.81171879186496,185.4486729997424,71.41252724468461,Critical
20740.003909453477,5.61007923495392,13.184915155660306,9.56369308628413,74.41378902519918,33.24218419979731,6.423892598925493,24.86113781462795,13.35080815770626,95.82440146899745,78.44107954238797,73.13150057930937,294.7611507034384,35.19116873512662,52.02445666101943,4.29087192629557,0.30909941034188904,169.90858599186825,279.43866960065594,102.70895699582302,Moderate
22496.985789264032,1.7172406640234321,31.919047957597748,58.08133032274432,13.441096653499931,24.811833276185624,8.226623438507616,38.779807615033754,86.98129018152603,39.97200742066422,62.58366345455143,27.865893367357106,448.5195221697687,35.57279879818133,3.537921517331999,6.309810062777539,4.088745138858494,220.69022725703434,210.22635141801717,140.87269617339794,High
1445.2115240033436,1.9245818622948003,86.45195738131915,54.88495972365962,50.14497094546512,43.02116301120182,21.642018940416484,29.05464352348665,91.56406575608472,95.32289968307941,13.428344043057567,97.7473673181432,152.955095256745,11.913168063349273,28.195100527470085,10.97241100842909,0.7968068572938869,193.034049697385,273.57657755831514,75.87313617790116,Moderate
23560.27064856816,5.542649733470227,86.29060862637516,10.017010742068152,69.754094996957,24.625669288303882,15.147713635213401,40.52434515224576,86.54070460260327,96.31219689033999,88.97036352858784,89.47169675695206,136.22945587484026,9.523522515302101,63.91406559794214,1.7561177741854688,0.5756529673632165,87.81730833283049,56.86080071118133,88.71359419744718,Moderate
7053.222873571549,7.184264321454087,38.18616434020314,7.269327675659126,26.93494096834656,43.69415218449733,12.465253743060018,29.581859901112043,84.2168321190202,90.57138513806888,36.71165264321481,70.10418659253892,437.3934775724701,41.58411019031504,19.935946957802475,11.406342954788299,4.402815145559955,183.89661337008306,246.5139125657452,116.93956523165993,Moderate
33676.39079396147,7.509285945025484,13.448008715865925,5.124508968495918,71.34046439667563,15.995684939636734,5.4416445947053145,59.249478642365645,77.0468678614804,65.0934436074639,99.73673892218294,85.52459645354799,320.1911566358972,3.891958314007354,82.73914062194143,1.923952013004737,3.9139844868436264,60.89543794211053,67.05628227650124,65.8617601271965,High
6054.532743605841,3.7712258603832076,24.327595146254524,54.566619842197866,11.333038649200427,8.18302754062343,12.343728091446984,77.84451822251684,67.00888281537641,71.75515592645108,95.87716573013071,91.00640388716543,20.694665850079677,33.59375445789874,67.65759070836643,13.742499264340454,5.390628399177421,110.9142657536049,17.954439564327608,49.72608531344394,High
15097.220206718806,1.571211593005028,41.37742347468321,11.617428587727648,61.27182403936108,43.05509428942104,8.405316077219894,76.86211020352165,71.07643044894267,89.56935987598953,94.64776450137687,40.75805196574548,189.5030760853052,3.996119574210422,47.13790609477931,4.362187611456395,3.213998743643742,204.43158643164404,160.09997887245925,36.67453393401978,High
3901.888714673891,5.875490858587792,85.82237583753839,24.977095712661285,75.31792548180572,30.195927862048006,23.692751940627033,40.98258198664736,82.57557640014848,82.07176659113475,83.00148436575763,87.95292703594556,431.77087319104373,38.02970218702248,91.5623781066785,8.761310398950132,3.2741416680575695,158.80335305007864,102.29301636293485,76.99589679395412,High
34893.72456276221,0.5100138326230024,21.295925082974794,26.93108193912018,56.00383631480435,44.676435115950085,22.333612516561818,94.04463450101224,69.6248612525174,70.40750795643292,29.855199851518833,35.58350269100814,33.11336558803678,40.93283697345238,39.18007709246617,2.02215645112121,4.300703446343993,208.97193889886452,22.62409491852518,19.18515222323084,Moderate
18074.630351262247,3.640740288335177,71.08126749345698,35.940662652814055,40.73204707863135,47.015705935634394,3.929758462048554,60.477620999993064,39.495426101386386,98.58075262965622,57.93694696259038,53.06738113190523,21.559005565524263,14.789022341851258,23.507341056408528,4.261549373538437,2.075705942848857,74.85534185226206,294.2882698311662,120.86168007480529,Low
21243.09058888149,1.5857846152487314,18.694603149975364,4.304120624845497,13.141671153090261,4.57416273782956,13.883030253008586,43.949025651155054,43.836499194521856,74.85413090669553,30.187236414247714,64.66077049988795,155.0044594520623,5.179232671217996,66.14029925267009,6.23813913926045,0.4140922414472088,191.19097562041432,203.2751676920979,43.42277953952966,High
3280.6002312065343,4.566310737078761,88.50060619130215,13.605517044030957,74.40796693258402,26.04652648922568,7.176341946837458,81.02083873552117,90.7351721535063,98.0385593958209,33.37079100300543,77.11127704592259,458.7200177644534,22.669435062939428,57.32951874701485,7.45961848724031,1.5342657891705354,62.546224938831585,271.52553023252364,81.70501054270814,Moderate
26498.655993572043,0.403989128935069,40.5293199287308,55.889423215135565,42.92073558841024,19.998298355577404,11.447873059058683,72.03929107462447,11.540987721744571,24.59107796856726,64.98565924926496,22.411305417802243,452.7092391056078,14.833910580055502,33.52479009312251,0.30099221540464416,1.580477788998926,143.14648051353169,299.733949902865,61.15233492569079,High
8136.790165249916,-0.0840705426517423,72.01876311192449,54.50460643611417,12.029772103516361,32.04120305936562,22.1675039597835,73.68840363004887,72.89385231198538,31.116829659376997,13.675019081775705,43.24075302225512,269.0057339847238,19.936854140846297,34.366456132397715,13.363239706992886,2.1468213316135243,116.88062969679136,123.67035363461669,129.77409360493238,High
31533.845840984268,7.182390866754371,37.407286624890546,46.87743884434153,58.28747499301333,40.09237746571153,14.13283395743653,26.671844727379085,95.9299797182694,56.11670768003925,97.25127101386369,68.68152785683122,285.55369814701885,30.59437450001325,39.82103086341018,0.4128197005154936,5.672083851634685,145.77182657613963,83.87373833289341,171.5656756787046,High
7974.747776388243,-0.981963170504631,60.213510172704694,1.164074737092926,43.72860775033807,15.46833036676971,9.686951747527477,49.80756612632719,73.56053529621764,50.790356870745214,92.6805855320168,48.5894943319295,179.36384543225063,11.022519545794829,29.11385674793693,11.673163076018048,4.868088232246258,46.850354646644035,63.32647387918034,130.32719816778555,High
7483.382502564664,3.0595790773493166,25.36128677920294,19.620406109766126,18.70417222096875,28.72632244991224,6.781432144414932,83.25539112009123,99.45207894086039,82.61878730856222,44.269081494194786,82.00200445035946,136.99359777334874,17.348917489105713,71.02414063609224,7.217510011638653,5.6285462221901135,99.88855074555775,159.40426125948935,113.07593644794483,Critical
2242.688706835226,0.2085278296300892,21.681681543757,37.67752412057447,24.999026651718168,36.01897183543518,20.407471766349254,52.84323064844437,71.87904149754976,32.8491221175363,56.388020320622175,72.1321728920573,411.3064900218167,35.65018708258497,65.13584050512054,8.001036366050233,5.991935622655403,171.7224002535508,185.76342547562567,137.125910471188,Critical
17050.276133739975,-1.6107003667433255,85.0451311654505,16.511412706408542,14.514347631909239,8.452691976115233,16.363914353379982,68.09348319078927,13.092672629517496,98.08761432891909,51.950747734098314,38.752116297898866,71.02153303982789,29.681763847971332,44.07776525463927,3.3615025462177504,2.715918223704858,146.25473660904143,147.0025934494322,15.698221174437968,Low
20204.598530928957,-1.639811817085736,83.41178223235468,54.57520170322664,50.20054777960015,41.07521148566081,12.765505589803318,59.97436730791249,84.43088934822312,45.20527002087312,89.39798007557228,31.674318367386647,253.93009802174515,16.02984611950326,39.78546757792372,9.228314750081852,1.5170252367457666,144.00789334427762,122.30308430524789,33.340485582802756,High
3234.0937405639806,-0.24778227894172655,80.99751521703058,38.03336770994651,53.542063547640645,31.093260792942708,7.002140138848495,81.60032695606247,35.61669207453872,54.313896619212755,71.97416886845,70.32375948696404,324.51068455860053,30.56496881117693,36.50512693597051,8.197309064790947,3.448024135280445,135.0450763508448,58.799043403147216,28.036174834498407,Critical
27367.938967630358,6.667703545060002,60.03467601332748,4.314403038986736,45.401960884881106,47.577796981455286,9.68766660561402,34.18767137973622,50.14515030979968,41.97960259520183,35.03001226819208,56.03738621638062,69.76653937809402,34.908455684354564,28.346832139225352,2.7142751773183416,5.310579600899088,236.81295385913643,138.13929090508094,28.65746149226896,Low
16411.82038143294,0.8247874397702666,74.66145689730226,54.540335330142184,67.19714931018305,18.297388118273275,24.076398814985925,58.915398620341016,38.088272431637385,66.34908938612378,50.21571290187672,33.51656328810549,269.4114058267262,27.476879980969862,8.569666315705938,3.800349319833521,2.901244793884554,234.62387901583753,34.720509752928834,59.49190588734412,Moderate
18829.26915713772,7.504591705752958,15.522954952909993,57.46599949057335,70.27061749156096,7.191005232185535,13.962068564934189,20.47494678083334,34.169869558871156,24.690296033806717,48.60693781180874,46.10993642547019,297.2102181979727,12.298363797543367,26.820468552250055,1.2834833464831203,3.1313159549190703,99.63406860759915,260.86385007740165,111.08992947280899,High
15985.933395899758,3.8162229298919357,36.78312335125433,4.662745103503529,53.09370776781886,26.312057649772413,11.216083468594817,68.66791601945476,48.82651333028068,31.9742004456359,96.34016514555267,44.24373986548693,376.3981090435351,2.010547492015702,32.120134869306504,1.2743685097149544,0.979746814381395,97.69532772228813,23.601769108408227,31.78949994478195,High
14625.944069761083,2.366141897687661,35.096249980572495,31.941614091678893,10.892953579520139,6.118917042053065,13.99270697401145,72.21726625998053,44.087630359660636,79.66381627349793,25.777981946317567,28.650557787150007,132.72130359081578,36.5225116004961,54.76840062653433,0.5025040535006705,2.638641856893014,145.40113729466935,120.38735790215085,187.67208582598397,Low
20027.77126447941,3.8008883466945456,60.85162575620906,18.201856932850227,58.6660759023415,48.537273119552324,19.916735635690998,13.641172301064865,67.00047236583305,34.920046672384316,18.061870356498616,63.75272154121824,160.797201579564,37.37324287859507,77.37885090780497,3.540972584601331,2.444569896889753,37.46747677271384,39.03998202246087,172.30879250433892,Critical
6278.168361644225,3.1669838522626774,38.47662187765124,23.570344588884144,39.25994518442461,3.856877996345194,9.82250553956598,67.44223190837873,83.18360808887596,38.84115612453303,89.25569489455212,81.09189071300433,293.37015038385607,31.996993559957566,39.57021448340316,10.291020042736719,2.239793316619608,86.20657468036623,234.7443448454527,194.61242722826657,High
7185.556436839218,5.587762537573251,21.880542531494463,10.779073077320513,49.58902382584709,38.16818725315078,6.1102407814500035,45.24866310409184,36.73797878685167,83.43857885798701,90.70173905552838,66.03735110823897,491.9006767911748,5.292980048807393,94.47569058520918,4.948366205692637,5.346332285560359,69.25387796327558,100.69372386009879,18.07500856681321,Critical
30300.711114459587,0.8249606597285224,57.71736603308349,34.68432612074475,55.43564214132191,27.204915110827713,15.4535307217981,20.548234469323,29.23490375398157,27.46409426858029,88.45651791209482,86.10330919498819,124.39672775365493,27.164558362845984,82.73499634411624,5.338193767050436,0.5439483126315311,67.4965720590607,42.800627669240896,171.7664649469701,High
33167.92571254351,1.530503916003024,75.15071365352652,57.47876119493343,34.516563002895374,19.693791319917857,17.299694380064544,45.69214155436975,70.0205743783308,54.997905821667274,55.98792240630007,30.205483777234505,493.23383701926275,37.30388886467911,98.48018478837452,2.239009280855037,5.838453660804612,165.04879858538794,164.13247667070902,162.709474333883,High
13692.5167535116,6.940943025332507,40.56987955679786,30.184356016296544,74.1968953620256,5.160423896415423,18.39251406804664,26.509799024124444,70.32880592477035,21.84507095977816,69.37699854425145,54.84894862577791,362.884415866151,18.755737764651123,87.62030410414818,8.759418814549374,0.24783158658418897,105.3223285708751,275.7203320965666,181.40011427446748,Critical
10205.318886880828,7.464565131504054,20.581497207878535,4.974874883668869,19.378240672484687,31.86401236033317,22.285714587620983,45.322560230481905,91.10181153575546,47.744591945432305,60.70267428048855,68.75320829264794,416.5193934224111,10.514031571470927,61.67259493093792,5.3295115307370375,5.684445280908892,55.22362806820197,273.507012624569,110.30939185536364,Critical
22895.984470126536,6.925582274864745,25.735055785025843,37.200080008644505,57.00582650967262,30.090575810765852,10.5370047758496,42.668817376474856,11.435111780797977,75.91851220886036,16.250304344896083,74.0801248753526,63.02780875344283,27.26797378138324,59.84792878167189,10.241857010424157,3.3786755164635527,223.5793835721235,82.39880192850907,159.69892344737795,Low
14896.961817335277,2.194479939573136,28.99866441355072,20.41337966707542,10.30517059696063,15.482397107244788,3.7331626132645113,72.76328913956488,86.77365959048589,27.208262377378265,63.62514072106502,75.66290451387417,164.2016899667035,37.53118497393775,12.952612675421705,11.199454191985536,4.274182417520672,220.42494166538165,218.7013060284677,19.74450707510396,Moderate
1863.1360924517253,5.803655030068817,33.9918074395629,51.35551137547787,74.72557737836266,45.69064166769498,24.04201742351167,75.8083224441405,56.89019556535212,91.06677014230081,11.22527325304908,78.31723416783049,47.7134142324709,4.101408224403819,72.23992488915677,8.894985266151217,1.2853705282317147,217.67878703007528,18.782415923887466,24.416780001957875,Critical
6309.188310450472,2.7633573330109877,61.42360564050473,26.080688898988214,17.875289326666405,16.59728035245617,12.00527433106193,61.59743562268647,65.9171880254889,92.75992343525728,39.24886686013775,72.11438497568133,198.3425576015241,27.668902337911636,60.02068575926713,4.3582221911369325,3.994426926296321,106.8250614305813,48.237020985993134,32.52112578042177,High
25343.055780811515,2.975398521461022,58.07563876301752,11.570376536534736,16.641896110330222,23.586819708421096,16.33492272248202,11.928381585508042,18.22342965052733,28.399230010010807,93.90633182858504,27.538247115269414,491.01903676162493,29.6564731995917,50.69321033959847,7.776534650257638,5.315354477460849,28.390876574956312,154.84698739099608,183.80988402665952,Moderate
23403.414024945145,0.04680109057283932,65.68638892536313,11.466337361468696,33.3105343136571,28.10059788409547,17.32502243195072,89.1368937210345,48.93534395848411,99.25859491006213,37.36407426722268,75.62445420818372,70.53106985904247,27.901782691976024,69.32868725572887,4.003382828829859,1.0089848110351793,40.084374205192475,76.33936600162212,21.622176383805286,High
1921.2637451184387,3.911303032585165,39.00015876252105,46.125850843269625,36.14964002273564,6.8111301524617325,14.569815300127681,68.32982880819804,30.457216651467142,43.802364271639114,94.58439783798231,77.982612541951,289.93893553817577,29.95144842219309,44.40478428379937,13.572818679702596,0.9370733511850817,79.8712987462553,241.49593764844002,29.028410072831075,High
8547.05350572028,-0.13864102246652066,75.91981215039826,15.935255898441593,25.001005062601504,46.74376252225435,6.720923183934212,12.90661324330105,32.88025270742582,26.728133690528484,32.512056143431984,99.47839474669017,22.913898950629914,29.149138226978643,52.385966240828616,11.565870526213592,1.9630718730669419,66.69295096553384,280.0109298952718,186.77797649961013,Low
8856.543083994427,1.3156469906719375,26.32701289246082,46.03400364955338,50.958516264898726,19.977735317649973,19.368290152671253,79.60079643320002,55.36856032084247,20.40536915978098,38.31060164153792,75.46899493609007,362.08775170115007,7.607367054155009,39.835230480325635,7.547186818281824,1.1380101763573092,220.38662073497633,11.256661780006848,30.404590548132855,Critical
23844.353282356766,6.5503020161993515,47.52325980145231,12.353238645995964,41.00398686293745,5.8774022659684935,20.48629540899388,27.02262315102967,83.12103553628012,52.68183166110901,66.55667467946982,74.94643166012392,114.65249233857972,12.10228140880336,71.73708933706898,14.492220004718755,0.8417459189414132,246.79417239147597,77.54559058428414,175.25369675782105,High
1670.1582836483813,0.07075809210855244,74.07509772331443,19.301182122078565,12.392291232876119,20.589976336415837,14.718438478401115,59.233801113544075,76.94028371303705,70.38479885648941,78.54642755103653,61.18506321455776,82.2005778198862,28.616742227427437,87.66109705478881,8.337305066933762,4.134250408714692,206.91831064797356,137.4704703621059,159.9614497318344,Moderate
4539.691787475511,-1.2884171482656719,24.412691818609538,27.929218346381962,32.37564435787104,30.809722260443873,13.236906693451356,49.66392144576591,63.18999631773585,46.57433999226506,55.124899120439565,89.43383268680911,181.76854983717806,2.760805928881143,84.08449391326026,5.129471511267138,1.4401943606924466,186.5144921460593,173.29299362219268,17.65357782110931,Critical
28197.146902688437,-1.309924073871837,18.789049099262634,56.59175098160704,66.73030395012194,26.655328247423817,4.620578211943663,45.68629650018151,58.547637347812035,86.93738923796982,89.39041184747398,99.74678095689266,390.10126301071114,29.294014305099513,78.60252720494688,1.703369321672492,4.06868641653152,153.32667288291884,275.6118055017093,14.1510054090297,High
7070.518509847343,7.407845205031078,80.69471741503918,55.90388548522948,58.2791074403308,35.33801475378915,3.9308882144950283,85.6256662105738,48.457543891104095,77.328502045204,13.621637944955733,82.32358961579456,71.17428142938118,30.611624822756376,1.3787704544550916,8.293060978757179,5.199189517271734,195.9284503072701,268.6462122494351,111.5337928675827,Moderate
23193.36766696374,3.0692043796183466,37.43437302073567,12.412312525337267,60.740959750591635,4.66322921925971,9.80999144796116,47.17570978282225,97.54389762052477,48.012922557442614,92.99753547709335,69.00003022862467,130.32271798337376,12.284514674051314,91.18804638774594,12.94812419024578,3.981743790195403,237.55282836521184,194.7793288457101,199.46332671568578,High
9098.214555588702,2.094120718170183,64.70960999272256,21.493142474584367,58.86818468584665,15.657949293058694,9.149461576900045,16.404249993717812,60.417329881080995,78.74477332868837,27.66770199058672,26.316386154525453,24.062922376308578,27.719711679385004,27.487572072339393,13.040765303899796,0.8923290055093254,156.31599742816405,84.64252408432652,176.97773041880743,Low
4381.007353817735,6.108785810079183,12.027888341115078,8.96396330722634,31.76811149681233,41.32306768832491,23.934098372155237,90.46429181327098,32.85697584809999,95.23901895753998,89.58148705761903,78.13913053837021,484.8391340938967,24.965872611121874,88.7973942963376,9.187135880236402,3.5267499294751814,51.334112344660966,237.15346486472478,68.90483234054409,Critical
9267.854493981438,6.358259279105161,65.20375107275598,30.599104758809826,16.976474545374312,5.834897013985321,20.023323076198885,88.24549465536835,30.708171283603562,27.447679883441367,46.077686153774245,76.68492548655604,304.22988799465463,13.209736570583893,19.69681030893765,6.083543939542928,2.483046368426995,53.506704558149124,68.76901367329722,83.39875448192664,Critical
25557.07568309241,1.321910331156046,35.28810492375764,27.634953041679996,29.07270288231672,43.06332582540596,17.17825879095838,68.1767786144359,65.02177276976276,44.48831681260935,84.9481350283934,82.04545182475454,365.55182546465574,21.90788251061445,43.96457514247373,9.859355728932995,2.1915514329904697,152.20775873521777,289.89997398807685,83.7021392852392,Moderate
30093.679915613717,4.936180574737953,14.45926828699534,54.04560974704395,68.22497101296115,6.4110124197011,13.905906047404917,49.770864891222125,57.05447745798359,57.06607512933546,70.44989948233255,29.964431071959147,332.66392215488696,41.113854764723804,74.93987943269137,11.50346321201788,2.0474825180530267,93.36510684942984,11.69357556285942,149.4939750219528,Critical
29227.475395277714,5.711228158518866,58.78502092384936,55.80032266746436,78.63295584481497,42.053802314801416,5.8494532067129805,17.893055200199306,10.69280226592415,59.83921022038149,25.83474692304359,72.29860001009148,89.29498825744369,20.343919559774964,64.02789452771725,6.350884330593654,5.590706898153944,228.9081331825678,175.23344613329144,74.81522300585287,High
14504.240007027463,4.546506868659545,29.264305285853858,23.014043460437527,44.569291031909295,19.317843251778882,24.504503460238528,77.21359007908548,84.70588349762014,63.375651590885894,92.62428128933036,43.65791239613397,305.5711707171172,29.08329960581857,41.59219380294299,7.300936287459402,4.5065432487308215,158.7359484514535,35.63520160727205,38.081441661299536,High
23714.89464340197,-0.4840492519990063,40.9445793641504,29.504276581139365,10.679024844612956,31.386035036346357,10.62593605952483,16.41562272604246,73.37101188091913,44.05015252309188,32.09656514396137,80.8216994722267,83.07948566780581,3.5200853047498506,67.86238567402783,10.305059718455762,0.9763229795657109,173.97576415448967,128.2038637527862,151.95040763087457,High
7969.466044137913,6.758830835170571,16.446464982921086,53.774174948767985,19.803136849396033,9.338581551103912,4.45928885628663,15.831083716087381,69.56463607102931,73.38077167858793,31.972610682549917,39.2299163225173,212.5934979023014,5.345404872850248,54.89495100466395,13.186793309710373,2.96083178244829,16.367866873712103,194.13072669002096,97.02296746656988,Moderate
10967.022828874451,3.3909455273600866,21.773060087595624,48.40246846470369,32.545640272138606,5.176098642808681,13.35737460146216,55.67762660734629,16.190259192789306,71.60676028238638,83.27610069736424,74.71829414563285,293.10230524414067,5.496247152042693,27.573630663553228,11.927852558691441,2.0456938364727337,132.2294097347164,209.98356372165574,24.58795750042873,High
31475.417829718073,0.8247242637000367,33.8381788396675,0.2193786806789566,50.50097440150648,12.365033792966484,22.101954267100915,23.610900415694417,42.58502651552423,66.22572050172911,19.528593001526893,43.59943575871838,288.2629347690348,35.464352835937156,64.63294454971398,0.6291531290091257,5.872042212766558,116.32370952639425,237.81514620544118,160.10993101349155,High
1442.0653993650253,2.252281854376939,17.180760044812573,19.20357385101495,15.256555206371978,8.136983259617386,22.407693040878577,10.657072723929664,94.18440346595075,29.10093773687013,29.98323157334143,20.71954342539449,77.15524447171566,17.061046476548466,20.424708634452337,2.128273453633441,5.872568043128383,180.87988634037023,182.06503380178333,121.20914015054356,Moderate
3907.2900490519146,-1.6242890960109262,82.86610117490522,25.306454516167555,76.0350109096917,16.995483088622326,2.252216069298287,45.96464163464183,87.63303172072274,58.157431287675564,55.33098160789561,70.66863295784763,36.529265430330646,11.787302599729975,69.39882842591655,12.83583925019717,2.053299951131603,104.92008517834094,82.8826118729384,102.98017180106902,High
8068.132674964929,-0.7213319877758244,10.483763454718273,13.782977020993902,35.55585712990805,26.69039583252897,22.384802129282193,21.663464686855605,35.69886440825801,48.49815099915005,84.74293258179618,29.061526652713788,403.15247065943066,34.13495644342407,0.31108776232428026,12.557195572261994,2.242256073643637,244.49513249348314,267.88344045111273,137.93520175798318,Moderate
1902.0949317098703,5.655467505158608,48.708817509144914,11.974296953756324,73.88089525473761,30.260454251120457,8.244137002496746,23.643810298858753,24.135299568922484,59.28307758704981,23.273557726354074,72.74331782305713,368.4427697580826,9.308282689915501,54.87725137617697,6.015459712286025,3.6766024013919645,172.49774766575442,245.22114977396942,106.01985973586959,High
7168.804793053108,-1.9998836524463386,19.859796650604117,2.26707039574078,64.63652619299152,39.91366915422766,2.8963643712737306,16.537404292503446,50.41791614517194,93.74931484120208,59.29014110611117,94.04875586855499,59.27307419107427,12.599178578022068,40.1067627556141,8.888885458657684,2.979980683099501,170.0808082885085,56.415172134986506,133.19982811781486,Low
20823.413072969535,2.1656582848229213,34.61432715823588,38.60218350418563,62.88060907609068,33.499514875921214,21.49917621834611,27.432969066506846,42.02473408008948,58.442507452672665,74.01165326226456,97.53967473688722,81.15944902474565,20.5300520606109,30.31037738019473,13.6159212417011,1.4359850585189602,231.04516901812593,249.6882434202762,174.8228236194111,Low
15328.43472014493,3.225101810855884,84.08476478546123,15.750617428989939,52.47037058475624,31.220399606218542,21.86893538772879,70.8161552808231,71.40037390353919,21.118463347160947,87.45357022443562,38.873846986209,448.4402126670177,16.25183696762837,51.57079672346375,13.699912610804317,4.030390568533946,248.87313596611125,292.06690961403973,126.56772994111383,Moderate
31350.838176617144,-1.453655799990277,22.935564261918948,3.1408307058787854,53.87486719362912,21.765537319317183,15.71331483637405,78.75882111351227,96.97913290758876,55.106939046730474,94.20090041819977,84.7402582120524,389.18187277845436,27.171865074575706,64.5311632535888,11.811464832685095,2.137946134476383,61.48786197659662,194.79354387429612,135.32409459231224,Critical
28793.081099106992,7.730781629723328,87.26658557746661,13.858758631683818,54.66022646513737,24.74280487808666,15.211976417816242,48.465359742490556,42.67013049843053,85.65185440395057,80.61759230220392,48.284262149795225,498.1569421840036,16.52714662021845,96.53122662134649,3.38095739388728,3.9915556903265723,205.4752886554611,91.7235147030292,126.63265318992819,High
12621.789957727782,0.2612533124967191,26.463550159153737,48.11483717016759,54.01049709179075,21.896999810728694,20.701766270292644,53.057074349920505,15.60017553870178,82.40487385745345,68.75455583998017,92.03656581983859,141.9139756184104,18.896920341932354,83.30644898880976,11.03515726810299,2.4253528295012385,53.14508140067646,185.91221106929012,110.92415775032636,Moderate
9820.396736663944,1.0419871963628085,69.32528867734636,51.0893508987928,48.760976197885284,42.42396944294639,20.085119712336436,12.775677940507222,90.78526075081467,61.07120588225448,49.02580767814893,82.9991654903499,254.14543465703116,39.1041241547279,71.71498830838108,1.7861469555017324,4.261217384366375,122.40521146773932,109.3351700530067,42.6747580853396,High
13909.541877687076,1.0394251225502735,53.73418119178494,28.983974711598158,79.04898129380223,13.040021722323193,22.472425889182194,15.891882216561932,13.415475721588372,39.98152102874522,20.089913876957766,25.91373733166109,133.50059650993074,40.0348519040041,47.89669116791464,13.440895353982166,4.073236931159973,38.54357001813048,206.0244764862688,73.77875227618443,High
21070.028045503463,0.3041666211734988,80.75829820774074,24.96424022452117,61.26033971979873,2.274604714014302,14.71319129472418,31.89325668020894,95.74893074379997,57.20709303316361,73.87634732729691,52.570959510182185,318.9440664691087,37.59158120497652,39.21441196643543,2.4924874126071033,3.151113984341804,161.49217993978374,167.9919882422033,141.69070379804322,High
10114.163787977794,-1.9852617791368858,54.319460440250474,58.671221610106905,64.38624718747649,33.26335506685949,24.2558831328546,56.23136576061754,69.81214852081358,65.09617755345533,99.34635740279383,46.98542608077393,75.39883476383264,39.187730106299206,3.2529654585997214,10.036525009638328,4.2874919461228185,125.10176840019263,279.55227750602785,90.84046027333765,Low
22221.062866870558,5.293447940879964,52.7647375325047,12.033879575284194,71.0723970558572,11.718184814663907,24.911377111466784,72.8618476424744,94.75202875977543,99.98971506193071,76.30845352588899,82.81448165786216,81.07672291665588,26.498332781582032,35.90969030590482,9.270576131509527,2.8736009221456884,162.74425285654303,189.19347752823282,87.16451226309442,Low
14919.996174502174,7.668454997992853,25.63664002947199,12.921556971276509,25.09478339080944,44.725526542870846,4.680526029968549,61.42526021373281,27.969371798408044,71.53424721355019,11.503998436395365,52.82285685225273,54.50618787445887,29.78802823430951,84.83771386726166,11.720424941429872,0.8736021379707128,174.32077686462205,72.05468828087903,154.26116398480602,Moderate
19769.604148967326,0.2429348328504508,23.2983489641327,17.512030622183985,15.866291136654255,43.23422382591949,21.539506469744808,43.330867673877,13.662981572842686,75.54119440500908,54.66339802376549,74.7670718122467,352.92131948680014,25.958446161862444,38.402458197628995,8.408189284669296,1.2562162693566568,160.56657875734095,220.28186326914656,11.058083518495636,Low
15828.301990600767,4.630471918034225,83.31913208924114,10.365439096865238,43.80261056190191,5.682913852553883,13.495911928217547,20.057546205266746,53.93889804488426,59.31633148544415,65.31819692346134,68.19482044723523,257.15483716793926,35.78028761427556,46.158499906214644,1.1756286580232629,1.6267601781605545,84.09684381273269,97.25471217965575,139.00895124661432,High
11011.835824425201,5.418963269587151,36.227055908002725,22.761935892251195,45.98564869334912,7.106643459875713,10.91402578089614,76.3657249654111,50.55610731131127,48.35916406260239,72.07067809925587,98.0510975278107,316.51098385022243,25.6930208877421,27.183442402490478,10.675939934448992,0.5667277837090402,211.68540195226217,88.99337635515326,102.95303699310291,Critical
33247.412436713326,6.484253790905248,39.766580397031674,54.650053619385226,68.04272459649424,25.76823642783998,16.100663127302447,40.92181438591985,39.83430459293946,85.03623869177648,74.77532520406378,95.02279654412919,442.0645023628923,6.776309475683563,27.413275881336673,5.932372014878438,4.326011079657887,144.64625685315417,123.61522141660599,81.5848904368069,Moderate
26962.597001431866,2.2262919701360913,70.78589267427107,36.920870437714456,41.0648505497635,31.242687812929024,3.287207817026162,72.56459123103713,96.18908269498277,59.594585947138896,60.22975970948716,54.2159611790975,375.3576726825721,36.81194517964497,6.187176089174839,5.008189517920915,2.330863315623387,130.11502570594874,13.47903692817594,74.70195619898203,High
5763.847976059386,1.0293090564042924,37.105878593824585,24.71679291673582,49.95971178810189,15.195600199147556,13.648605731642837,53.60320156271906,84.0325358945289,99.57521039716201,30.102429946081624,77.88625693129194,241.62700072001167,34.70516233913406,61.38039256198008,14.877601178145902,0.7424351186965843,246.95999399519548,291.0507914467713,42.84634410988222,High
30527.911180529034,1.252951340230311,86.16499573112021,56.06464767427289,46.89496569594208,36.40629040156979,22.030483110613336,72.78627455275515,69.54238192380339,56.569645941443525,94.7980595328892,86.35680751849775,492.4908744292287,37.27292559715289,44.806940304534635,8.978876559607999,4.955757100208365,81.62435807602206,164.3760222940225,73.5078957222346,Moderate
17572.660740483465,5.126213330985128,69.03422151990402,2.9078539485493393,12.674194863017373,30.555969004105833,6.909614871196283,87.1196127234686,24.657246247404494,25.440022691806192,72.69998208972957,91.91086030897162,239.00292854814717,10.18846692575976,60.59608074907946,10.747570377060347,4.165194849888734,139.08712165036567,234.3132292231585,84.36950970097084,Critical
31414.775714399108,6.167794665056361,57.7943394058736,12.616570674111681,53.06504276178398,17.591557267930625,11.806967579696778,88.28750886457317,76.08910673966723,74.60625096720662,31.31560331824685,25.450741102118695,73.97632315209593,13.679533266743583,54.688690002885274,8.036994212954031,2.822900575340665,175.346275972878,84.77714448958471,93.11529469071863,Moderate
28195.078702208717,-0.18386032243397343,80.4716128435802,33.95331630610554,67.96303000419766,3.2178314260311485,23.608060417442136,55.48407630005129,75.43112092297515,23.731316074064885,39.00896490432456,44.16630394187975,496.47427868130364,14.71732298233179,79.88445872971748,11.618597895489295,1.6350669435378584,44.42809423930989,226.5192581737514,137.73712134873023,High
15457.259151953936,1.7094100815776523,13.96847266795862,36.93315739159075,21.025038365306266,38.00721350232885,11.856968269531038,53.478211005079295,48.25613562544067,40.040127750776264,92.97349035673328,45.61840327748175,30.953950407126705,23.847463055983965,75.10119123114727,11.355469211849636,1.0801261839985112,98.24633517443581,174.47944566065925,96.17849369037094,High
1763.9564828839916,7.0194019674915005,30.5650153751367,2.3734503937567886,51.603221374861704,12.30817595960397,10.24245554364516,32.58266956774116,93.23073187426122,48.29906022239227,89.87366680366021,54.75567609759029,283.94410855412104,7.75671461902877,77.14538531378794,9.96004790049836,2.8585703121793595,203.39684825937164,133.0018103960557,161.29401780243663,Critical
10135.030219088167,6.066935196947393,47.2029067376728,24.18232547442793,51.552738111249006,42.05473968620616,12.1323429068377,89.54298567998977,25.02800940061094,79.15868684970621,46.46317945222806,33.54118005723352,168.36583457586045,18.571415390819297,49.92390069416756,14.966823003223519,5.3344253094612615,70.63818513096007,291.49407559697397,131.55021950189115,High
19415.563298469475,7.848584027624758,28.158283157721684,38.94923788985236,21.492947483945112,22.17393248260425,13.947413629903796,48.923129211967776,34.06038061704979,59.53887411260902,13.447649979230588,59.69647039600065,261.7050324881527,9.832800926398273,35.38813513539305,7.058964951022124,1.2926928749774256,130.92323575234758,153.2146771024577,46.02344510387697,High
22538.25947408901,5.542482596820808,69.51241498417215,41.884232784204094,18.642450161151523,29.699717246324738,16.535800915023785,20.845255339427055,15.690190532557029,22.291674504820527,14.364763200454437,73.05714618387648,288.18221724537034,13.384796660407668,93.34365905329528,10.681027519982878,3.4982235281506298,163.19819240599818,200.66298874800628,62.662902826397556,Critical
9768.181304728878,1.9319520102792227,83.53664248429801,38.28839415097616,78.60363600835393,43.90153905963209,20.415934421084817,46.779917743256746,81.59058623598287,69.34798810207377,35.55264618265501,59.78911361733742,135.24603021367403,32.37466828601238,5.426977371655395,12.027336053232297,5.777778772289085,172.72315302728603,14.449235532065112,25.057345423863236,Low
5738.106518476021,3.906378339946378,43.90160959447387,19.233793461655473,37.56034187571262,43.45390404415776,12.398350732579228,20.799526270230338,65.95834474858574,52.91489899413299,66.62099974050994,73.26344761580927,287.2922027538857,38.75687972164309,15.262130785023032,5.827710231039801,3.895276133634755,186.15295388123909,97.42200988460802,189.68713343543124,High
29387.62805117617,4.610142542473203,37.37060800895159,5.611207415874571,25.91952101064705,19.832939611691515,20.802061507073226,52.71519316185138,38.34462751131245,93.74676079736857,62.57751718011057,25.315330545432026,382.909333762658,2.9849522636789056,41.95990921766397,7.020472905038193,2.7517954349040363,218.50466950509193,267.72055418641924,178.44459143356065,Moderate
34469.67414392077,-1.2154418368287605,86.9240585710053,25.626746785160044,21.992718111806248,12.02666685031247,14.275575211097854,57.70841876277804,24.743229723488383,59.96498489121883,67.04450082495484,90.07898653659282,147.92472187711923,26.33356942426502,61.39576525680111,14.546758815941605,4.354963243045669,107.32196911290484,230.09812772364546,26.111282835678054,Critical
18873.466198291317,3.4449695910386513,45.58819462620327,7.725266242083329,56.73211995082645,39.207011730972546,9.785051738463487,38.70923972695475,13.613299302586633,76.71801167514712,74.55546747388959,95.12553536808548,204.04454399067538,3.5505697686774864,0.8200374806721644,0.7746779517611388,4.982551930308498,181.0585026015062,165.65867049093842,119.07444301101741,Moderate
6837.095718842319,5.093208284726096,49.123872035942654,56.857419511240025,52.66117081290952,22.787849772902298,17.132869046746528,16.090302209676196,25.007101176334295,37.50947938636375,11.712902823346457,69.43259392949189,148.7564927187478,5.665717535496663,71.93228193111419,5.2288461132254405,3.6249945277436844,187.0610422260091,271.0463150628528,192.4763455835555,Critical
10258.449101658545,-0.3267869599893962,38.13198978735243,28.510251961357696,55.048648609119226,11.218015690832196,18.5076118591003,90.19780052882533,50.79561817038924,80.87788516253227,19.457703565519857,90.51127989095176,413.86867087433717,32.31861348840669,55.872654278991476,7.447330546378447,5.256627682159357,85.5644205798427,151.00394883019118,151.95713008976958,High
1625.283002613869,5.806317174255572,82.76387784097108,19.035550461412054,16.160421925801657,45.41241643122321,14.835126439478213,75.73501464609151,32.245927210954555,77.67642483869379,42.35351066444914,30.515681331856996,367.9914844206064,33.63114857959101,48.47027586769252,0.3215353981170964,3.1846322043792785,242.51711829973567,174.28704861445493,103.44431685442781,High
32086.159423056964,3.8377278051411166,55.51643866254806,45.978244267134,72.54742084489058,11.509001323572194,3.3021443820986383,81.30489184293529,33.30839596887701,92.32653668330465,23.937399776942357,83.79591360610482,438.17428986483554,37.00116894643035,42.34950388278682,13.517168384797193,5.014168212796289,218.32650577768456,120.82432568728822,55.80956789226062,Moderate
5003.536818264798,7.522217856975946,70.97396697453158,29.87691555493583,37.248647776633376,3.2387440731790917,5.9073061286989725,41.1838135143295,88.80187300009429,22.705731337535937,16.778803829009874,29.531855477807518,101.62394859279645,22.392385006123114,51.94870317406245,4.5077926831187325,5.721711594353032,83.11741224439756,189.81161064963644,63.01704426544617,Moderate
20601.560167484622,-1.575777017931083,74.9445374680709,18.602041440747005,31.935858450125057,2.9734387408361584,8.561847580475249,74.6706375516533,56.36239061149906,55.80005580939609,67.68679563975988,52.640818519802934,55.31822631668074,38.97172172669609,16.17857344817476,4.08826103200883,3.107212108736399,173.6411390214421,102.5104439670534,149.8852113875585,Moderate
10317.877503365004,0.6532613755546697,37.34792335338065,48.7180645434481,42.365301307341745,31.871137109804685,8.500388936884342,51.256696089381514,75.63267758155732,74.33243221917041,83.38028297419892,45.905482764662004,77.30408185216321,9.174046540589845,10.871173927698251,12.358795071700005,3.7090099503948863,183.6831490979341,121.79273148728359,158.30930191633087,Low
19842.052085536976,4.015538792998241,44.6955465056304,52.02912906006732,37.30462460233397,33.76040291444146,17.488678405678023,27.092096514513905,13.213985412532878,27.613112006417204,77.73639916908542,66.84734601763634,97.28879975563346,12.737805786305113,28.96374787518384,4.386353458986387,3.7349117491090427,116.39865452471415,290.23461633010794,110.45173162677219,Moderate
23148.293203963385,0.9655991220593068,77.87774195250117,40.38048997732062,70.45039021974021,16.93000184273523,2.422019218493549,20.57598703711313,42.86470201102259,52.84832537191299,83.53358007482613,44.121162819162684,275.87967712390514,7.783592346884767,70.95047919853246,9.967052130359729,4.732322208870086,217.9796721961271,42.27951714188114,32.98025328817391,Critical
29211.221326044855,5.144241640712422,39.06042813406482,2.8178653444600377,75.04826826385245,17.360527483859045,19.380680872138957,39.32932389237483,53.125241265589764,95.37172824529563,69.92708896520895,70.98509037337061,486.0377937741271,36.29410220502069,58.828788383549636,12.376096215358801,4.973201873029052,177.20389807462433,40.52405012135188,187.43499098905298,Moderate
8018.323239860509,5.59005282521931,73.5148106761481,33.97937280999193,31.241725151472433,18.295707922877252,8.102876920559464,21.69192947538687,26.777516968916622,54.87475927129026,76.1810789632782,49.39098313215663,191.47299997605538,11.833030090624613,48.01230176190126,11.949409661342475,0.3579300339951522,169.66635101088877,22.561645641954563,170.50491956767962,High
1373.8581743883362,-0.9748403593352555,85.27938580595497,45.7976947198369,70.47550652219684,34.647610244426176,9.130502462970355,94.85286297734584,20.81723873009848,98.83238267845051,34.46008967874712,88.86323048243716,480.0839692928985,8.686983438606713,57.152096589596034,11.794675840161155,4.45348547172425,66.89748748690877,102.8129107304776,36.70236801521034,High
5654.111422339447,3.138544642067677,59.85682984544056,8.19018072501493,64.7066190673147,4.790421969287772,14.141926042710258,14.181064169721875,88.32734006498583,24.547124886385568,99.3707232655748,70.71070721756892,38.33638159480627,28.79375956628642,55.92580130393432,1.6029722770189523,4.7461284188553785,110.84294316715189,125.48648031569803,20.77824088948192,Moderate
31600.633822835574,3.088905555910559,69.33018299615111,13.7202450830762,75.15653706413333,46.59758492918363,6.966288821596023,47.49720594637151,94.54884643898168,77.42638209127131,26.48490890444984,37.22386378571569,464.898657351036,5.314527133508999,30.704192548992538,1.4737504233137537,4.262490748857774,116.97178494610222,37.409536780168416,111.81485972244938,Moderate
30712.262637125517,1.6928077021554104,74.4077849632908,52.94970630408819,27.202521853012147,12.68101012051743,22.342840212237135,48.42794940318265,17.09260282408667,66.48129889986156,29.304448695044425,46.89035376224696,106.95325150638617,3.9307119204674192,9.745594724472584,4.809519525339596,4.339434824073957,187.41035769606984,169.24798865638058,63.98709736860994,Moderate
21312.045473790484,7.329248625696721,77.60317191173141,1.2073033111844422,50.38714050846853,49.98431385162043,3.9634819245110013,35.553713929442424,41.41168412881988,60.04317417057003,36.002964863426214,87.79367101013247,457.9879931452874,6.588858887755733,89.67823686630506,0.8284338535814613,0.4401365832687628,160.32271813552484,179.15744342591205,63.81744478876791,High
21417.573254744213,6.275063198732212,41.604267028543674,45.16362826955856,29.218120931831123,10.233089301784975,12.220794332924491,58.56488308509035,96.24570653300263,97.66779211880075,97.7799187095921,50.91837999899668,46.989166455421355,2.0103580114482065,59.99112626239146,7.656317126833185,2.763824239303655,35.17723879717276,227.79774114786514,26.57210262257823,Low
23611.246934572686,4.972093819096368,14.101076734079854,28.426397550865374,67.68661433390619,39.03422995099412,21.53671219746247,22.748047052881297,17.48455598192184,30.37203203929029,98.94597304185154,62.863925245251615,475.14533479761565,31.970576631537075,69.77479996808516,6.103296374172208,4.9454419683860955,87.3090186935014,293.03075381858247,191.1433087015636,Critical
6962.623473197286,5.143266357349976,42.15010169893916,26.806329530376413,10.372693339974498,12.723802156622002,16.164409571688424,76.63255234991486,67.92772355908536,91.67991613447307,81.54043747358477,71.91535487618663,116.3831668730532,26.176118833722583,46.39972243669551,8.488280914384292,5.617241419511601,126.1661635484632,189.61215171479589,167.73162733537046,Moderate
32090.006161448633,2.617161438131191,63.90049838272718,0.42579194969323053,49.53734140204773,5.880646478876191,8.72357886438057,38.25805605104925,97.4999233870305,75.29923289092882,66.61518387036703,47.82477196687334,165.30274883511714,11.024629688622127,75.64805799765625,4.692191518444449,1.5309139393172215,188.13224227639336,42.378733937474166,31.628572456424198,High
15238.197846330486,7.209945210965758,46.028030862463424,49.163893857989564,33.74424018903426,43.99679956883114,11.677484778858597,60.26412013288455,98.04013017232371,40.71968586397062,56.80563176661521,43.51829046064546,255.6523251694199,12.019212763036622,58.44972639786672,7.440583843959277,3.5593306540462115,189.7387455687234,35.67203054127701,176.55376585365775,High
14026.709960482913,4.945954272532854,69.91705206883188,21.589494038193987,32.58785949544742,43.220060441162815,18.253970747877837,70.82933506569154,52.41009978133689,92.13353165058348,97.35587611181612,58.02039220864229,202.7460229930281,36.87164973421171,5.380112209719023,5.22074805812809,4.865115389393385,130.27767751433464,235.48859045860763,139.76165063299604,Low
18643.201979616475,5.289810616558165,38.55859435749311,32.445937878032574,55.14344267054419,21.371378837580863,24.384997097369684,85.5685800036637,24.647419700414254,54.343593428881064,72.60605225724228,37.19047776742313,340.413425246312,23.578264981992916,89.00970353936911,3.169558955682636,4.563964328583277,42.47910983125924,198.59689727541877,71.83381504743565,Critical
2596.8428703518716,6.616909037873452,60.77953128832236,40.63804118013957,69.60391145197957,35.71501484194049,22.54219052272697,81.04193209843702,28.187588347969495,85.13818624584567,95.02571154934272,42.736846953525074,487.90772828003713,32.0367193545148,30.553614678788687,9.845690212725879,3.789562678484459,83.83229979261718,56.95517446490291,175.53760533887504,High
6653.6345377067,0.74071589342191,24.913584388317965,42.15777458627495,52.643677397532834,28.739164768828022,9.875954592794667,61.706267388802566,90.06412556119551,51.106921363792,38.489571952986154,24.966278722562887,311.08471558637154,21.468484404821368,13.789077742133548,10.199507752038022,0.3084088919196013,74.85270982806128,83.47439207822488,123.62421567857209,High
26093.142958496595,6.0707090386670295,69.94955493159655,57.35880352956434,69.72210850527057,42.94189345633994,24.958551223620724,43.01342033263039,92.05147038967624,88.07446619465928,40.03973130426091,44.31762207768044,366.3129965295436,12.221875118894069,8.804100770431578,12.489705883421326,4.398537872647082,198.54120642243666,227.5697123148303,171.24727042353337,Low
3815.1547094543,-0.047593970435079624,53.655677505042064,31.880397194196547,28.521797831672096,17.122686527295414,2.0806072612143405,52.772396956371935,64.70916794861992,70.93032947560388,86.9252134706592,45.65632746908555,62.24252014673672,43.727320429364994,72.04403138421108,13.158851212359755,4.684806519017127,57.296783791328586,174.18517672363748,99.16090565257795,Moderate
21507.171721857198,1.4534195224488782,26.325151083728045,23.983173058465653,46.36512983354868,27.13627519995129,2.635484383593547,75.34245743719822,78.95587595229202,31.28373068669817,23.486942852676492,96.94665330330557,321.3499659536026,26.32284522514209,70.39683668043598,10.655589994208357,4.392527138428683,124.25648726287017,179.6500181257363,105.12369763074722,Critical
9341.869729164913,1.3561045426984268,33.35289387982458,57.22221758950248,41.537557734695326,25.29787381781842,20.948331848937457,84.59137111755521,76.59381263233674,71.97305307756221,95.13350751664682,67.1783060372704,237.84789298227832,7.632221862020233,70.01621248132707,10.406221874453427,4.641693136641749,172.61891882588168,70.90251467349378,65.29190558808166,Critical
14236.050877427202,7.785254683891406,69.88869668654658,38.526614101531266,10.815142965216735,18.98747966032922,6.587641797160196,18.82146389501711,69.56394381901963,35.30758101614981,55.67269191970668,82.99059403326444,445.1755318014216,19.46187181390799,91.5752772681566,1.1331322804461457,2.69930637753739,241.72474594325868,192.42681468073636,83.66161146949456,High
10815.587050203796,6.565372237479268,48.60809885292166,17.889021376593337,48.97685001985181,44.789843098705866,3.39769317311354,42.71278231190955,84.45492593847452,52.95381023153301,93.37724907253279,23.630180222425796,206.34132782868895,16.161508713716728,34.89430219976515,1.9137548494351215,5.963762446367268,249.82153635274338,233.48229266810404,117.87289313436207,High
13092.87235980827,5.011698615902597,27.282515231445778,7.587854724214269,56.30670269023224,9.962140383801703,7.454405684439551,75.96991086514755,71.68659607362889,33.6236467401627,40.31135098532317,28.522935488669752,346.1379891439612,11.205761149306419,56.11330563589232,12.244671842745838,4.670564112061422,238.93670373552817,266.72314538451565,189.94125250463728,Critical
25447.56077626435,5.270567616153901,87.38169522962382,50.553270087910875,51.43400830933491,9.176414696993415,11.800303541559785,46.69039982048668,58.06020751727494,21.761289253369487,74.43630137254573,85.16295686900739,129.51378956435798,42.13791953733116,61.94955829943495,3.7243835458673837,3.556344030623916,183.78695113458073,223.64802419723426,124.02237439394561,High
11102.13833118795,3.6207279440257105,67.21000158535104,21.730896167649092,61.5395929148395,29.691657695492065,18.80302421996831,38.23935994563413,31.32607263293411,36.9509231559966,53.45876097754207,69.88396395341086,144.49881609161406,39.87955980476936,97.94818285664626,5.5268063851911196,5.618309364530419,190.41359576019153,177.14893879261467,38.00185643827478,High
20257.757770094504,7.47090667108519,86.57078660318369,39.62818328186587,49.9937669917154,33.559723039277216,16.359717110677728,44.962429229977914,76.94993297067572,62.90976189793006,66.41232672209257,35.27856244321623,200.53876684269133,10.563326010365005,31.23461437185918,2.435871099035389,5.467550368856506,193.41437293811907,205.24519910156528,11.329275240532478,Moderate
17185.713674769388,2.962587528823615,44.168403628827456,28.24898516195389,14.672517839552984,11.341724207579128,7.46528800388967,61.24180347683982,52.6094081054447,58.524877422187686,55.3935243825237,52.383632468939055,165.9504980031213,17.14235922938722,95.63311999039405,3.168733938051309,4.9244889789387365,217.71214598837815,150.68232412902455,171.6876925466492,High
23564.819622330037,1.8051770986989455,48.00802725533764,11.9357867877023,18.1511866859298,20.75443722822196,13.575220306313442,94.98343725137313,36.53125156067584,60.119767642885094,97.04040556342252,63.093799998529825,141.8618429072359,34.77956184184533,14.873433308238138,11.698633359942033,3.469430530105845,238.66958377026887,75.80049050411053,79.22183043956908,Moderate
32852.21113704177,-0.36964663068409,81.83641729480154,36.101196517227905,51.753220428076666,47.435064462979696,23.30292442416708,51.9043564738852,82.17516481675978,39.81495027572811,72.28948580325255,87.48878633099534,43.84097883238846,10.965760070029274,76.40014560278419,4.149336406878413,3.2571859110509385,119.74094396227697,265.84002210386126,69.84352853156824,Moderate
25907.45130514851,5.86205652261058,52.003947219630774,3.640984137040939,29.24854343815481,13.837636289152352,20.74517887062643,27.722030371112147,72.70422403177255,74.81289604913489,32.61870717636839,24.832959335559536,421.6382392411804,27.43728909198251,63.288590002041275,6.900814004083594,2.1065060054522204,112.88005633989984,164.46056361855335,162.13891335905257,High
8307.972872085731,5.344439320755915,66.58231295245338,24.800547592271535,15.575159032433609,34.08131370163491,9.433365051131247,23.841958898723053,94.360560681223,76.34106294562767,91.8709229714576,67.73778314938899,50.86473482781648,32.09113951136712,81.68960372719874,2.529569183970817,1.6550922788029006,123.20914865897821,182.35231023269816,189.61921682706873,Moderate
2060.226592083679,1.8435503852413486,30.173830199642396,32.79689637982026,40.072192041398274,37.52717089748436,24.592084911181015,13.599728535495215,24.889747601698996,48.63742604477324,36.46267643395939,77.36287372693471,445.93544748942446,30.12081000556295,2.868557363984714,10.26556962284665,3.171685198455502,170.05703529229962,297.13158498842296,152.12856678687172,High
9916.977506194053,-1.7480658604077064,45.738117496211245,26.162818447114745,48.80258186585588,23.510177574327656,18.298269210008012,57.499464968057325,68.42703561728439,90.49360707793394,43.444458937077066,98.23134863283676,80.22338675266893,32.375571531846525,7.813104293905582,11.0055650917621,3.551134217929448,197.22966812527469,295.65454669906575,43.03098945317213,Low
21232.649643808665,6.389973277180108,19.87598926482841,44.92033051505945,33.01221918447246,47.001247364459985,3.436335180335981,56.28862777655091,31.98155212793584,71.52185733084383,19.191132821819203,84.57280626337476,51.32563379007634,32.388082328236806,6.969577956914586,5.616877073111093,1.6182533024613042,219.57793186181235,180.0301856499818,84.36187578229803,Low
2748.477658464512,-1.8858201654592637,26.478402870156934,49.675497272718744,60.43035915580446,37.35952329050194,2.8086964056386896,27.44488377632628,91.32246867714775,77.04314202069054,90.99698678165717,42.09818508522187,290.2422867107346,43.48665455350392,59.29594554972878,11.835775698004433,5.5510872131901765,122.20952725641231,19.847605985065194,154.2857249626007,Moderate
17876.452404842035,5.0369977962905095,10.075473221410487,46.27458444199068,55.063942567087125,23.9803798333231,5.87338282723069,69.1029995484682,18.95494728309541,42.187193435115155,35.750082090507675,76.7663355102612,261.17206043586646,16.899452249373745,60.293606757553796,3.8266277832552587,3.4321891810590475,100.39256715233041,124.88278603300458,182.31590478740893,High
21292.656863174234,7.70257109726057,13.141204131892819,2.3287768687081267,33.297285276417036,29.32808968525251,18.740684965153378,72.99409853852286,69.05456258003895,20.04893081244696,33.30258561382441,81.06223079415817,255.79259303930485,39.7793882481611,90.61048893549763,10.470986772872294,3.25373088721645,246.0878644550232,281.8150512147579,199.73401215043543,Critical
12364.292287776669,2.376613281482035,88.18270585415435,11.647726226758333,62.84107702359924,35.24544528440483,6.225995294375842,32.02334745747946,81.19771493752269,89.23004896816876,92.82363381954585,78.37883999347162,295.76207720067094,2.9377036881495915,46.76035145184449,11.030479346880673,2.7267026525236133,69.49359093669817,93.60891178904266,107.1965723562553,Moderate
27211.014927357945,0.34973404995952784,29.388295610940986,32.19645055582646,55.40865297731248,30.425128660602475,13.76419569180317,39.24847994252761,41.94260563282364,85.79395076638468,82.497417616453,85.6115254361496,157.78717093719476,14.392727422901178,6.804905500496394,14.53926345349501,0.5368135151577911,67.17113628433216,299.78791870693163,166.27971548497047,Low
4624.340606548241,5.0487101004338175,63.064856760320154,56.08932242662807,54.62117651025314,44.177484023651644,4.1449827641591295,94.19009214951681,95.87242714454283,29.855351043426417,22.697102936743697,92.29839809709101,338.2156512462134,4.0921986259626575,20.952940162251544,3.7151284782447287,5.317927739867126,183.12075188422645,34.45208278840022,18.860012127702973,Critical
3554.684579017498,6.171281420155852,77.12797590396892,50.09740650312701,48.739939055094766,19.130655789459254,23.180381630094487,41.81247976731241,86.56576161274336,49.92841079650452,79.23920535133126,27.874389519147222,261.15306545944793,30.00177027810113,0.8073094817842907,1.6775440566284652,2.0385665133695725,57.21946446662095,174.75311249150428,64.3067024534439,High
25758.417710922513,3.4643031607784733,54.05283673892514,50.5520705011081,10.797276766198696,16.39451552267864,9.911094112422054,74.66814209926865,36.5156469716413,72.9071446710866,92.17297882484117,28.381108614489506,180.6768641395161,6.333985941459641,77.6714525128405,4.166620707659863,3.9262699399161076,108.86111494033877,159.48031445066133,80.58754663602296,High
17846.704751010748,7.670352752561461,22.251560006716495,18.192491625580494,58.75550284338224,12.264266695772687,22.88703730089451,48.4816612635449,10.67869834443988,72.16886857749826,17.066009638966953,83.71199910165168,416.7203201507495,38.36539513703799,81.55994368807745,2.10607428975715,3.7231146420262053,83.7109032438492,84.05234487663301,195.34953060355988,High
24405.681478543025,-1.483312783420389,68.24931498689331,25.766873824722154,36.322925377640956,3.8135824671005665,23.73213976394252,77.43431036818295,36.69914585062548,88.82802678468452,84.26934954141157,40.18979812171767,369.30612623682083,29.80344240298117,99.7940416284136,2.7945063348663517,3.5900235872302555,54.646957337882924,285.09606788707896,10.644793160823504,Critical
15784.129512527372,3.0479559830452816,58.02011280796664,28.242356838956244,75.98267971110589,4.064670290242656,2.140958888214658,75.36697529652507,35.31794234236683,31.221452930834282,59.26780466857504,24.683313756006235,208.93296413341855,3.239062245305045,41.21944490530943,5.211483324282823,3.2491307716671876,151.231201188005,189.55965089921997,68.52394017489269,Critical
9377.669130129632,5.184539473225501,68.50004714779001,9.442295000994624,67.25893397540437,43.76264926924557,12.675109305570837,66.75926214187552,90.09681467508182,54.3951798228095,70.22777044409206,52.098334478448464,426.8565369098589,32.73542671368879,1.9298375401592516,6.3856639768134125,1.2523510339017028,102.77520032733779,76.7662021989561,186.77832932645174,High
28849.478800922792,6.626404711491789,71.57972982856697,1.864087814667379,51.13861286719185,34.56287102748355,2.5670892812585366,82.65615943512424,97.04090604292728,27.777953434113982,54.35689050144432,85.59015294608625,461.72396005365164,39.06750273204933,23.47298814903722,13.58474611854528,1.8275132980782,123.62503061938482,121.3739773731175,68.26886465836213,Critical
28180.139884945296,-0.20744388092209953,88.03282941477961,56.814173967631014,27.65273872734886,33.705555940951335,22.899933624966835,89.83357206460325,16.33959873732343,51.16761987509025,72.80227764147509,30.12520190511843,277.69580820049396,30.428203329472424,58.77688676632958,3.1755518410503094,3.2402908133677406,61.02780613399626,219.15653379579814,52.7626855047696,Critical
24619.68000905051,6.000034817636815,55.885062402136796,14.442755139810403,24.26021752943666,31.50285530887453,13.923373528895244,59.29858223842713,52.416534567998504,21.208595647016352,13.06880755000779,73.7473577443574,123.17717607532197,3.312541285206384,96.19429670527364,14.584856946041878,4.778186219262171,195.4486986278628,96.33204668193095,148.71681717283687,Critical
10252.934665818731,3.5270707571854523,37.331289015248146,14.39693422341788,33.82693863742844,42.762518945317034,3.723712292065427,30.184857113933386,59.349879867681615,91.86184520881015,78.64360509009553,20.289268941725418,459.5802351425537,38.89054058379748,10.35785514707943,12.209252185473725,2.705536029772428,88.95733961092525,265.0857985977425,151.6143896699744,Moderate
21067.842673548963,1.965536819899632,61.87716455201897,5.002743226125572,43.3597560506013,25.052812431950116,4.536364750361038,43.88346173974638,18.3620495196733,62.16351974629448,13.000932807306256,28.778995776995995,110.95021764584827,33.4959482561635,12.15730201607428,13.257629431433582,1.3827508076675588,95.53877207132122,58.04543040771099,99.71379770302661,Low
13273.112495960911,-0.6828497142090644,15.47525673941009,55.710465116626715,30.724585702726298,43.779719770798415,10.820707563332999,74.45598564862992,43.97479382237703,87.98418086418829,50.97698629726091,48.06802766147895,43.243148680289195,18.27340643681132,70.1758985278943,13.96282664918158,0.7100776638714705,74.25618109352646,86.70647606080611,189.91431927443043,Moderate
4113.790493105561,6.652957589089125,81.7917854657269,34.78422689638632,46.045064677473796,19.253361256747482,23.625386436076457,65.32509623552892,38.53741756536556,24.7923760802691,23.586849381726537,26.68818248195312,177.1937642591028,16.131101107566614,66.72070550215496,11.372645597974474,4.04546382026534,117.08483944797294,52.020597876169,48.514345112949954,Critical
32188.661565716255,-0.4272679182028465,19.550480907055743,40.022211427521235,21.575929785923016,46.48196020827635,17.936910486065862,25.112858778046142,58.24507188943786,38.19664883783365,84.12168496161765,87.67213339496904,368.9438453412991,22.632267800519923,25.050635531183307,11.895063524770798,2.6553718296027546,123.94050740108791,40.2118632402545,183.54900845612352,Moderate
5651.833451244688,1.0978785920909924,36.22742703086546,54.69461323578315,78.43989689778499,35.53553504389953,21.955233922350047,14.3553609974461,69.50718097587442,40.75039961769445,38.22948182581017,89.1256402516375,463.17156144970374,39.285375290328446,81.3144791014519,6.735928960102607,0.927151177211323,139.47172533743606,97.09147280453878,153.54653453980617,Critical
33308.07002990728,0.9004553196243688,75.25963045008967,20.73721013404737,17.554718847549573,14.344502529172509,10.428502865819532,68.05173545107552,73.31365994469098,50.935319571103044,50.86841901438992,80.44565624796194,325.8971104709311,12.838552130390973,12.87787554774632,7.803618449740785,4.1119079039245054,242.37854626575583,299.76183643727774,79.959584762269,Moderate
16164.196280570495,6.714140341908543,57.784990266456944,37.29043866828505,75.23608977580605,29.076076241054004,2.9939150896499616,31.341717042494356,22.307952125204878,84.22930979180369,48.587566716848045,39.3983705116494,476.8825025439968,6.341443883371649,92.57418447767598,14.007535773469524,1.4039566389553644,227.60257489074033,37.35552984588375,163.31263774744104,High
7294.519580513068,4.72702994208898,41.49084162219537,2.3279672837332477,73.95046079818864,27.585466951436267,24.409305655701523,52.471970716969544,83.16529317501593,50.92462989851941,79.52517691162359,61.85976601919839,64.33800285243038,39.17936403732514,20.10319303324214,5.860361899823947,3.152293080161327,158.2072682819576,71.7706356357136,35.308413518613236,Moderate
19424.632210864176,5.966813971913723,47.874852750001715,11.20635169386776,46.77523372736486,8.61914344305603,2.3949787852344997,73.47347566357051,71.0687826811683,36.37228237170616,53.30299238163779,34.73508204186971,49.16179020224963,3.1304635018710867,8.1352372723005,0.9166219740438457,1.9758902554457907,24.142314924327913,88.7688717326206,34.88667370671318,Moderate
30680.15841979788,0.50467898792499,78.36379145617443,49.87474830539655,60.7437190285259,30.379659476029477,23.795988020865046,57.826676355788315,90.01674250720477,25.199220827101474,81.00625015093115,42.50227600584886,310.01213635695876,41.172871956494774,33.95220864738546,11.512489466479161,5.603802373717202,158.88118010603262,189.54760849693912,186.68806861700713,Moderate
25895.64613792508,4.248740996069989,37.20035088479137,46.006101380300144,40.52338085808115,17.10970993841398,10.479580748530328,17.080719564502694,50.44024534918907,26.359339868214995,16.61574491224077,61.28042337390329,483.7358347965223,15.147043354960228,18.784128853454497,8.72541542224752,1.5240707843727603,36.07212258956732,226.15025195827724,28.008296490628222,High
28423.079027289292,3.7174598314374867,79.5719747849737,21.03856148742881,54.10242042797067,4.512740806860917,2.2320793155032748,25.77432012660221,90.45007864499723,80.8037764768782,27.24345711126956,78.80110467686382,261.3062282982675,23.85357617259551,52.69412250360329,12.27867664644668,2.6355274249437652,181.93089605190562,228.06076570767326,10.775125301386888,Moderate
23398.63446816439,6.32830376788271,17.050754478135318,22.60863766645275,33.840315619478304,47.53549556991511,17.85061632966369,28.642895642628126,87.91967101204679,55.58423928293064,59.638082468172456,27.57235043149113,44.72730845086646,7.6887075643458065,68.68465373717261,1.410603619181143,5.765062861602434,106.66824694651869,12.504434762261045,83.91579340113138,Critical
24537.403193606984,7.060870604812605,72.14387497669046,32.01326601321477,31.081131384981173,32.791537715085816,24.552426992721145,31.918461559811817,49.45683991233427,78.09448976000122,95.23794922774255,43.735735810246894,126.18495491717896,40.79696368319747,49.09215784782912,9.43211025999411,2.0486060436422293,211.8586755186019,199.03663305184492,29.731685142104276,Low
29872.652153220857,-1.878432285226132,77.80381064437891,0.014460281108072959,50.476085031865956,44.09210872980066,24.20939162526463,58.05928831579286,44.30289837636808,74.58296974109581,16.72820620496023,94.12970788575377,137.5005950795699,34.242957605529405,66.06073318109776,3.9412765534641423,3.9386403454638006,236.4943726373057,192.91369501645985,173.9769337164077,Moderate
9488.712301212321,4.740199190587926,24.5454122269871,14.474660162281673,44.86907719287863,34.450688240636154,5.701551257655624,52.837091285158444,93.9530813473231,30.828996940820623,13.877579454117788,54.32986542255105,182.171421985736,41.73869022414547,36.49205143999844,13.578048339068916,2.037016853496686,113.02093024441811,160.1198577480644,185.31176755415726,High
17640.448763866778,-1.4816420088027098,44.42772258977604,12.493908516492866,50.567545840498674,19.135217222725423,6.1686995395215645,27.268603260957757,74.36482610845938,31.431034735381374,24.08956074350701,95.10957391274515,40.92962412138206,31.378849198080985,2.792259723863999,1.9156761142036614,0.8419148788800441,123.23049443633036,119.97048280709015,101.66100922771842,Moderate
8521.121021866475,3.4885866507735592,23.239981973092448,15.028976804985808,30.066240690091607,26.609027471782948,15.007395036252182,15.7421616937334,93.54208117942682,80.42736123473071,67.70378159741409,99.31204332417084,454.3484962389998,9.941832399920024,97.4064124225149,12.693118309058427,3.8397739495688983,153.68468153801982,241.25881726375667,90.83959127190701,High
34580.712271886,0.876327290436782,66.52833031953742,48.35435055200648,35.68704822718966,34.4358444966645,16.658011007851464,24.57173738035104,81.72773010062318,77.70146347883338,45.909362500322246,62.13278608891328,267.4706934663177,15.255481128408722,81.94135045399953,1.6017475039870823,5.512982904654974,61.32618963664187,109.72543067567216,112.41746261937746,High
33098.01754934485,1.067765995221412,52.82782144493254,16.78043139278659,15.872857244023653,48.092111609669004,19.00661201431491,93.67241157258128,64.83676953622728,50.24246134994483,84.29971414759176,43.04352078278804,342.04678061797233,22.934488729449352,7.341882408462808,0.668931125805872,2.8248750699577325,232.92321759466492,76.70355891091437,52.97697872054738,Critical
2340.5115865292005,1.5295850345235658,60.825867736665685,11.49127932300889,13.6593460590544,14.17613403784143,6.164158290859393,49.82649073227514,20.426749930338808,26.193781066627206,16.473983633322923,83.26214468580632,52.2429617096043,28.112102830488897,44.91763961563344,3.7553736216162577,3.8318239476163094,116.75498272782256,99.92760062460775,66.61351366986383,Moderate
24989.555865533406,4.212924490496102,25.718957356496894,30.255807647581893,27.74199907711114,43.99889881395765,24.057162995581994,83.72436789967956,36.23326053211886,20.967841735876178,27.6772678133231,32.74485884200119,45.97542454575171,41.83775580545977,63.50190700718746,5.1957547516222515,3.731610796888414,54.202778940261716,137.4978959657181,29.18566239196091,Critical
32458.44279213264,1.340499656687692,26.93966896419356,51.93870218236392,15.197280153138202,46.35573465412493,16.69100289465247,82.14395966685169,97.19581663885523,43.052555956939585,37.00237649184061,40.16374877376564,301.50453057946265,18.509913028932974,19.05942705726379,9.509972945634507,2.6075202752416806,194.24198085343772,72.07664252079446,94.82551731115903,High
7139.56173432934,5.326990505902804,13.31978604079251,14.480982230249992,17.264229604431847,34.179944703629914,21.48207913402276,53.479162384344264,38.7479888842784,20.737781886978155,66.40570780199067,82.79039275994258,445.90208504201985,32.232096942007274,57.79886113627715,2.2363515812074906,3.7664005048354374,66.50057252433652,186.1956613995911,126.22140828139526,High
20310.1378387894,2.0452738557386967,35.765402815658376,4.712174567567922,66.90498837757559,46.70079811526421,14.42151145153595,70.0684552191462,18.39293828068337,38.40580968829627,71.66554212713925,54.69167397856239,273.67136046058255,43.32338050316534,53.364861811768705,6.728750023788802,1.7040448896300386,48.72937964188592,266.42066872844975,186.74250953440438,High
32126.60211799342,-1.3164679969004138,54.779572906694,21.38428415097988,12.72115879116825,21.098172198913687,11.5283674945673,26.383920885080546,73.67980203273878,53.560059216907085,21.178296456739645,36.12303495901334,441.3532028336343,8.552084726864479,20.82651885347048,3.3026749509122437,2.392619846697702,147.27493774109166,182.68343600700177,150.42390241908407,High
2154.1632719171607,5.837598424841072,78.63479311978631,44.85910947389867,56.12599557543199,47.744776449941256,24.475206851684906,68.5137199187872,76.06038290893159,29.713261224956334,94.94242380925655,72.09005959618595,409.27581106651485,39.09651231752057,14.121030927745327,12.87295882674183,2.765449366901776,172.80138499352384,139.53380916844057,147.38210937510547,Moderate
24712.289086392557,0.85758324592706,63.354195796694455,33.041432681687674,29.079042417078035,35.73357810396679,15.38879152885623,33.152689237379604,35.69119482584357,28.342220626523698,40.69397216711882,78.62094891053462,56.40981718156196,20.09036102690754,75.89622896186374,0.9610076668841829,5.211250364662387,148.84724405625533,241.09194220522215,68.51980279787941,High
11109.866250666726,2.3276687959926265,44.83170587198011,49.00760217446085,71.00819764956884,4.016276836102971,21.938092404381116,80.72527822410281,36.79047814116734,91.71499485749892,74.18518867002548,30.005699156045527,116.93958770513115,33.49413636496148,32.25864461496337,5.532284582321259,2.220330790032879,169.28000250263037,226.93120063361332,178.77572652690844,High
32429.470642802033,4.8544388322190155,86.24960915153102,57.57552885655404,43.94945992042497,45.529895927314534,23.92572511642467,17.116551314257343,52.20036869579055,66.83760232183114,57.17869470529289,42.15842079799473,335.7011211945644,14.622148565694598,24.404053384224333,9.5811989755459,3.883794879071793,42.148142892319946,116.4468552439019,189.92158236919957,Moderate
34015.9803356225,1.32456157148712,67.53961604606656,47.55974860509702,31.390352152947802,25.25469483359324,17.533156421199163,75.71678719524859,11.961005478603,94.75645494102251,30.048230219239596,37.70214042977866,232.88066362401995,16.361321385438067,73.78783528059887,13.722396217363503,1.4377422570296123,126.86423890276522,185.20450649295495,187.12995794298703,Critical
33105.06062985676,-1.4341434385328438,84.41321622900401,36.2281847306252,46.23472549826042,24.095695269335977,14.625589605929523,18.49463705833266,81.03907093250473,47.66609310285433,86.160549080387,50.38837030099617,159.53591055052186,3.1667286693268437,73.6068692022982,13.05950331360026,1.6649044285127748,98.89938136080718,221.65442949221745,17.372575039633162,Critical
17123.283366353768,1.739210470128136,52.20703786177325,29.60049528314283,36.73706133316882,29.190397087022447,2.080749570944964,84.90108513601626,38.53799085467131,74.17159498633305,83.6414225372737,81.07559164608516,220.94425090302997,43.77037858617926,27.640165633622914,13.459322392902305,3.96088747766787,243.74162481642864,81.1843448256379,124.82662089776409,High
30309.450133636656,7.444485826943033,30.712341983451168,2.404145180896,49.50107452688812,9.17045824501894,2.920451736997138,35.85738404147531,86.83867918017798,36.37533396974323,45.64646685250211,77.09664818194594,233.6958302099045,36.97846073492373,87.25684612518538,1.2239434171398367,4.6213975787263015,26.661624532174844,116.21942493441506,132.21277008780606,Critical
29714.67955019239,4.417343972985582,14.226134909177759,59.05931872884248,18.017300782844377,24.519970331235136,6.619577969175675,65.62343601059885,82.23673794400304,69.4672253823953,62.974682712446985,73.00191283069631,457.0650803943663,6.0384721908274805,68.82501650723424,12.661571943512856,2.8802796238524326,85.09913771908191,40.67506045949145,66.06238044113567,High
11849.416090270692,4.71479148667207,68.08678811870804,23.008867354502552,79.78933519687858,41.8941064024518,6.27819393268789,51.43769368272379,69.52618298069048,30.366858400798755,33.204312634234576,20.502843669487298,69.65997617837745,44.9788782135423,34.57642178215381,11.76471490459855,2.143578241311046,236.33761561155467,296.4272807089817,198.55831480000666,Moderate
29183.12612112303,4.322821536376399,19.70423984044273,9.133692835012008,39.78891143877023,2.743158038600736,7.859452289596443,41.13576734729881,39.238738038935985,20.16645113410286,72.08664658716714,31.371465070431157,154.2707584676552,28.016057679726483,42.74896501846589,13.565745244351598,5.479575024407181,246.12160304831744,34.904518622709375,65.32561717552619,Moderate
2258.259580326749,-0.010078610405632071,34.222010261757376,40.0025313237874,34.37614477951581,15.100023695569822,9.013496667046198,64.86255582059721,56.468490549505304,94.52254411276633,37.812413135838824,37.86380392816534,278.0311119597027,38.71033143246847,72.67096859306179,4.88017112869262,0.9876853272844477,208.85187781587638,58.89577628583745,51.1562150544006,High
21273.175868389804,2.183338641022801,52.59767263071179,17.05729734572756,59.714689382138545,2.1178201493045226,10.28150635166675,90.53945334685523,50.03463318381631,64.39155009401674,85.96708609440114,41.75646768310797,355.177724782684,4.866412820948366,21.1583832895492,13.70294706221849,4.380142578366213,32.85958734385619,149.15126540260053,101.98767358420645,High
8820.300467781904,5.509397983633183,55.15332702237981,35.14669625586286,35.472958454673275,21.95414283919272,11.67236687158416,13.507928526842857,40.49936976238068,94.15525302256316,29.564659384954687,31.714123331912,322.70589870043693,18.746400675152717,46.876079247522405,6.2188239507707825,4.202990348533197,146.91843166073198,260.9288317279164,71.39800215636527,Low
5099.274116427479,-0.9862710244684085,58.046655758970886,35.206074470675475,68.32920135201303,36.959144503699264,4.273925784488338,88.10249275006386,86.33226603728603,46.70652189616576,11.332308053661773,52.82524411791117,471.98851411394935,30.794998259055227,65.35583422580996,9.62126537722926,4.203421943821206,109.02890327755978,113.20578665490824,185.5655973752894,Critical
3616.4088553931115,0.7785277608971226,23.30042642797605,26.74378925417215,41.79895070522977,40.34104779750217,2.974324434913987,61.77194067678615,53.51563671198988,46.222885532940545,34.16572377711266,26.014446801122073,401.8922839133471,6.576649904087166,53.94985480087132,6.535431170742875,5.625438577656441,204.51635340841938,232.8928827840903,93.61457894980683,High
24673.81837985675,0.7631910846585361,40.3789923857319,50.167116932702555,60.369088928580446,47.36910853409631,17.500722328679537,78.62171556536944,84.94507880174318,52.05240014184254,27.1947237813538,80.00177523102246,287.39688414772655,23.022822062122028,60.83283459044932,6.586431928580072,4.423503745688595,27.930695359263325,206.04988126170846,87.92841538779085,Critical
12555.748768114248,2.3201892759450597,59.375538169357334,15.898023693326582,17.521725150932056,31.208221422597752,14.358700971390787,42.62937104191359,19.469662672764187,76.48327871665346,55.74577957524318,83.0176629836884,123.0476920032836,21.035148605398085,54.62124994767797,8.335564176285054,1.9490780985755878,61.325256636504996,195.21258237630687,128.91380472061502,Low
25642.07023197789,7.803687409421851,87.58550917070278,26.91795549706405,69.22834298885783,14.222089599338982,12.215316651062752,50.10665286119717,22.692230974030217,65.26469073489395,28.333296249091866,65.94133516807184,236.4196310730751,11.289729652363928,19.922744379002012,5.53212263142609,2.2497735005473936,129.9608405623179,255.05500278038363,25.41178753771344,Moderate
3222.1155871640403,-1.3249745331617806,68.2104910159751,32.261527715458286,61.50025907446769,46.35910155856155,16.592118646872102,83.85231390309895,97.95882746016791,94.02839256792943,78.68708836475453,27.176390163357425,352.8234772133491,14.911602941627496,41.02053449726214,11.953233815757764,2.468443644559387,52.04720079273933,14.109383992301439,153.77925989513915,High
11719.87148624075,3.1870099438059505,83.80830056751662,39.81748324603798,24.8201744923376,39.215156186258056,21.036626365681432,45.26207743383496,62.899161634548065,22.03527209059515,31.723357420360355,91.20665356374064,422.2218439213208,43.58608924328424,53.19854954775457,9.614489410604012,0.3786903097690152,177.7880585331601,279.4543811825136,155.99577614292556,High
19342.703940761465,-0.20635317987789548,70.97696466513416,47.03831103033537,20.170020682205063,29.572567184150937,11.836936909672707,55.44606317367222,55.87927061491441,76.65567503780292,73.627136192139,97.25086629664916,480.67338772274593,14.411884898427248,78.00627423459461,10.439409694622501,5.498359829367891,207.8802969678526,250.475592297525,100.06490859825686,High
27884.58760452476,7.706765454097441,57.337357511392035,23.688436972695364,32.14046441079371,35.390730354508925,16.745747696195526,11.716568462168297,57.08404568297005,46.42621514932435,62.06238307123517,36.18908482574315,310.6173277462005,11.177323760641675,65.39042371695426,3.6962115632599244,0.6266051024158625,180.56217500249622,281.9814936990299,191.58260879008137,Critical
11837.585099690377,-0.866964952725358,25.361869530907562,38.76281664579576,78.3249410222333,46.3671850403566,23.93216114820865,23.480830496233594,29.374189662957384,34.418692145476896,98.76248708246959,76.37118555525758,272.9212963061276,25.056994355938336,42.65909451859348,14.552756740676468,4.258806836165336,118.46667270539584,240.14048631843926,120.07443105119206,High
22280.30679885831,2.036010023615912,63.334852151401044,9.036657184111148,27.978210219694105,36.19491336670024,21.311363404815896,64.54335317785798,74.68335545517758,60.83164980160792,99.99108793083084,87.35509045139887,28.49212309815119,30.85119546502281,97.43998321591455,10.004588637262591,4.434933828091208,221.42110156937184,264.791508161739,142.09492630654825,Moderate
31123.24344003036,5.378849848346062,59.87036527679257,55.95888603254872,41.92890462626433,19.681976364067232,11.798018641555418,70.94303659042956,17.630256135677893,60.40510273439968,88.2573474985597,63.18748180341618,54.60755319208637,33.17900377599129,10.779552167972517,3.1987792085967564,5.09354729365713,47.3562409541863,68.89263397784896,185.62554154558924,Low
21939.348398198355,5.045544280274453,58.19753363658131,22.98352838526021,12.101415800213541,36.22535370987664,16.82848726973909,59.52107962668245,61.59913417927209,30.96088229507427,78.39850323688759,45.86584796213991,94.93039886595213,34.4326289333674,20.680486855496838,11.332206579024197,3.409501082454031,76.17956721626709,102.57642939434466,136.60561525071054,Moderate
8920.62214162355,2.227286368939323,49.18286943905926,43.77128531858631,37.805927069636276,3.9333518112986177,6.072631204066615,22.181353083426906,61.36919169273113,36.15168449063119,44.78107726005164,58.28469720642821,46.284766971021476,3.5837971351343834,34.1312610031664,2.8535973171520537,4.406533658367914,130.04182603429126,101.41409390651198,92.04694146785396,Moderate
1829.6265729222928,1.4652416795271823,52.29252831914205,1.2204649129306588,49.992401080317194,20.5479469678679,14.892010252587067,47.85946142911596,92.276958172016,52.65317319212439,77.79490544181732,60.98150006275616,212.4143546263647,18.931697216321222,22.857207698791015,1.2317579756027732,1.955792961902516,29.414570736624214,41.658356304636456,14.706523370298186,High
30583.361712631617,1.9761237855287055,36.755402169448324,12.31122857428842,76.71872287555756,21.503505528587805,24.570550696184185,40.18305514087113,57.35645290943743,52.70491299138523,96.10079833715416,52.050963535042236,181.70170166665864,35.28019743067288,62.54419968060113,8.055034923343763,4.524387263294182,37.486158668138614,221.57798403253133,148.37686997004377,Critical
1723.1599689131626,0.6427626315863928,51.545015411384256,29.22495265941468,46.17152314580451,10.008235252200064,13.921247649658012,52.13121424298251,22.33564263767616,45.40465116957478,12.103981785589975,94.3873994906965,325.9299957768286,40.90864037740557,3.9550729336255253,8.436802126186505,2.1918112761189383,108.39919235475745,49.48955887925112,193.32454220419856,High
30739.85687126278,0.053329387067997835,25.80447245427826,52.69514806394079,67.33751283243814,3.1081030664849685,23.33568088137339,83.97796793709801,61.54779333233463,31.883612120798475,58.41232301779649,79.51064887540016,277.1192518080333,27.89460530330968,17.743678427341592,3.0777939485544987,5.436463174874837,236.8132797326202,25.227658162927586,99.34467347183883,Critical
18983.862556925207,2.8303969755889,74.41395178883015,31.635308997040628,48.29893497982304,8.402299358611655,11.368703171574996,75.94822228598541,18.219487992879912,20.349894328078364,29.619847394959113,39.304131380397116,306.06596450617263,4.249194700916483,29.33472376586044,5.4211704810947365,1.14761448504502,228.47721792009506,234.87959231596852,74.55604117977019,Critical
32928.30174943847,0.6853375606760732,24.862156375896625,55.79222893763274,12.854950940486267,33.421831798258644,24.973431025246516,17.139107618078512,28.341445176992952,97.61880499424164,60.20886842819654,66.84457498558947,246.54905741007397,19.055769651770643,68.33457750793166,14.202808646476845,2.0313924019089304,124.50409169542661,272.3523192222595,108.6592910186179,High
28158.63001630462,0.8746166489725011,16.79730319115731,29.02781379496778,32.05057926328418,40.509863185457,15.32206081023383,85.67628181083796,12.799772576867452,95.47993837631415,51.980238078300204,75.09513207449339,153.31383130604343,5.19176598234355,87.58648825811281,4.4895475116861014,3.092862819019758,48.40725796002157,231.59577090988864,148.40306908008526,Critical
34929.75975813348,4.56756063474557,44.89968210857259,29.426945804156997,50.28846554817723,49.43376765089476,2.972186867426495,50.10020784773501,56.196422421354846,58.692030334090816,61.819172339705595,31.212513736170422,477.356151174309,34.18712809543714,79.84917705530545,2.5868504932509193,4.699933231458967,56.85529915023236,249.35214172127314,10.131190151589365,Critical
12924.201725358145,7.685373316998922,62.66459516048495,7.184807310031913,76.54157761517871,18.625448149207728,15.495360323901926,73.22828231530987,17.607935376421512,99.60414026200046,59.58659992768518,48.674059390411905,61.4763966848667,4.730735179111605,18.208093325025487,14.890660792382175,4.543034809597585,103.7233228331449,182.73028657092365,178.57022731905218,Low
27084.401823658314,4.036372005593751,45.01734599468331,48.15937464913319,70.13912518258633,30.77020266853288,8.315172000630723,21.903334657469934,52.245494067819614,73.89234646257947,96.40963352517058,92.44386252831328,470.66767974334743,9.986435869612622,56.54057584410691,4.743891384792861,1.42215787108212,64.36743584539363,267.4464379952784,178.40894333888116,High
14665.651062714232,-1.2302053293503372,32.140330556104686,14.81792474802375,25.984892992519335,46.98295840712585,2.7470704068255785,67.01115968509909,93.96505317917297,25.508603008603323,59.69674980412625,65.37384801481612,169.39426249507264,19.92921223048529,3.0022645344687238,10.299728995247357,1.0365670403484188,34.499264681738794,154.044009883778,112.84660738565468,Moderate
17315.7710903329,-1.2441638614593302,54.65369471123526,53.97674936233891,25.407688101341446,10.018005504231326,20.879626007977258,30.087711496803923,74.77852717173988,29.417455926610188,86.16088793123805,37.35981968482535,266.07749377630273,21.893879785939497,31.053677535286116,3.7039346671572155,1.9630237049057697,173.33770862719933,296.6135593613648,33.25196557336551,High
22335.18574942458,7.51423220845566,37.760186832976,54.64945321982377,24.08210769797305,36.44698814445165,8.341781650557387,47.26237625697918,16.967050680276373,93.28886750957102,38.78382581207619,29.822783849532062,72.24431495722214,19.478713113545528,80.59837948283267,8.386781595699924,3.0057740797202346,151.6404298812833,39.99036240314018,137.64310097658802,Moderate
30705.021882335517,0.9729079030733363,84.62941521013065,56.598606712448984,74.57492274117521,38.238979191159835,20.320616743069465,11.433343956978874,30.178883098795886,70.40417617197028,49.4290619911944,61.458151477990214,54.04691281808445,21.926055804058,45.666571374333955,5.978345203161348,3.3262292599893537,83.45473812485,244.66240494340133,36.190675963029534,Low
34458.83795277603,-1.0793301391752457,83.81161116828576,31.2138293461854,69.68663071712044,6.270825721728242,8.62900440798494,22.88690422409046,70.62961779040907,87.4546901325881,52.33721284403289,63.81485784233153,226.1818153849294,32.66928353686859,14.994132227583457,14.435215139040071,2.6889980275406193,198.05286989979146,196.00293064326985,106.43395877220934,Moderate
27121.29607139362,3.990445871503816,50.18974559776764,40.625627087018664,64.24184025770641,43.339970488787124,6.469506139096809,17.82684191550768,90.52316749217653,91.86157197070754,35.08552390018417,46.753156108368984,376.0147406622455,17.878559387088288,43.855338148831265,6.662246355892169,4.04592267655844,197.3479886108711,178.38735978414658,27.78969467641223,Moderate
15204.070593689348,4.236487782902661,36.230719521460685,46.71095280369981,37.49145799569593,41.029042261320505,24.40051820440183,30.378254699751967,12.962672808755839,55.835360902590885,44.18112353301597,70.43328227352947,149.2950932233035,25.553269743476623,19.803292546222828,8.887360507471346,2.6798418728639786,130.38546299999902,220.4850539497252,121.92241427652525,Moderate
15326.138077420386,4.485048201186881,68.97059311653112,7.860877119027936,45.306649300913676,3.6033443157168534,10.31784253836545,18.50153765206739,83.12060185485346,23.882076126135445,63.86617715200977,25.494774897551096,289.9269866889536,15.044878073735486,39.319145786396284,14.188064108732164,5.688708257645009,37.68515054529506,253.68454393166616,70.4331717724176,High
26077.79825402231,0.674020278575413,12.937035478645331,36.057431699849836,42.5032221356607,6.372051914242471,15.83165286319269,68.81235226266276,60.56324923044778,35.06242791178576,62.21689869740791,31.61117546129125,153.7521634509528,17.205982288890752,48.78334727478434,14.84174420908794,1.7136193182929085,230.84030902381903,260.2363793837479,167.88836880012553,High
9118.422956122278,-1.8488931578552497,47.9815204834921,2.0578740781987004,27.737867529156084,4.358090906808911,16.029574334732846,12.468391687783647,59.148219276675334,25.325755784194808,67.27918101161325,63.70190568090074,206.53426922865958,28.393355238809477,34.955811251102844,1.7943779508734485,3.8387582998865497,172.13522303212824,60.86047925375564,161.9897639795988,High
4756.119846467418,7.650153694544718,36.90587154162668,29.85396500332355,45.35196323041369,18.067689526369385,14.890890089990542,62.50794255312483,96.20318644780221,35.099187655880584,41.6636123878127,24.94525550755632,455.0942328674359,23.09127002039186,93.69689504338609,12.564514467023116,3.7459920442287644,73.05694250070846,67.14041962836109,199.7100363401438,Critical
13057.153359786402,0.5089304569110249,83.64287080820438,9.290560897213645,12.134758349692813,26.445871552636454,23.038002100987935,21.96016562017381,77.28801513370958,52.842634116470144,38.424834563775136,90.47270119928805,430.8030202375614,33.09056067894909,56.253029755638195,5.917112464552557,1.8331333869172475,158.45681855304326,14.688287758943162,58.92560319382931,High
10766.12571623878,4.760262880525475,10.960242181814603,10.975375557725082,19.22672614482214,27.552690941822185,17.512144641437978,90.33872386012123,86.51069812505007,29.455744841198836,65.04560944787468,31.371709636521345,267.6884208404623,26.10315928622524,84.28926739468967,9.043981981222508,2.5877882221813584,110.1800515194931,48.234312759759106,21.742207628120266,Critical
11074.476095503664,5.0662986987870955,54.22519005746793,21.90285400155609,72.06127173182625,14.848004468933247,11.285859094413395,89.31299621433762,41.85960125902,33.33865982442746,21.957557358477246,73.91358992676291,134.2907011865978,36.553685671506535,76.07285470555803,5.8132067606421085,2.319746992751831,164.30716533795012,86.52592292647813,94.17062037828052,Critical
8942.663535696938,4.100074170794857,69.25308648533007,25.94623000299018,62.61758369219963,45.756650554893156,21.834748844058304,29.167763714281822,59.89276367455689,55.665742565734334,32.7728389178926,51.296275337154015,112.72827811185095,21.066553158772813,66.11663092677766,6.196408223125447,1.200494548118838,126.35966049678989,219.10038853958204,25.846633643648456,High
2431.1684476363043,1.1290739421364822,48.8014390019233,37.390345471931234,39.600788634136094,19.67661391385183,6.164446679667181,62.22581034895751,65.38651096849937,47.21367603107916,13.791496325769568,51.983019803379875,477.96192945714284,23.114445654272465,49.68887483025822,2.635205778981139,2.9683122332629552,129.08595530633735,147.9725776107279,43.914945862494996,High
1607.7137809360695,0.7109625376406576,16.83224241301773,4.46570510631094,46.200525359871406,4.18640748633692,14.517445425039602,12.380452155158967,38.94255463262186,57.41264993504328,16.534976733647213,81.1911622888915,117.30396632513,30.8087680027404,0.21737837815875016,8.71966693888963,2.4426410675266803,187.93229159822943,229.79202531936502,123.48702685869496,Moderate
34582.56125102507,3.976682827027031,87.79691120223218,30.22150567424668,35.89992201719842,16.410901353986546,23.862658554706396,89.2020261593498,61.32233124526596,54.333762220724964,31.904495133454798,59.95697073383312,407.9207892380188,11.513489609718102,61.346760055208385,8.336724405387454,1.2342406883895243,159.2255503250343,151.0953958677683,122.50486175541673,Critical
15544.28654701932,6.660956336116914,51.44083451008783,10.957507815186068,61.85459070124707,27.493252282119464,16.38414548724949,54.453921196295326,31.298984153174246,71.55824207839068,11.757635226722712,78.0524370915093,197.1057005770579,18.594970088044217,35.59574530024977,3.0835300915144774,2.8093042634230168,33.78888244239303,171.12326134389082,18.23222076864117,Moderate
14067.106003429177,7.4673372892339565,59.13489954552091,34.43851050190452,64.89310254624557,21.59464748423514,20.790274360922155,13.673967870511214,22.90381039614156,94.97516391006836,32.08695328787154,60.41529830022154,493.1167268279544,28.868173492503438,11.77621668013188,8.26343731120894,2.6466950159006872,30.362789054881357,42.20931011213892,94.15190276947295,Low
24108.007611564375,-0.9409419559624237,28.928782616600586,38.24427673567101,63.42996331422114,15.14444091676444,17.031896687539437,39.11249940569168,43.65732333495993,28.6291470755394,68.94786907558233,67.43242731242107,196.71475537413818,3.2416795784266648,44.46262636120777,14.604597674676965,0.9619209304248664,86.67717081173043,235.20190255604942,110.74155164477591,High
8420.632187412182,-0.4517138740228015,48.679846808544305,33.402555393171234,60.58282073841147,8.303515988687236,21.30552986137148,16.532204258204906,76.53606658717933,27.940811944735593,15.499637062203973,80.85717022957313,188.72797995714853,20.789771646259492,73.55533222833047,10.801806359050708,0.9608877431244629,116.10780918660538,229.8566943378709,60.92460518579746,High
33298.68025430766,7.447362587830796,44.33195935666575,44.29773062869846,24.31530370849571,41.319896004619025,23.723221236440605,43.40027734673559,92.45684332664987,88.22448888727216,49.30630100151769,68.58469943370203,325.9825418612591,27.750547261163025,96.1677794698704,7.370443625875272,3.955542803105045,79.67730140713222,99.19286158737968,175.68820455634386,High
27735.730490128768,5.365352283347926,15.991667360158699,20.13655465445408,33.657898546833515,49.814971621961206,8.277199733252946,66.94373908371246,51.19426463484093,60.51173637219673,92.17979082275944,69.24920875110308,481.5280671808732,43.597147875062504,37.410489112208204,13.766434588046216,4.298168667359203,168.09306664643074,105.28764256211656,40.60874305282016,Moderate
4039.9740786168236,6.829938248297731,18.49282828379738,45.90639549798785,42.889180448857246,17.818022409146337,5.902204868904533,49.940642183522364,67.85413194478886,81.31240188547537,81.21563460328609,83.13756731420756,488.5806107822878,39.71171214955986,54.27232987049767,8.757121040627997,5.658846435471648,60.850363955521146,73.7076206662093,58.241342951180734,Low
15197.746376687564,0.026326341353431815,76.99780156950196,25.96602490249162,33.155509399935895,20.317810120476988,13.131787257648417,42.61638485115363,19.273341787759044,37.233752288582515,37.48937520653715,95.92694526554986,359.4589503041529,14.0719039765343,85.1244383363585,2.2852055812987095,0.7046272046743789,180.4731576530999,246.0135060504843,39.828938856223076,Critical
30890.0224571136,3.8758587110940184,29.18559617652722,29.05106989935581,62.84581401108303,31.665801184493937,18.142835816956964,20.128348870939508,91.40173826970958,86.30900585340414,93.23249312724823,50.13729231482694,382.21105550544974,23.810034473243764,33.399941995001484,8.348391822843109,0.8835966557938704,196.6904243438986,226.6319725689163,32.14386043540604,Low
33120.888757907946,5.011395944174737,25.59666171989044,38.88612763566429,33.054746697496824,36.48519078730598,7.225398823190971,30.81981888396079,61.174379221294096,93.90772993541567,39.66818470729524,66.16937257807609,290.43304446705326,4.425818024383926,14.225724497081538,2.9603047958782565,0.5005451451138838,44.21503728497788,186.6528440734333,177.00604496135392,Moderate
16891.65138249557,4.801118854469727,50.39291610001114,1.1015030399534376,19.6762460749736,20.817417670572382,2.0943333598938425,18.512179457759846,80.23044228626414,70.83864124371905,16.526394670380625,26.901852618683648,382.7723547835193,12.352439837165706,28.188183123268907,11.582321129590811,3.286924898390194,167.93946719030217,79.25840990761225,62.79324136329656,Moderate
21855.98723316406,2.0815169086669814,71.49977050900104,39.2396532852149,37.932831643381284,45.43661681512713,9.887507664244222,78.63739219081616,81.49970808292544,28.470321717904177,99.46503610913022,48.70431044550935,432.69423438583834,35.31880232692787,89.9122829808388,14.517460950132213,3.811930362912314,240.9374543365268,59.83746645798583,147.2795636988927,Critical
6679.154167130558,-1.8460510830869152,14.955721486319034,37.11510894432692,78.59401029476662,28.88019148298808,24.283764715759133,21.495385378701418,33.08324737312954,91.6235851325071,88.30202744702545,52.96393807115088,253.32574553361115,7.302502527839816,15.939310846183774,5.604033192786955,2.5404360212065145,60.313597056886486,24.5779668406378,91.31664834779745,Moderate
34699.733288657204,3.8292605680426313,56.14463357106047,18.590827005196793,25.811698905350312,23.618723667484687,17.984251593934474,60.60673615665595,57.62570078636646,83.3990181896057,51.93395049709831,86.81898534592408,317.53388615844943,13.080692567860133,32.92210610067821,6.6932928378403584,4.82783288157457,228.6861653122963,23.22732971577065,130.8159613394442,Moderate
8876.837847037075,0.5310153917960876,19.53683542724587,5.147657093969369,52.85110612602603,33.040292151675445,11.230485210648151,39.1329351550519,96.44317764048797,80.07022212115919,69.97388717731636,61.071392170054146,277.91201371186287,42.59382757463974,46.46403105003406,6.495998062527861,4.18285672882204,157.4212680793939,64.26948054441482,186.35347727271977,Moderate
33052.88032059427,2.502542461428903,12.916884066049477,5.456126994782469,40.30811348877944,47.73458471596031,6.429250238977327,29.208162695690596,18.0671090338745,22.938255112473243,70.41052700710031,78.48530986387662,289.98589449376504,37.4257994211757,84.711322349092,4.493909644184763,5.917874441491787,153.8720438229523,39.15443437373442,170.47549473821738,Critical
23087.986065740526,7.575810150838173,14.219516172977391,55.39342481911371,14.971719735452865,40.13851013224186,10.19006249635918,64.35481735682882,71.4744908226607,83.9170020205577,27.503400765741432,21.52059200205371,447.22299673949163,35.618591643903216,93.77132836529746,11.974445483715877,0.999790903138136,27.201830345403785,171.27122514750846,23.107414559845193,High
21663.05102588121,1.990353176424347,76.7331286566753,41.356759273550225,44.151362419864164,3.9206302656859684,5.906306965928703,48.845196297039955,96.60376702316547,31.03608083746856,28.00437698382691,57.159413570265244,190.6960784986737,39.17597208299274,42.58103096332548,9.38060649138084,0.5382308531865079,190.85056542080358,113.84613706039833,170.58848170305137,High
18431.40937456129,6.398016066644267,19.437798690244925,7.626156826244424,59.15150300538187,17.950875715518062,4.445033890197882,44.012364719187524,37.051939724861995,37.79089409575107,52.26226330166432,92.10541321308673,119.92833228829963,34.23304452304122,93.19540483535155,1.2415578857914262,1.7938614923024492,127.39416737229368,139.03427682876242,95.84646790333245,High
8842.773598403795,-0.11459394250748867,13.612109152983356,21.403390158534382,45.92539830794731,24.58614487765869,22.85507456916874,60.392420415838835,87.53031292639133,66.1707867895406,92.04158261239282,37.945112744462804,239.014452931342,7.185207293084103,16.145909485775455,12.630453124840091,0.31049113283769547,184.47598208125652,182.27948324028503,76.52768810717821,Moderate
7001.953088187281,4.724604980250288,45.03199097143298,35.54897963409579,71.04742446226066,17.09684346603705,24.945957782635894,51.757748421650064,94.02917908674445,41.19846183335064,10.89943973727137,22.521774824569036,119.88089143100729,24.21213703886495,15.68522918963704,3.050196997952147,5.609146281625773,205.1575593099524,201.13950615251895,137.7537058377094,High
8496.531108385963,7.770069544389434,77.51947775536198,50.13430230543892,30.225591166030785,35.609002919861915,5.774632110703177,35.79615772688267,77.23775884553426,72.90785650495357,80.42550723544234,54.67269869707812,259.2322043177692,21.102488594499846,94.92508196347978,14.69352207712408,1.9629196203914174,138.09214774248545,197.97849876594762,190.53949588885712,High
7338.9009129046535,-0.9810689912706321,30.992670119144154,2.6196557227805117,16.037441991277547,41.66091919340389,3.254018854200434,57.52020946004639,30.819548107626243,68.64563581592652,15.177410534318874,76.35454565180763,453.68389057138813,15.379517865626344,50.96801335283312,5.836948143337716,3.4040949684344612,76.95641362040382,85.64841017804142,27.885744541746114,Moderate
27505.87210126961,-1.9168005777280799,43.73700940207331,14.197987888200531,75.55959281606043,37.10456456889304,9.583815464362884,66.90737900680904,40.060064694393446,28.65196784106101,53.0399903394806,56.357080547317565,316.3680898315893,37.86373761794304,18.590783535395396,9.36180981310976,2.044803870696703,48.26953547731114,244.79183588586977,155.93463574754543,High
12904.258811668824,2.335827926326143,13.193802605100098,53.3849394177228,36.47374446697533,49.487997767757214,12.618161157512553,12.268918479882615,13.222836497595765,72.4811663673205,67.40855497661288,56.79826508090127,430.6077695854773,21.95798570209205,48.799037057556184,1.4440071977716469,1.6256900075351761,52.71823506411736,276.13580427657666,48.66652584401153,Moderate
2966.6510031554762,-1.073745169486328,45.92628113079007,0.5499330110289891,50.34838860175434,15.082287098865397,6.7108886827446526,49.599096957152405,84.83079108208197,93.9163927859944,71.80833403742184,73.58440329906557,99.77164141544566,4.592796858374637,78.32111553790514,5.366550137918843,1.083715399054304,218.7296436772627,101.62212069472662,82.22586333712978,High
33949.489424787585,5.483843496762313,56.209046450970696,12.083946167633243,65.44021882911372,43.99949576117223,8.932772971366845,14.90307918960122,86.46500678599719,32.88879241486665,15.263133725432024,40.35110466264392,452.41932441784485,13.823520099971535,82.69203657235236,12.094603173203486,2.0581223379089866,44.04085247314134,14.94897080415971,176.02637309001747,Critical
31048.720088756472,7.14548663848559,55.67256430017159,57.54145055837796,32.70195647129064,38.79788792837534,6.620026920908127,25.84446019578944,66.94392789695735,67.764961675431,47.674325564557144,80.1511833313582,308.8578389154156,11.83070549526614,86.39692566492423,7.314964831712898,3.7694297963662526,105.40310716594358,270.75471412806644,113.70184496234448,High
32543.577628637242,2.340209727087588,36.594135373949214,36.80411079133027,60.13151767243278,19.384580362791013,19.807993073946378,57.64324239662771,41.72750661374662,47.34922975493553,62.545353445209216,32.249082472458674,35.24469859543031,40.16159204688519,56.957090308741854,13.597671208097136,5.835402958187661,93.55454187792223,277.82913255650806,22.816763110580993,Low
34826.8659699788,0.5871164215544096,35.24265445305084,15.700281998250388,19.479319487247963,37.237978095534494,18.389292694686997,83.62605779757436,16.91299248759285,56.76893374188832,15.944098357540623,51.660048422879015,323.8970985368177,29.839838327476993,86.69460143678803,8.754535083446866,3.4369338341294666,218.38208168365801,24.774467719779725,106.52922452598028,Critical
6912.438473462568,2.3440331900660976,18.52988951492783,4.019465663750856,30.39056230438537,6.995645908075854,16.603884862502582,85.03848273102122,77.77518489234185,42.96001432631759,22.15851009357788,72.48064867767343,476.6705390052406,26.09617943292923,51.003020880325465,13.950011272317493,3.28971258337423,127.25797266315853,11.437411639171557,160.0319613118706,Critical
14472.228642690397,5.2344781785000105,39.34386565170147,1.6914804268333294,20.129744529556394,39.88800715234651,10.90601071282171,15.945240861783658,75.38735742489305,48.33045090781562,69.72840905536347,86.26952057841581,58.0001602281738,23.785917392184317,60.705990239107734,14.744365633084575,0.40452550500985185,249.16490807681234,246.75738706789525,110.48731167546273,High
26780.108173939105,-1.9094583841962902,17.95957350983717,14.684704778215636,66.78613908809504,27.551868924180926,22.90794165022743,45.62393233437006,92.1342269565011,22.312945861324582,56.947437693158655,83.32248569320441,299.57894262539463,29.954860184283017,75.87198022716453,6.972250024918656,5.072574290872618,188.207865381239,97.42437280010091,41.70895540601993,Critical
24664.701013828937,3.8945398948469716,71.32767557696413,52.88914917533463,25.585446465874973,16.029928290044154,24.29924845530546,59.55555105538686,75.7478818904826,98.52413903337765,24.564579514146146,77.73484794461582,459.42972937746305,34.45964851141636,42.54352927105085,8.607801616893779,0.4600799749859248,214.96704022000714,275.22882851583665,94.55780426093105,Low
6232.460815555072,4.132916848873791,87.30194381985487,24.95481925785057,60.21824887836472,33.47731048564064,5.993704190384475,22.500941886779188,84.58254480196017,69.98399376581986,58.17154032232601,48.72771068291129,24.65368080049979,25.838542350754924,7.358148713877477,12.573333455793666,5.45614718980018,38.187982516268605,72.85563624816852,185.62561992753336,Low
28738.326249681006,4.376882468959355,87.60595653333655,43.22000214995958,76.03088780719568,32.797759938291634,7.129290752473195,75.0617384233056,77.13591561135996,60.056447239510824,92.14231360999742,29.784345303497908,322.8382047035951,42.346272851562254,35.01663568576976,3.556535181376451,3.324296007068964,74.47902998725056,259.73483867671024,135.05875811788147,Moderate
8630.979442446464,0.42022079980877214,79.2056879500315,55.097102122797466,46.94405463482139,12.055338690540786,14.089513644008502,73.2599969671653,66.76184694810848,50.69722796002614,11.402882629782754,37.34673741543925,247.95310007886206,44.003869337966535,62.394421679596036,12.965954734582311,1.1771063103574055,46.829855959379636,29.906838220260635,148.67843623663197,Critical
8609.798903969186,5.140527233781268,58.06337194716953,24.482427696168997,47.802043458248136,3.4590759109532545,4.098763093491641,86.78398616507755,48.42697547719083,63.14996470592221,67.83703961372692,89.1867051661188,186.5548729513331,44.79971961417939,19.233236963947686,9.001226063545863,2.8199028736374605,123.95116351413152,85.58468572105235,159.32793641539556,High
19257.130378376063,-1.086085136682236,66.0692557795104,11.476642262243823,42.272349766846844,22.813884171280346,12.038313172931595,10.721311027092657,91.190557777805,50.408479897264314,16.628539114480773,88.58650961061275,321.2175151737805,30.783817733811723,14.838536349964004,10.964851990152523,5.970909987962551,183.7975597180488,292.2073749522359,27.231750596733615,High
21159.957784617905,-0.007296635331991874,32.816464214433125,31.02707585141517,32.812310037554994,29.33656972853222,15.381199089887334,28.418160739065225,68.58717147167229,48.79263419949386,10.580449866823077,96.12486820312127,45.29700540196012,42.10268007050277,29.30805445914376,1.4738541331526447,1.9694805418557395,54.72993852770504,77.04702975607188,120.49194626129312,Moderate
20722.93106648558,6.77470046654482,60.46163361380965,54.48502122359127,43.2958521647442,44.07705336178873,14.007692136158662,80.31087071085236,45.85197897693182,57.11572333776105,23.558903979457043,26.07909215164333,381.4702622179521,19.392626898242053,3.2111462277821357,11.562958946765033,1.7628666575817562,45.58960797388862,48.57376538176193,81.42388670520853,Critical
4110.552471523666,5.387231507265664,46.451963955190195,48.262464848262034,52.19652725867316,46.55440619108453,9.6108974107946,66.99930432028951,17.51223656637615,42.078642693695265,48.06159686685274,62.944726822196486,22.15014892145966,38.96247282363757,74.34228980869197,4.868567497232778,0.8844341912465343,159.4330559634035,258.54584921716867,36.440241097698454,Moderate
30833.66932943293,-1.8625444598865475,48.561387182154604,3.949790601789227,79.01941005194615,27.382650471524787,14.476253539775756,86.02313756437172,36.163437031394395,34.403991997342835,82.21095990837577,71.89464359233868,167.32915702032906,41.09449484580628,25.871560218833878,12.136914469692677,3.6634256229868654,69.12349713440463,44.16222961082893,48.51481607776453,Critical
10030.401448016006,0.4837626036980023,70.62212483001264,41.55436800465491,75.6435191522757,38.18256722089016,24.0524219479535,14.860270635072654,58.93540613471483,64.52847185442349,35.36069469441028,76.85259016534853,261.90014608864567,40.87804031028785,12.423839663659953,7.784542313049791,0.7175165942809849,127.64139186212913,38.262271488056015,158.42049000769953,Moderate
5403.507323615342,0.14406482993164538,32.55346844778013,34.31385134753722,70.35070708051853,23.086557071743854,6.738400298701649,60.74193708589764,34.80718330145751,87.42123489202409,66.31058911498828,71.50905880083442,200.97068027194481,37.72639016506041,69.91294159634353,4.3368307217898066,4.642846770063647,27.012666016013664,103.79328891496537,40.68293000505683,High
31217.434715545223,0.7080632803697258,35.44316893556159,54.44779058078553,72.23913749934007,37.81194351549887,17.061121243062082,58.368958865962306,29.91118131261119,32.22625421807138,47.0040974159776,81.60091119218256,167.5884488986796,19.483763950573767,84.2928012543288,14.305567546218315,5.531496383117236,174.94401083585424,194.24526691311826,69.35953537212667,Critical
33492.15093981162,0.47559770279886404,83.97134329029093,7.348885011017834,42.74944283044301,11.830473197080012,2.9981239655891927,13.032325390645251,57.46541626790625,22.618747248337492,31.089861276940717,48.75772610314733,418.8008698246861,8.833021725171577,1.987559586177845,11.546417246359038,5.604852445049897,142.20934968588261,216.11644839582175,64.12593426998548,High
30312.33898702532,-1.3747370425715426,14.49794358807778,32.042166792279396,56.021102902422534,19.811107270569508,3.5275773030730035,53.649376537561096,25.283831130616115,39.744939612322895,56.28224028545728,34.35462177083857,468.7196356505163,16.360123322811173,23.359977074122483,14.78958528594261,0.825914266689139,167.14438125527872,265.5592473099448,19.23976914376785,High
28523.546540645853,2.589405165968204,48.85074387306723,52.76776161071354,72.65467060553499,32.44294394305351,14.692049157142456,61.80922646134356,82.03690569925931,98.37765147630486,81.7718041335361,36.36666977203508,439.38208875482655,34.993408479818,94.52323248695834,5.657707506659396,3.437923064647219,79.72049931404032,166.86434252814075,97.81010535547813,Moderate
23278.22734172674,5.327334747861651,83.02406403262894,24.60142720450458,37.50655354939471,2.871582349139784,4.413601147542838,26.259919807179113,53.59313362083922,86.30064589946714,84.92431330505298,20.958295157613147,270.76703026399986,12.014076987188936,38.52541359327753,9.84352861306209,0.7632371584325663,80.47169920995981,124.09115816068287,155.52667001214965,Low
19729.15060071074,4.067317247174364,58.82904062545256,28.919695063972025,77.32337348418281,36.67814289626979,2.5139761338177187,33.23301456559635,61.647649656638514,67.66928428228772,86.1867578689513,48.02574976849779,444.39880409287184,22.565698787516812,93.85920633819312,9.290353564596783,3.517693620608924,203.31972527632817,114.06179093199489,14.209000222290937,High
3957.5498369879447,4.728716685980798,53.71256593697056,4.227640660017498,39.10502434484281,42.10570406087201,5.944798945904511,64.42952443530766,23.26449408376137,94.33991321945088,40.470203129948146,27.339524070398184,462.013551287141,26.3121792733409,27.421253837067738,10.407084093711404,4.92688739421557,183.86214355143414,255.60179125846744,31.38477559118026,Moderate
14887.409244403756,-1.1885082146376085,29.979534338348415,16.68861842693465,52.07578657752509,21.15879973250967,14.991530932990212,49.805580545996456,39.21187020664306,55.62232934697957,81.41104582441777,45.71909542321527,216.43443058278177,27.965918184828638,21.8067635571932,0.8632535208075631,3.3191829413590512,151.23623303167443,219.906439749973,146.8354691235379,High
13671.409578418676,7.5149071017678715,37.46203912515586,19.47039895013684,59.686329929066034,23.50123602450389,18.176841953935444,82.93116089330778,46.90807149350376,98.66244820601392,29.096060959801708,70.25680617329982,156.05401256261382,42.23619858028834,21.41084117279959,4.588274060997398,5.25791219141875,162.61371680878892,272.5744139802904,122.78038822785358,Moderate
9831.62864785109,6.384918338430248,78.16387326437544,56.70734692469322,76.54144091531569,42.86154618639349,6.65700697525174,39.10245011078101,82.73915474648527,43.704163609542725,76.45825911185949,91.5582444469456,67.16729879039376,30.444199877815656,8.522866042493826,13.667262334724867,4.849711258126391,37.10038218275977,289.5702821621681,145.89704666924956,Moderate
25596.28386541189,6.050903184956628,54.73745054147665,16.960041632469544,27.123139183658623,39.2314224956496,17.369967055788013,32.6660709629971,79.31435707775373,39.22445996127513,95.3545983645355,87.16843607924132,249.96412210362993,35.810849091323995,89.64322885091256,6.530154806621734,1.8039804296515844,216.20025654604459,97.01474246430416,53.71975142665632,Critical
17859.77499267821,6.2298380504176745,51.17937550054239,27.65212411617912,62.229168476704956,15.831175473602,6.196955615282275,93.71360492931163,30.067972730891324,71.04385609176089,11.236945122186148,40.21393695660615,474.22252181045184,27.020768959340238,97.9835022632901,14.421462082498744,3.8545932407181613,195.92815275774072,163.60549442324344,162.71606882650693,Critical
3755.5713408600295,7.327105081327613,17.966377083202314,40.278265413856786,46.457091030085756,17.55085311495387,16.109520812518916,87.44654046105708,65.4561173446307,50.25231743602883,49.63275380609182,30.72665137584376,289.2356134737781,37.84395371106442,95.45088072716379,3.4384966378811432,0.2429903335615623,153.7655104485102,193.22803413580155,101.17550142095257,Critical
8486.228866293586,3.442539661136977,11.28225251640985,9.731002344472643,28.798999843444875,34.58615515474864,11.475072637603374,12.464383324913289,31.911072199479783,70.10924335810063,68.29938895726042,35.44578190373851,340.4298088573624,13.337535361999802,85.2028139827274,14.962132410172014,2.4970431123642136,230.8698558087132,57.51619456517269,125.95737509398285,High
24230.797964426263,0.0028201786762589443,87.09481509496393,29.18654322851247,64.36247878574734,29.03350843751174,17.037388714673185,75.5119323010581,98.94224401212207,44.39964146421487,73.15981934387978,97.67893215228855,74.18423287608684,11.024739881757936,84.68879076509752,10.554439361705125,1.580168973148912,54.62990830935895,25.470639838245575,27.509149268158886,Critical
3588.4492226702064,4.167836078525411,40.15889338294733,44.312342368554454,48.655559612169256,9.787019412631853,24.886213307022686,19.37845577514225,95.69114903177835,69.43346054703929,25.847898244228197,63.957958374839265,88.889438788283,41.8317620965927,66.10854671689876,11.712983333777371,5.63527480647222,176.36448571802921,261.6515350934409,48.956000838366045,Low
29941.035077658136,5.42881493667939,58.25704496796035,52.011312781623964,56.2681674454773,16.876635642999986,23.569790200348926,12.33624156049653,60.69382484685585,42.05970084680291,97.49649477147335,34.60017784004599,242.94716574064282,31.81967768336727,82.62137119506136,6.133859231377276,2.551256267994328,241.3007177482578,165.30181811905823,156.93799750595855,Critical
17834.98191847513,5.379173933540254,16.377205854982797,37.5755564797456,32.60307480045307,45.1991972901754,2.098480430230383,33.26411885713966,72.90123147047287,24.077765505511195,65.37388311738758,87.25969237494522,476.60710351218836,30.87559981350351,20.834236434304778,13.633019382531126,3.9935736848503876,87.8521066739314,175.52452274441137,52.542603825867914,High
17339.943629106034,3.214490241668801,64.64914285784373,40.14321091901687,43.689176627932355,35.032372962668646,22.365091580333033,32.89439972019387,82.12873439877805,92.97087215385467,24.7906541105441,51.61529954500439,193.17662796393387,22.093695261023345,38.791263038712856,8.318304644091745,4.445493333786922,18.59369380586474,170.9251601741069,27.580667229077147,Moderate
21141.864678423597,-1.3154128066642194,84.60533669647687,7.577008355074137,53.214797569164695,49.326767248904936,3.52928828901963,79.642094799492,74.88985780404136,90.65641614987697,11.847026054126376,91.93777215797819,441.1923398324161,18.19798214962095,64.08362932947479,10.309794189302135,4.684632724352744,187.69385473774628,228.9386044014802,123.46862362789905,Critical
29039.15284145507,1.7111293843012785,56.053220239793575,56.74658983478083,38.34375699888908,38.81660143907693,23.920071481676434,70.40671590514098,72.98458219741788,97.66385194181376,80.49377789107983,40.85417014675892,77.73852484434153,25.894721362581468,87.47713325615963,1.6936815886434042,4.467496113701667,16.64037624718986,52.195563957792544,114.10793807072923,Moderate
12825.513068674563,7.207666084633573,20.089225790032845,7.954444649068941,23.88607778933909,47.21477274289233,8.481990619292748,93.43680132322122,96.26986071545753,77.32217409771238,17.173426550091317,51.45774070433889,316.16825932818085,7.184353025131686,66.04694623687837,9.585706303125534,1.8771573537288615,220.04540755780926,188.07404782374448,125.49984650682566,Critical
24052.54918700816,3.84448909757426,56.53772219787814,46.4803762309079,77.31483446207127,12.37705154578282,10.786801099459232,70.47859652650456,63.6810495676555,74.61769421882423,22.694582896321286,60.395821023206764,308.2942289170487,21.552640126573635,83.90219583342059,13.222461127453702,4.179192641029488,28.230794244338913,146.14905835751273,127.47804430898735,Moderate
20234.886775856896,3.3833194325571343,71.30777704837219,15.88897930669913,45.80272780298322,39.03127399121244,4.107678719041741,45.551722026764075,67.26724046371501,64.72024560598646,61.73470241701216,91.40922672712253,432.73988003372887,21.580811292015678,47.39495158492974,2.9207634547750243,3.3842549971212432,168.39971151989113,270.11786625724005,105.0374957142557,Moderate
10078.961185760325,0.6885351438219351,42.51332292592149,56.01558862207509,61.37442592013904,2.9704409670942766,4.5822734415649204,69.40885118034343,86.43418753943631,30.075393308201814,64.31549531046578,89.50059452840446,21.592018114352722,25.148470056603404,71.73037377050443,11.144571239132237,3.664761455825609,103.63827393944034,160.69007198993435,103.8170449080446,High
30873.419536075373,1.6844891991657889,80.38701983531743,43.19757236216877,38.77330354892407,34.19648104215363,18.715033000274353,94.95402071084418,70.29017810725661,35.1388248759416,71.81984067331587,65.94840562431023,111.16720025483463,29.291481417789697,97.99808063750866,0.6733911572214218,0.20472478039077827,62.78505362343221,283.45114248150804,185.59145740499787,Critical
28112.484734635556,6.953460891531693,61.89463626858916,45.22882277870214,34.85922348180014,24.525549349771588,23.719641422210707,70.36206001781488,75.96393598157702,43.1575750938029,45.41626113972587,37.74204078247125,125.45006020615122,43.16468973737057,15.348855712975773,13.915184343469027,1.6978940855265678,226.09072396564983,112.44336831217292,111.43752772715065,Moderate
23387.362378386468,4.664630475268357,81.93991346313621,13.143550383592999,38.50150089269875,18.644483452163293,16.04721538394912,74.74291525832706,31.07518175769782,91.21250900587155,79.65088020701407,52.26855773903001,475.9837222835539,30.043272464945545,92.69206923158899,14.748881605658438,5.597965440950802,190.36777520281262,290.39946485309724,127.28703845863316,High
29919.778789204225,5.873870267523328,59.88042489978697,26.58239859810965,38.643765064995485,43.39540891006828,18.464550357116654,89.76102629117204,43.41402317035638,33.83756196824601,97.69227396542998,98.05064522924043,93.77295500954958,40.000181533996695,52.236394784190274,5.506446981931988,1.8824412831732094,95.00353304366612,263.79580494661263,60.72418446836147,High
30488.00283263328,2.5434542306765513,20.503037760385936,37.06879167535718,48.09260811593675,43.004849247561474,19.52530412573453,19.660357211493086,23.257121114070372,93.82985395903125,34.39854487718947,68.62185791019216,37.74192810586898,25.921066043174044,64.3218030730058,1.8739855908154222,2.740490029047927,81.77597682144788,179.43635402325285,175.5077081524163,Moderate
25084.341208311183,4.302472194561579,34.775336888415126,46.198417092396056,48.04289089869542,3.070481835134892,8.04472831471766,69.90666494305678,55.51888981013249,61.822858644113374,73.27257548841513,82.48782040993574,276.54151747606784,28.95789895298206,87.78690069105127,9.981072611998233,1.282709096735298,187.96288912786775,112.57588066251712,14.629937605241004,High
29458.453164364848,0.48383608743207507,26.143595860196555,6.237562554743374,44.800767111801015,31.256245877572688,3.0402815111649435,82.31850642723316,51.01546606122217,77.24557083784578,93.56217871556412,55.98917562891358,273.70806196816716,5.002988983711493,40.96541725523169,0.7385673579679422,1.0038948010414006,211.59412921248764,119.01777366124237,115.87308483657715,High
24714.029696755642,5.054608302834863,82.70611981734899,57.7419189872717,19.435004944220665,19.655946767405908,2.0430731101408774,91.1221810187759,99.74465328515112,28.819558934445322,71.76580863553384,62.56058203734451,425.14254337657485,7.730340084029869,41.869257489005065,7.3925483350686445,1.4102800181044894,183.22485910951522,234.09810507290456,82.93155608764064,Critical
24124.786239850215,2.2760133370333726,70.83200538299862,53.41324023327336,44.72528349503718,21.95172807202156,10.06493350794243,27.932389625494448,65.00877875339881,41.52268390207287,71.29985487798336,54.31632897860353,475.452632085345,26.9258287134942,52.71818363471004,4.295153874526932,3.4111545074284435,165.39746788339923,178.3830918390229,124.74179715649062,High
22032.786859316268,2.4254551481474556,64.11186951280048,16.22091542973506,21.837273029445605,41.937955482501245,7.55367724858197,52.83396565656076,80.7800340874981,96.68148865451411,30.139531217668594,76.23367984495744,278.50181222726286,19.015653408195256,1.910208449685058,7.25808409310729,5.530366178062628,68.56231041933248,126.46039978610307,78.43268945656223,Moderate
26592.365744959803,4.493223245768816,34.07730557052973,49.365614581939916,18.82950504070356,16.872309033328555,3.4333076761312697,67.84716204978096,40.06132036818888,41.29199575437851,58.16171802877236,88.11768111095019,466.39720756143464,36.348852354216575,49.66661809433508,0.5686500666538477,2.0919552433979036,215.40893606997096,194.45593880952765,146.3607032263529,High
6392.573579964505,7.362806214689266,24.723581764017084,31.099435382389405,75.28520021388174,47.266342910605765,6.129150727354335,31.03475700761368,84.83907982085168,43.72173763129169,60.62705592441221,60.58908345796509,368.07639262391825,25.356648619589567,29.10872649942303,1.0586990911393852,2.075766122806232,191.1705661127181,222.63768539127386,13.862974164951854,High
30949.605812763566,-1.3599365339137908,70.51608703911295,27.708388893721118,52.346500920339295,10.622423665862756,4.863474660162799,61.040193376273294,65.3576469838915,35.80779078728636,73.01166062103576,58.46939669089806,146.9883814378808,39.93851467490753,92.79541823917813,0.5348446839977203,3.472015403943836,136.5594580951074,16.64114864195512,87.11899336613716,High
30642.679943337887,6.247432373470076,47.93263567032638,18.866046348684325,56.1643040687209,33.81067632167253,23.04220275419952,31.89419651232995,72.72930984385945,30.325893224546363,99.71393049065644,47.22291736787176,465.6419412530846,43.81026217387853,8.773529875303133,9.401238489692576,2.2691077626201848,135.22312413269347,36.06021232407793,167.9400839510586,High
1994.407623175011,0.9238311041219314,28.063164172050328,34.85811519789555,38.125556923335466,34.26104321666071,5.226145909560885,38.34384674519002,36.498770015450894,38.66061131631984,13.027944028938588,34.1677355435267,340.3727245672999,8.348312960223854,45.93204620198018,8.533365889825566,5.48041307830713,148.75566153472639,37.400777718052964,57.538136378092815,High
29077.76951920193,2.4391945450637778,59.32975825322201,43.793347062215865,73.62866243404049,14.105367748540074,14.365914671716622,47.52908920342353,59.37745525260194,71.38615135606386,15.870939514073815,95.13981783000871,218.76604771646421,18.977593321191943,94.7468170377361,3.7274225784880852,2.3915186473251193,209.64495263198575,77.26080352636707,20.022666892261178,High
5381.5754940971365,-1.7808667122499104,13.226708171076158,24.655974297765496,54.65513427057658,17.588029230425697,15.641436967579786,54.981158393458195,67.06332760722478,56.42941868028508,17.01550624878269,45.2863774943604,346.51620056812675,30.594184085235327,90.10352503184775,9.805653994889113,3.0445650646129088,189.43099397682602,133.82722737592104,104.33957416738203,Critical
12394.041044810825,1.0104607783431305,36.09362033026028,37.75315158049752,63.84189086665112,42.07032764383714,14.500257527298576,48.19609908813781,63.018520823492295,64.30046690703189,76.86812210400612,84.05531708594283,212.63015731700042,15.136016482215037,70.13484423745501,13.297846676356134,3.293657847028383,216.21757357728256,243.0584707948408,195.5413575000901,High
26279.280713914664,3.0263124263013044,47.48455956729077,41.958775269318224,35.79937283193997,38.566652237837715,4.278297986967724,51.92161918197398,92.36743402821098,29.789186301281944,22.271841559968177,77.22776170299794,74.80820863422045,13.482390522024291,58.93610519960747,4.37663488508387,4.735993211756733,134.21145133979974,111.81872014987165,22.190126691675964,Moderate
6465.836465642479,-1.4382392265256099,21.83666672875247,42.66730902091715,77.20083165733878,17.79660225510846,9.332362320262678,35.380044284504876,90.84453980432981,84.16931577303201,66.02066870413107,83.27340802225032,365.1097986449119,36.99075810703997,28.073093713284013,12.530308975821116,3.470654448606325,161.79252886929044,15.068558630375382,23.31073362246073,Moderate
28810.878820048114,2.9109572938316512,88.77235820726716,3.117965887870815,67.43229031108206,27.629914252876826,3.1792176466525253,23.5120329919236,97.38856520891835,82.72757604638784,39.220199010411264,94.94145066976819,415.56205384195704,44.15627416952594,36.69571127524548,10.038884299232068,1.5870995808544797,215.8243746205552,150.1749373560014,123.07214733986886,Low
29292.562050563225,7.2711062885842725,26.727789167169142,51.58486834110401,69.77639241101805,4.960654220148582,11.100408024215268,14.024748072781351,70.06852054062904,21.72719289141403,51.158796058963986,69.86966081767179,369.8269755293061,35.2735432436417,9.013486475412725,0.7971605146428524,0.9191257984329304,69.59521414152812,299.0222926731403,57.512865446844536,High
18253.90294786843,-0.9460678189219478,20.42825040346124,27.495198885902877,22.0535987198028,12.019802355134203,6.337775419246616,26.658191411791755,97.47227171131162,50.6812075608244,29.409684383567253,91.83602747056356,129.97504052320474,24.51809478057688,78.61082977582376,5.814703468692686,5.639092370795991,119.34485986021264,111.21608873992653,87.94393439107282,High
1217.1196383723418,5.644407280755043,26.282789910951713,15.744964901772867,28.967424550985367,25.319386825299155,14.917548265540734,59.46520952799156,84.9230200028718,25.501648157691825,87.9495905174088,33.415785832983495,479.1848064692542,21.027982973648534,32.38697679038117,7.764031073127551,4.849065368906823,160.85327569015595,288.7638104425213,167.79635906988426,High
10759.296527947034,2.0967105337599268,71.52489065277794,14.505870448780895,29.993861977850393,6.1267392934021565,17.934593058529313,76.81981306326625,34.374892630596335,83.36846235319665,62.75352917467237,70.137006076543,32.12218961175484,25.204851982805693,66.77818990302073,11.055978092334405,0.3331982196757113,230.05937047915384,39.39008802956256,47.78124999467813,High
21975.515224775234,4.55173714524338,44.04045274174742,28.98084677063703,28.963645627280982,42.479953034813,14.238756784708249,24.386045782646036,48.46921025961674,78.98157465005636,95.01069372240273,81.78204903316902,179.68894274030748,21.90210719407264,35.759477719861344,4.520819206325228,4.964868109076576,18.72146259583937,60.19890079253839,146.66698802647227,Moderate
34360.3300529324,0.6023659798522933,55.23327518020304,53.20989236813755,69.87857134730015,36.4642980851671,11.987444022062101,19.22720541067512,31.45531979701088,92.15904754345249,61.71366247338966,41.73129045953392,144.84436857674984,23.624186441783728,46.43304413962627,14.746132541411605,3.625467204647659,64.95469217070847,219.9954003422554,105.8522475208357,Low
22481.659918566726,-0.4050773745864171,11.68073255890886,22.700854900958817,12.231935664601448,47.29441619112775,10.908668679703926,73.68968064668627,10.377744474750868,38.912316716249165,21.1517227537252,79.2603041033572,43.10058925512847,10.74848117275679,55.5002472376395,10.362734185424761,3.2095865632026714,70.09586932390324,155.35161020150483,181.94196155871163,Moderate
9833.321756181433,-0.39537385728773566,12.754504685865165,44.9835448070126,15.326999228654202,35.2864114862733,21.358910666231086,35.938458095669624,26.924387783221775,56.50367065022391,25.378339045462788,82.27814632929895,214.75025263456087,40.86090382030109,80.18524083906036,5.780361054316099,0.2709292383366417,91.75397986152164,231.88532300510695,194.86278005577714,High
22556.193905386786,-1.2950805435685535,45.66604398616129,5.809123859233116,29.17404094409326,47.13926586858491,7.045465496501212,90.87745233432496,10.36545276581881,34.75903017315182,99.01665787310625,86.49503648131558,319.0951232781318,34.44500506550053,21.11563775406804,1.7262680744335466,4.729011527029608,81.21985579885954,260.43192005837807,102.14254927414521,Critical
19359.502910339084,-0.1435329509875698,75.33241945612988,28.563402129063707,23.991108225461055,28.61660267316632,18.887021809163983,70.71702750188172,74.78546152154411,49.69879475792956,75.3008677597781,45.03063300767462,443.62537447284865,31.28202917580846,39.87653868298564,2.9661060759809055,1.3487770825992507,153.68261460712608,82.81461405770003,121.0829412319387,High
27514.743435138884,4.642193849889683,80.81911029660522,59.50116842356414,26.230172971799387,30.81049333097453,19.422093469022737,37.77426401565762,48.29808679490796,61.779460125350724,14.43508750261807,74.52852721346474,495.0510637719056,42.84677375190235,13.008157189181757,7.467834072810802,4.4222910365256585,223.12076209986517,208.02045942752514,151.71008274013514,Moderate
4637.341720116586,6.81690611843508,16.936525407651217,46.22626816754022,65.856023247731,48.894610622060526,11.641600167226892,34.611133562464914,38.13172543700725,24.26646318708712,73.34029045311982,44.340262672780966,407.8830014741111,14.228956272252034,7.57605049212593,7.57202171788799,0.29203583472174016,164.6897926520115,186.20435862378926,70.54808695568096,High
26874.948685068954,6.141256855911617,53.06904816808182,12.63170930643678,49.418861572443284,32.822199049484496,8.837913782189705,54.51436283306127,78.55488019856692,77.18963285419082,47.095574212865046,79.12323099987643,244.9666489821559,5.489854668425412,60.467435616879186,11.585465842873896,4.81885116806388,71.7587413542744,259.845158465718,53.080666599416894,High
19403.06367498775,4.851343098744841,83.05837490234164,30.08648842187464,10.40394629050776,3.4777553053158368,12.82245417905743,16.727296803647803,84.92380971576806,63.46346882968602,37.64875481408715,57.03789321165698,367.37812446417473,37.52396239527926,18.909104435890267,10.974796395912112,0.33362891645923526,217.98191976646987,134.730131176866,193.290182764171,Moderate
33741.72813120582,-0.8956813658889733,41.03782035183091,14.017485818913993,40.05259359929367,36.742533278265114,4.143920295532066,20.002503574850415,97.77695847848919,86.31672137685386,23.865471435748084,67.8035499621776,424.93941852302754,44.93192943691796,5.979934192609882,3.2587136662119143,1.5681788436206106,163.53076044966562,25.042424906091398,92.19692433171984,Low
12623.653645315328,0.8918744629594983,76.36526651426949,24.573655635750555,38.551944879525124,45.46249722259595,3.0563907412690696,24.94791991187636,67.7812226207717,41.74244009529578,85.59135591009091,53.26719851444551,243.34745428096704,26.872594834868575,89.70979312064054,9.045862322206496,1.7560136325737379,66.45609937215687,176.51397690902846,10.302257037997002,Critical
22509.144366554236,1.0980687532246898,20.695652351954898,46.80504142409789,17.976168861118047,40.187851990127676,4.566873587393511,75.85150543088761,51.537606268604655,92.26568842154036,15.745724109019061,32.95863415438595,396.82612833223993,4.52880368024532,53.43144197853958,0.6031404709204584,1.1135501010201732,99.99163623412825,288.07471254435274,169.16647671976585,High
32688.955587340595,0.49956946397621227,84.8315591734239,46.27348891742422,57.329925202102,30.023997086020287,6.304335723631202,53.67787553787541,37.47378714466923,99.89554024243547,36.08519161416763,34.24236236842909,251.67316079018084,35.56012572666247,13.462820740298465,6.1586467709497,2.9901375379331405,200.6417295838489,14.24304205651479,123.93619064530628,Moderate
4485.330751683095,3.1500565970972314,70.11386540250422,13.686022674143107,59.14680318656438,34.22256862848879,13.59606686777499,10.89820543582765,30.008638829280365,93.54387507021396,37.574460444313395,26.205512580970762,205.5180756208269,5.171209100371186,5.342612744754971,11.532347036402605,1.8453901657769114,188.64882764947185,79.67481664251183,42.026126916857784,Moderate
32865.76856603934,3.3555381487967253,85.30675142295213,55.33339908929161,60.46252533364684,49.52920588408024,21.530142631705807,67.24890483512927,29.16333554343411,82.23139806665233,24.481475556715033,69.44581437773294,272.52360213620534,25.220601409149094,11.986005341365614,6.172776321321347,5.961070259218089,150.496856833826,101.6596590895948,15.726541703645008,Moderate
24388.114558227655,1.568859751711102,64.12937868420052,35.55409096588961,60.992966189101445,6.3517802484482395,7.419773635992801,46.01366518614225,46.82704372478189,84.98950422990247,55.736639495818324,87.89107183624475,344.41027406102955,13.933896391052665,47.13372403206141,12.583264725080936,3.563819001519546,49.02036314403203,232.0932774883829,65.38166189792891,Low
3306.4600095758447,1.53789158736436,39.07231455995416,22.79545745772087,10.003697885260776,34.0277517743955,23.508726247175897,53.422451021922825,99.26077197591368,65.89953940356692,11.053236412980336,21.666946100966477,368.90338703292673,41.346151565473,66.84652551688977,14.64948276484164,3.485571385314595,203.77298486890848,103.75030751576693,186.29854813999629,High
11232.761276191752,6.285555979060813,85.0544938019778,30.11613484685164,76.77445626927056,15.603089339388504,23.96288190550508,28.199880690099523,10.076832769366295,35.212309033008836,37.087796386936816,25.29916016706828,191.23340906821176,21.407242170157854,64.12800749860456,9.226025259680677,1.4810438546174403,87.27249420989581,79.33432032693104,187.36332230676635,Critical
25077.851013939573,5.892928483196856,32.045342104734274,36.30427520626462,66.99461369382641,32.724339036136165,24.054805911439722,56.90148941349881,27.74853075079007,74.16325481181738,94.02664996297577,56.597359384232824,294.2337207468967,40.63392398457779,14.44230862644985,2.431559922223822,2.570398744546486,196.32551566480316,198.08182419544192,69.09066239740244,Moderate
3289.9204499382377,1.0779583168074565,36.5738017649386,33.59343191074713,73.27871876124996,31.16593164242906,21.26394289755545,93.22802537887654,26.955368416321644,77.02024016479453,37.94766124078051,79.01765889345515,456.7380195586146,14.860486665946405,63.34889518377088,5.881254956209537,0.9190723672880001,167.1780959541308,23.457533798689884,168.82688863593617,High
20793.79564599329,7.137884438732593,66.06467344013922,29.184302132170693,11.095030671520389,9.36592794119178,10.367975938347573,16.242798735489725,74.54075369790631,98.83081122143246,42.441344839607645,32.6166115769561,488.63019205310707,18.656591104318103,40.48656242175994,0.4394053195051149,4.62266966305224,77.08001618622677,59.47308938803662,93.95061141884818,Low
12760.023936400528,7.528150170025061,71.22530396203089,30.29596824536401,75.37011570500175,11.92383899553148,3.6717299530603302,34.132978971476604,41.723625483825565,63.304105300505746,52.58485434106644,41.732105563935505,129.07908376829818,42.726125094624464,46.474378429946505,9.160071080459064,2.120723627690166,64.90676861117433,128.32876631413868,134.32550233595293,Low
22111.12760409422,1.267425420300408,84.3522787079323,10.58471462567317,66.68519700816734,31.838219746074248,15.082830830629382,30.65479539317053,51.153472413263856,41.70952120200451,60.552403736632726,38.560496102544576,112.5589595424039,10.65652139006032,80.14304062453171,12.377056964314834,4.56140183368062,45.76383196556391,113.12398907860901,73.5443364155071,Critical
2555.229149625437,1.5442494879305486,26.38419272449676,48.76397425828076,68.60534000710891,8.155037470581158,14.849673210556375,31.126691413850264,23.376171742291447,74.69380173916053,82.78377803386697,51.92409749369233,344.80910404575127,26.87554952099924,33.24993726796384,9.560119160168732,2.3558367995909575,71.8573655982072,110.67808756317532,108.03479329148715,Moderate
30632.251409180793,3.0563415342195883,73.83984281753791,32.50561919646092,16.530116930537794,14.728682006255497,21.5494426435207,42.19004039305707,46.4497334989253,98.35006557331637,27.128910084041586,37.99989416140569,219.04826519525304,18.705944128084788,14.699904716335377,11.855467568996712,5.934791992666105,52.0898202755479,41.48095380470191,65.81809484456204,Moderate
34098.624952031496,7.411208125336735,69.08368427175708,7.864791702282186,61.71446202430184,42.091786291424114,24.90779417176042,79.53933170325423,19.287983071525247,34.17711266152752,88.45717394733015,48.207894283580245,31.626722440705777,35.289176057955274,87.34531335663405,12.058587730955534,1.1925054090768064,160.00704323012155,114.64360564044101,21.611728847727917,Critical
33941.84707971351,6.763194331423115,15.10356450028783,45.96942609496668,77.19416827494636,17.700392288078653,13.687618050883394,87.59298864697293,57.973895909972484,46.079833482848215,78.17944214295004,78.28340789295552,186.49369791069637,7.559743960368368,21.2130575866338,12.809884870396717,0.20883858452332152,155.7140329596546,241.4179038775068,36.48185537639238,Critical
26488.16227925944,-0.974320374164102,40.97785129681655,55.94663870264105,57.498313899271245,25.42688750094382,9.939692713915038,27.18828243401273,18.814452884457033,63.35047630181449,75.03853011953997,68.88073987633513,407.237476866681,20.800243667200746,29.40298705546427,4.219957610064047,3.6499881399946372,152.75043413120736,130.01481852124462,65.22815394991508,Moderate
5422.932164441487,1.9273074327141622,32.62123656480789,56.83841395421773,49.939298323722454,47.17473608700033,6.275739365794141,56.15074472558958,81.14575430558406,33.61717079056039,17.812411634317172,26.494536431335433,402.76492658392766,32.05410295434632,70.65900589026224,13.107647285460201,5.7271285605094615,165.84410516783703,179.98964359654863,195.4882189554647,Critical
26780.948661586768,3.533711897497718,34.359233948322434,22.141063944670364,76.19407744242979,12.903156264173422,2.110395970799527,64.13641263406583,60.99415457864406,21.777651161595067,11.947662097712621,71.01965329965742,257.44887143195933,19.50169810526487,68.35503170576072,9.915181777413316,3.95291351845468,206.4743654816731,57.43802870202208,193.47770854749842,Critical
1835.9551595992514,3.0313247255154003,88.63575036437607,8.131012413645243,41.00559852141052,20.7020488331845,13.709614927244221,54.35533532092682,75.15710863961652,46.95864979530005,63.46114308172756,58.16617372473708,246.83740874601693,4.516864788841198,80.04000212838287,4.5589656819389575,0.6971964319394496,229.6848872142038,30.216295405887067,167.2560350720609,Critical
1752.2007519859067,-0.061369320631073254,61.42219307839423,31.10397759798391,51.95054964173351,31.10997322609019,14.776929334159702,46.89649350673816,47.66647479874155,89.22966412008465,87.6820566270845,94.7652459765711,298.1635723685012,32.31982723741979,18.386664144794107,14.813232310445038,3.3347862183041075,69.1382514069141,265.1872521601526,54.17614970825651,Moderate
12002.747451084402,6.588167711681546,67.41409262347997,6.756553760953241,43.34368054460563,38.25626861619067,20.97358503580014,26.317917998035217,44.33421639180046,23.477471945897186,62.59973177265723,43.14434536832426,125.31042107051648,23.63752809045427,35.22798933142033,14.267681187855535,5.4750242295988185,153.12700518969754,106.09805288232806,93.90440670294629,Moderate
17613.868473758637,4.769407829968373,88.12941098520074,56.03924511075704,75.29923549522094,45.27936256220985,13.605270261534415,51.498645531935274,18.838800014397727,54.3143247213534,29.191137890097774,78.0933135759328,272.5009399476586,2.4862735272443235,12.588323895626107,8.74428245313407,0.23773519370407387,33.40901199310879,111.59779758975849,93.55873931323381,Critical
27193.85220546497,6.3790837485180365,40.17614259661109,11.01477764130876,15.32593087358551,45.942703403528725,23.0787720193193,44.10326035546296,57.14700463385404,80.9760618340866,18.146790815429192,78.4688658435656,25.302252827191225,28.34420349482004,54.10391471686042,12.695163162473584,1.168090834459233,43.233473013564854,264.52947634886897,83.52491651545493,Low
24232.04280462118,6.587642793494721,74.14721347622448,15.165951597069844,45.07837905777437,39.2787235698859,16.445919961143016,77.62288581269293,56.30519483713828,96.25460775287083,72.96368075359615,37.72006248073499,248.26858629590419,41.55488396873782,29.25705925387012,4.143968984182114,4.924457025395175,168.76973854592677,215.25369118353575,18.527257967051668,High
16160.692016809444,5.483558536657398,44.76247706435963,24.398191613098227,58.086670896980685,12.959880156478901,21.327733479084912,74.9063705288546,52.129184000464484,98.83803192035458,74.95932495860286,92.2578899976749,181.30450220028445,6.7741157731026265,68.89356410085628,6.415743850180083,5.3846612181494,129.34643199725593,229.31618618640775,111.56020110262037,High
10303.30665357664,2.392106012497173,79.56269374519837,22.989868113547548,65.43345768955658,3.1908478420431585,5.4109399005781835,21.38988790248201,76.64665282142043,53.757550448699334,25.527853061839778,59.294656034368245,343.93741083375664,27.398863105394266,0.03443679845410719,3.004384882934355,4.301531601035971,193.20804040609192,207.78101040862217,23.834278503723567,High
34902.23300536218,4.105467550154246,24.452603304904255,47.67977354387334,50.81130532108954,20.421148657069942,21.672730996953238,17.524119467860743,84.92539600291191,96.0307435503294,12.537128394688265,74.31066935114418,326.40972039326124,33.3327619157931,5.968299845957925,7.945508846649945,5.951048949110961,115.03420803278426,40.679750989545546,162.3645493364093,Moderate
15490.16427602308,-0.3963459388025685,85.81489416514236,27.37900923305774,73.62424208850177,8.79434484741552,17.528308652208512,87.19308517433775,77.57107074536573,22.8335178624691,46.74551619008773,31.66844471068036,202.80122248774833,5.043267816033135,43.25603005193434,7.591221022053479,0.7232523916021021,44.98562560574045,287.81878810630604,141.34835714050848,Critical
16347.158827208967,4.736454174749077,27.501736672870372,10.246095600200213,75.93940128187101,36.09860707703831,5.915359746081602,55.51821306198231,22.947916852615947,79.67335503988451,62.44468319197199,40.624313359357544,23.491031109723952,2.9724647010600114,95.81841559755685,3.4283544216350252,3.36492379185205,219.932608650244,273.649523267099,77.02003126227159,Moderate
6563.209920516752,-0.20746744260719252,36.097640558474524,16.032593729164446,14.502345623550847,33.734268167634404,6.36456183735825,82.9130796690202,65.98535583538973,71.41968277068904,73.54021686104721,66.88856943497782,141.09134210958103,21.96042226573273,89.08513873591829,10.190184897626635,4.172969391356,34.47879071915074,78.50383678112179,132.955912620368,Critical
28023.524657497597,4.939495905101568,70.49537872854245,30.54680311125132,38.16593776789621,4.110638797829832,23.30951423801709,14.942845248144097,17.229079512058004,39.961748606892186,82.89505082376125,45.52218146986796,324.0069680907979,36.021027551077644,99.40090280619832,2.0315173442235643,4.27533937814071,59.40669099581478,243.158315431714,54.27703124622864,High
24585.195676570613,0.2959816075396864,41.500411325232534,8.847235045568095,11.642131520480811,42.156501398285656,2.740953290358576,54.75382740433857,72.51600586964288,60.585480054371914,64.94836845760591,59.975433485677875,54.73920464840218,8.910934634271118,41.68302248640449,1.2068643307247544,4.802210768996259,80.08956350103499,128.72496513422277,60.397512341760155,Low
8506.166834817854,-0.8244869984978003,58.656910141315734,36.69934053876084,33.05916601621101,13.939676781976749,12.638303695801241,55.85125373898009,44.3655186905014,30.36429902083965,19.97925477386365,49.92041594986314,71.66836248006264,37.975402705241684,4.656848627375155,5.958103039337075,5.522231061576423,248.8909426603753,208.29242068070008,69.68536821582694,Low
3800.955550938652,-0.3471550985704257,45.565880085554284,33.94483839306876,47.58077525794215,22.746899623570027,9.209931668484336,83.15967276608275,21.924906063965793,89.72777207612488,71.43235049281733,71.24430373152384,330.57681179220185,30.232821983214635,30.59561420197624,6.324424233435162,2.297520384579265,112.96205774135622,58.024869945837864,161.43220398771265,Moderate
24136.976270540246,-1.9800786478092973,69.38959496718255,42.88213898293546,73.75564513569643,34.06081930187564,17.296781119963846,18.296849849525138,87.5845771278515,48.631846843651836,98.57589786053938,58.97162902246471,382.7683524556603,16.283451374904885,67.57708521739515,5.000186915939346,0.44918767828428785,132.901504662357,166.18073269036205,50.031355900756054,Critical
23253.381285558597,5.187396178535303,28.266500189488866,56.26227692276206,69.25880257257819,22.61210176890816,21.311475914086817,30.437872912452292,65.26075051350436,70.08355763725731,91.50261261376635,20.368794877853453,174.3438598461018,24.180509335175326,13.516380976741527,4.091815572400281,2.3021631039895585,195.87873647885908,46.718726872372756,116.92843322234732,Low
10290.823917939117,5.324010490583791,14.67663897895016,54.73527366606934,18.924980867039,23.181814534397283,10.2886967958011,44.555756680396115,41.92524711527747,32.70210290298098,88.45020183425615,71.97446703563072,255.0430714479497,43.519724128249756,29.997217876000104,5.2800122716400955,4.095365627645962,164.55766255462123,165.48847795385362,48.08875174008215,High
33329.36111651395,3.1493334991325943,33.9943517978453,56.76453708412988,16.5121262318627,5.150143776115538,11.818748008425255,83.59652541069508,12.765446168544958,36.493187570496566,37.19531380225068,53.76972456401454,473.9414551921561,11.306789737190568,5.616616454485868,2.701620937095914,1.4380453065351324,212.73386260621334,80.64224725659172,64.15711076185883,Critical
6135.968320550608,-0.386371989446163,47.94469318947442,14.682935821422056,51.24871371296669,21.269290364480185,24.58410904353253,89.8050817809982,58.35792331032495,99.35650966425216,77.57093588086006,47.335867239217826,473.86090984446537,23.48002210299373,47.496703839023425,6.230751296253296,4.8978431190405205,129.31186276815504,141.21529334295624,54.741445667433354,Moderate
15699.383235448466,-1.1644566248931025,23.441604175414284,7.8939183983612775,47.24825807211479,38.71269887455921,20.030079722621664,94.38159266545837,93.09032906376093,80.24691155530634,86.5993101368631,27.531740182657884,167.60133174244646,28.85292191262769,20.89206776950879,13.597669590706422,1.4746338547924187,243.46175656090716,203.71111648058493,132.55088750392432,High
33082.94128569836,-1.80871033562713,38.383783172511095,18.13660202978691,28.64643490010167,45.928464184956695,22.635695011431203,91.53144634897433,63.674184943212914,96.95774958192567,71.04935841681367,37.629575245319316,408.79418000820334,7.934628035453648,9.124802689900235,3.5990751537699217,0.2583677338050054,202.25090497278237,264.3516286815794,110.07849944659826,High
15270.728775488158,-0.34251823034779294,41.998641463485484,53.705110365978875,72.96171591876846,21.847862579041845,12.091531074987484,10.505049246770126,97.44855441575439,43.66809321696353,32.55055809111825,37.901783326468276,305.09314534729225,3.8714498108023143,41.1215809482479,10.361431233950151,3.14686849049676,109.32086625361731,57.933810894730634,147.04683772205513,High
22709.882220578907,6.908555349831467,14.591347495061884,58.323208477409295,74.91564866230874,22.332119690195785,7.38375269163465,14.055209023579124,22.28060064434127,33.16503012958563,95.84505746874625,94.82955995237832,488.2325568081824,2.5787779760532654,35.122540437415495,2.384232302848238,4.413477114140996,104.59887839213327,269.0480434711325,51.789253093267305,Critical
14518.209530735005,0.4153684170168175,56.66457985473636,51.55949706422856,38.18280068381139,35.7261011035353,11.472859703888389,22.546579628395037,61.147459413535316,60.24547707830648,50.57374703128083,54.60103797972374,249.2545134613263,15.961792833800699,53.75177369454923,5.502427372950391,2.228000975113637,233.4304301303912,123.11091789891414,11.738221787947076,Moderate
10323.316879854781,1.5427132721721568,80.747474237703,6.601063267652616,72.32117899794642,47.25305605305328,18.47011411012481,39.653278225473215,81.83125432057865,59.573462578187474,21.682500279929144,23.365267777213603,391.85929664746953,5.179733662849211,74.9038655313639,5.021269274015267,4.543595637313363,175.83767441645855,254.70100489570547,139.29681775476362,Critical
34455.24003063416,-0.9465451551866682,22.139433036244192,56.84567988358759,36.876422598408084,14.81892513148929,4.516899311227524,80.54303263389149,57.298665801314456,33.99572110063903,19.880010555165278,31.10533457946567,388.7058222151381,36.56210795926793,11.256873642650522,14.074332097802419,2.742745137901848,161.03690411352508,158.63889634115128,31.822252114064433,Critical
14917.356214711463,0.22361304748170285,57.824641072121125,25.40148164104716,61.57717822807901,23.12692191382097,8.220789429179703,85.87577660351585,18.195972038872533,78.65756556651282,68.27670885691413,26.322614058632965,258.76777646387654,44.884739667955074,79.11255902100085,6.591336220286591,1.1959447803790655,193.09019979694554,260.04048581125255,56.797992640551655,Critical
31399.37292509057,3.1922457078020514,63.179136392867704,0.5586174457412207,43.31595522834069,40.20671569051046,3.072625710616579,25.880924535039558,62.45974013924959,48.94220275509873,49.393868177506526,67.1095512165769,401.9024548627077,4.6360643345819526,2.6289979875180114,10.449849373586344,0.7252386840339384,146.79594960625218,202.21897958085788,68.0803689676323,High
8818.45660029693,4.077526830956526,43.546774433543064,26.543624444891616,18.58082095550281,31.265291329953847,11.943997981777025,62.67145288767524,65.05641152582245,34.90921847444138,18.503548766106725,34.92971932534614,145.29935998735832,20.607229865137903,44.31019024958478,9.15620329187854,4.321405556462615,52.404191675145775,157.52768077886282,151.89239753526493,Moderate
8245.559936852831,0.4535231416621106,66.0878069891416,2.7641501805280555,74.95539408659151,7.308144510269827,21.031251927531105,87.97576873054851,75.58383236278173,46.55867156346307,76.63281149404851,59.88461122254208,78.68145741930987,3.106481288250715,58.7430286885882,2.3731421066859926,2.4371457680966913,90.01563358843131,100.63620357009535,128.91944402491117,High
2058.558818073386,-1.422678407748828,42.85852347928096,32.632675269667054,41.78676153642756,32.131171306988755,2.5672648308542483,49.417197554162264,78.50903636489265,65.0926959708012,81.93926505327578,49.60496502959805,224.0785974345518,7.761608302562319,95.69986731397975,14.11124463015009,5.4940878539578675,146.1170429716079,290.98363540941006,45.010432939907474,High
23156.672062780093,1.9103286912739863,50.370983038194794,20.31324164622308,61.41409282256826,10.963821660671691,17.53244111656482,18.801203615986637,79.36954193895464,78.11767457443545,75.28740677078062,84.31011017153595,472.94271518412063,15.885670119158984,57.39230268696497,5.384278590279719,3.3334793397289086,19.269437917884233,242.26032072326115,123.59868401775093,Moderate
13529.895686607879,0.3420337092633412,10.588243564354158,28.406096015642927,35.70216701019045,26.4903648357634,23.44740511381601,48.91416025719312,69.70999542750694,58.551270884598765,28.203478991561163,45.639170981228986,260.3574119372138,18.929023161478945,15.874919327138858,0.9579478300196509,2.220908025680075,117.77741566635854,120.5442836999558,144.54811907101626,High
30388.180494547658,0.19553923229801917,65.3376091307751,36.79022164458702,11.321661500336425,27.39695684770105,7.449340814757193,41.94256669448487,29.423006777679234,62.04759918626988,72.07979103964624,56.66123859174466,324.92438655052496,42.41066669643153,51.75418053439091,4.716522490609558,2.2241473765403943,192.61367662984512,58.349841987123355,83.89046853013258,Moderate
17089.136827512943,7.598628027134552,62.90741431557795,52.128065749069215,17.037125108428512,44.05776138679927,17.953601336735908,59.10092966561059,46.38121802555314,31.11567487541987,10.965052260494659,77.70284388782606,319.59797883578017,19.02098277654652,39.57839471914162,5.233815770470193,0.962339613825365,53.594991061324,236.0652713920552,56.73105366529188,High
33918.57654910054,4.16300485925724,13.072070186107565,39.71409458831572,44.73536356429471,24.199725152597033,24.427343725304606,47.28598817460381,79.85169753529588,93.17527397665857,37.46009257105683,54.66809655445115,83.6349762893746,23.339939339468295,47.93555676002437,1.6633563124672899,3.6439770908171085,30.171353286872844,297.08384346516675,139.00672685380997,Low
7307.867533906119,3.5687844317209585,39.460008591610645,26.04293210869084,58.29750499884537,15.413236267322922,24.132395383506655,11.474403782566025,95.80842850607318,94.29793583936356,45.893937826678936,83.45724288105512,207.34250354106092,12.560084835776255,19.709701465908726,9.41366787378516,3.5765693853798686,211.46684807100914,90.90273659981689,126.06932802688448,Moderate
30533.187710490765,2.157751035233219,88.32254726333339,49.1656712202219,33.43147286054953,13.086384714369515,7.403371439670296,94.48980734016205,17.10522683529598,74.67412723344029,85.17222539969514,72.93474849893319,359.3307070024999,2.005380966532746,50.08270423112718,5.397433821460717,4.839963413231662,160.05935908889006,275.60029097714875,24.803310109455822,Critical
27404.29299491922,2.289443334301443,43.658925005489344,54.33492825438793,58.68419214243552,43.96409008084814,4.3076142238775805,56.20092020709853,58.19830100174754,21.410512714721975,45.13549357624638,52.84232911573728,486.5552473187486,40.67138163952481,15.003976429087684,9.548278713065272,1.3669423823090412,56.496058535024034,46.357504620496854,136.6691316444133,High
27211.34271789777,3.4090500383808084,50.15563241054734,7.1855979859318335,58.904491260236924,10.208521012074963,5.410498371606067,50.25861421619181,38.12700441918758,62.96593727226608,11.014250157045847,60.318554054909015,100.64851438257256,5.5137345525611074,74.404308069087,0.39908628475928726,1.8865799263597989,204.4816704370505,286.13981373303767,102.81840723870674,High
29722.62975597418,4.964298070361073,82.79441265277748,31.915978653167485,59.27551351294816,22.441690922390897,18.14682037508927,91.14247657784459,30.28545048851468,70.33751776708908,41.71117706452085,97.37627646737548,217.0121073627758,43.46270016455785,59.390626022559786,14.736111465164061,0.7639802207543738,169.6604257994949,226.14828460848838,153.1401018257682,High
26874.815692061962,5.021460961818295,67.3809500692605,17.07071758454665,44.47652978143559,10.984309516493456,18.692454135425336,23.248131244901554,55.52296151677435,99.5723378366488,54.903168852335845,72.92891972067139,65.6450239053101,7.626296476311191,7.8527691591783295,2.806590470606819,1.912984773159659,93.51802836738297,110.51290648647401,46.23633295716709,Low
22291.490935468122,-0.28306092294550433,56.56561048993788,2.823671872616844,74.04203050850528,39.11859392549002,17.507440917448577,26.0851962163461,64.5480406500883,99.68535641558374,95.4104308005496,92.39961807778599,136.3407006316429,28.009774672268932,88.96144679289797,9.992165504562566,2.6829922713755243,103.40612391100872,98.34322846590783,59.061119401261514,Moderate
5462.325841201177,3.0011275207662695,73.8243745072858,40.11280170683912,44.24375625864309,24.769886718781713,9.729802918071476,78.6812536703366,10.879500827753311,88.6088988260446,94.69308734105903,34.300680277685146,200.8444847965521,44.97465527783539,61.637960461563836,10.822029258208877,5.791364754533106,51.633718348956364,196.59625264241186,113.22942042852902,Critical
2105.890102702565,2.1195809503410192,79.14930131647786,51.76624664755354,41.518563544764675,18.854897146726977,5.904869614436809,32.17064180212574,80.21859149810719,25.106479362089082,26.27866343992704,58.65889249961215,279.5087590171282,7.953977630996063,31.610705512783145,2.822642741287898,3.9877828166744975,211.28506463905396,182.117070675023,101.52937029951784,High
32308.82682573335,6.705269662693842,46.55104573898135,9.774159268643643,23.956657330743887,19.332782750070407,15.357505114901821,77.93430403477979,83.78939181335029,96.26211126229839,26.66318875655064,92.69293358760405,130.67210347475884,20.229552652412444,4.564239952731031,1.942170546905553,4.740668792719334,134.61656313627938,276.4916434331691,83.40942050073436,High
21966.110693705094,4.314189212183764,48.00866919454683,48.74481945743403,31.535856114943556,42.906281922703016,13.12465025243093,33.08034604722272,96.89597421111397,69.01289977215993,24.704331081809542,45.80896491531341,129.23007736576915,35.55821776577349,63.2226695771633,2.5428847201186873,2.087957334278843,145.89948301126023,232.2105089206721,151.74632974165988,Moderate
28082.267893189994,3.3250406641598182,40.88407485214687,51.2037440122165,12.963414476281233,28.581149806133027,18.763185383812978,12.820948569125125,26.257935990222546,84.07094163833436,81.00297391726929,97.41313585171366,393.3583899872978,3.3841764435486352,37.34402613483368,3.9282283609206843,1.0381743142869595,222.6206000714707,166.70581304643878,117.30279708937366,Moderate
17371.759951426702,-0.8460535782108263,87.33649120147685,54.86042655998901,54.34747055313191,36.45765685430065,12.151281809769293,53.94625153037086,63.50973061248532,52.57542797486828,10.541983633156573,27.766199237892593,482.067998214503,31.660658299021915,90.76181048784876,2.7730121344957595,1.6889756630973127,18.72019486647707,278.9940941334998,144.95165223988255,Critical
4988.478424721412,4.056378893234115,65.77330034322803,15.917105345163145,27.3975020748965,45.057848780032856,9.788712977788773,26.718346900783217,48.39628361287551,45.57355769876718,21.44594783726896,92.21369362200295,175.33422452069897,5.456053529304377,3.487783271417455,10.2077915762544,1.6875126077960623,30.72691969297363,181.89188308663344,39.118442840631985,High
5256.316934886715,-0.8279609431976658,16.65784529664578,54.23718391139336,31.29086781398256,45.28360044995082,8.750007279257332,74.41693489926004,40.13450663998156,57.05953163870464,58.41636684796891,55.61696976526869,350.23616894512645,12.170366117748735,3.9102435342243336,6.486248094773188,3.5820689041018774,52.971060737056526,256.4086023415964,148.50777607765207,High
24309.219765785027,1.3720657556575206,79.03676986504148,19.239765284185935,63.957016516502485,17.768434608217433,6.86381736114417,64.50196882473259,60.90701062937542,31.749961037506154,32.280586019808894,25.899533211292855,143.87862145180196,8.883274987214499,94.92992869069354,8.205536439375837,2.1805325682391663,22.05888607571421,253.87336910837834,97.69034053905546,Critical
15630.400426581731,-0.5715803518566813,48.444795266901444,33.14028080733017,32.905482821301774,47.71766063102649,8.112166652293212,88.50622677812301,80.41447839011953,48.56529110026449,18.312081241533587,90.361727406887,465.4170823835034,41.01546656081826,96.48739456795063,0.9958507954946263,5.172913413133017,169.66669680673388,276.5665090953655,16.415907780071535,Critical
7817.840707811449,4.920736470243689,15.500312513798997,3.030448249936928,26.95371244091995,3.1940423367010613,4.181100093414331,76.55401036758755,12.07475051006891,88.60939998146229,42.389021110045086,40.15521699272908,342.99313287939117,9.759638821612278,2.77422267726386,12.960359757580633,5.933558211571689,163.96167502425538,29.604589070940328,54.553395259334835,Critical
17714.214589208856,0.06252113836152606,53.977380413064886,2.6328653021246162,21.8340424393594,20.08810692877595,9.97771125136446,25.36595616146178,97.2460101309568,23.03603890087052,34.67868445542203,21.780010039618016,405.2848902260336,3.7386661071517597,71.60332349413275,2.8074018321310255,2.191130750528001,64.53844718831161,179.30770370456554,14.893714430709815,Critical
3183.103860554559,1.91859373188026,43.37314231805617,43.22239276393218,64.24008815273692,44.99834516042439,2.8411056843480385,78.01345011650768,82.88934271351397,32.070243745968355,55.99938758628561,30.864568445535383,43.68994073559911,27.267904173253772,22.149485232884047,5.594239272389796,4.289349587384662,50.11051454837327,145.83385143960425,96.8061591782983,High
20787.027665089558,6.956747776187786,80.21995238900999,26.668798678667464,19.079438059301882,15.18257023121518,6.287518484825517,64.54764880919197,77.60383332810206,30.00929277195884,98.13102344471763,72.72917935198093,307.2828647554998,16.885779792617186,70.13927662860725,1.3569541054681746,4.013422175138139,49.23590482585258,152.25729120475503,71.91715450546621,Critical
10145.77575079332,0.043163833989702916,26.31956828875099,15.377542522153053,41.76276321752475,15.107909615423281,19.17572022624687,66.86088954965312,78.43486439624532,52.246043416018246,21.187417313342657,98.22491913105559,273.2539190520235,19.445367487578757,86.87327966579836,2.3108590793304455,1.3278824288472324,239.01173212988095,143.37407504985882,197.61541638351775,Critical
28117.009421664396,3.078050639587791,76.11716875937464,11.424809761494611,45.485108125403606,16.525869683930658,9.485786739562322,80.74234530746264,45.01546386567873,99.75895207126894,43.545403435068486,28.916971166681343,160.63851531753537,7.11969802908952,10.08314788622754,10.087251326642223,5.5244498499596775,177.97356422681426,252.86533993247886,175.015782221804,Critical
11552.306603401508,2.19271661166022,54.615095294836216,40.197209451553086,58.11729388800002,31.391042472652266,17.369451390478908,58.775045881059924,77.64584957603323,33.868634416910616,93.87865160852272,56.95584384998096,145.96639282751266,34.17408313162736,23.8766416762042,10.481028933158628,1.3567670056927272,152.57577468929364,102.34554025091225,166.87746346519836,Moderate
16477.485068781243,-1.8187595895427027,14.368824257077524,0.024092641520392366,54.32984376330968,23.039973229488982,18.48833603873738,49.6102987200061,44.80931877426619,31.63861196794081,88.91857391444402,34.450924075802604,298.41190511214546,27.866806934671274,2.4077668326494828,10.251392623992675,4.474351363684253,90.78441487419715,144.19781367263573,105.21214431593664,High
1395.0983568754216,5.927581135728127,87.74762410603877,48.35347015181125,66.75044710616223,36.88327214496044,15.367262882838611,64.11448800549188,90.88361466173137,93.20445838209235,45.484393130585254,79.60292272812737,359.1131048034681,17.661332924176037,4.38298454444408,8.416410781336525,2.216135925191012,116.76515150856557,68.19793744131485,163.3466248766457,Moderate
3463.194185015002,-1.3095409368540027,51.009219528256,4.754976367795729,13.13260037483667,44.95571084310396,24.050048051404165,35.32638146146052,25.95001449758227,90.56404135727726,72.90579380677629,29.444711980945133,35.9229233768907,9.377722581814847,2.9617858217774184,14.302068460975027,2.329073088652034,36.0103820818138,82.99781861817307,60.70523301792349,Low
14344.780917827284,2.7425502097695365,33.270148338526596,11.489376894487167,30.750850734557805,34.36156999725731,2.493116932331605,25.520756142403442,36.31126817936364,22.579229599724357,17.9071312223211,39.187339878471164,292.3527593233781,27.518424784334098,80.06823564264145,7.755504263298073,2.84160450675597,249.56569369292535,201.52182416972377,116.52339889083973,High
17317.920380382202,3.6067829493894994,47.55254735914065,23.174183717945375,29.609388314276583,11.814402569483624,18.989010963527267,62.40996623605594,59.62037884291685,80.1364768143452,74.12869499892537,35.71247741192571,101.82057389438174,35.47968301881723,29.829267843077666,6.906356830657764,5.21414627271981,192.44508393933415,43.911422092691964,84.6544316506879,Low
21400.698636056328,4.284264566145871,78.62862268139912,29.091524382966217,20.221183391447575,46.7687313133041,24.052092810629386,29.877111372265603,38.728993229854524,72.43725611811436,97.55719565362674,64.20158242935824,87.37411106532826,15.43308320628938,49.32114395719891,3.938919816042009,1.0134612607650302,161.04149185463356,64.46832518845642,42.55496318931864,Low
10916.52767611631,4.886316293078756,34.39224995080508,21.29970694883651,30.24247776995102,14.695657920678968,21.832249775117603,16.792784294461573,48.181352076574605,81.41926478821672,58.373933755077246,89.85472736005059,319.0973542854486,3.111996492159675,78.78442635970163,1.7530880802192055,0.5165035514415727,153.12529087855233,163.13002227568109,23.79655195999677,High
24629.384128302445,0.5327238352271508,25.414111718936027,19.242729899057633,31.68357199000324,9.19492617575159,5.861531911515306,10.047105689746584,54.31804204587352,59.56019638367377,54.864120433097284,60.88721609251348,169.21765626438707,11.216791344378311,49.494366270671804,8.357877470502828,2.531836749699932,133.51387742779553,22.69417810927392,116.06149276460683,Moderate
30244.161504432956,-1.9002122334155063,20.325699754470516,57.83496072439131,46.53191233492348,6.318429385326123,9.516867043789837,61.707149119005706,87.07180139321578,99.31033747586365,26.858675773171928,24.6594762217177,231.62251190473472,31.343106212391657,42.91960626245961,4.928885744384573,0.5223935750241109,75.49544550355353,46.80882983191355,28.55143562723917,Moderate
27514.933622373894,5.2344366235491195,33.8287518712169,38.494780874603656,56.459313524837924,29.042419551975946,5.966392317158704,40.782646595820125,57.087302824782356,23.507761496877055,67.04093790165626,65.07111444774651,192.799428531091,44.531144230647676,1.157320648945881,8.003173132900573,4.188085121733154,68.20174481303742,260.3723523003572,146.42058837033665,High
2347.0400618441427,3.356565993475786,72.40384696320348,1.4059773220432925,36.677035952826984,7.460598199071287,15.830092367738194,73.94643250724376,42.62138637531044,38.74972691230446,63.13935527010234,83.80167994544075,331.2014336732114,2.5751782945773907,56.803950253675616,3.329950450429051,4.609885435157837,144.14012743946773,255.38256208054875,185.0790109579696,High
17337.23620676618,6.361177032072488,47.730109215620935,25.810554506658793,60.362916191936684,8.661242437406276,18.380323585528323,41.889993856613714,32.29625476316042,51.723678957889206,68.67397535281755,30.57249578434582,245.65748771190505,15.164603171680334,12.474307813708641,12.621138281456297,5.157331889568901,31.497191421118647,110.85507046362484,40.80016084519657,High
4567.626066217946,6.2138836290069435,28.1985282954832,52.50052198463821,33.5315737005706,16.401463068583837,9.292696695350338,51.31029310024927,46.780838091297746,55.982235325256255,12.347495801624964,25.81689714756734,482.4601577782148,4.666897429300072,76.46482407910263,14.995548981988316,4.514285023804862,32.50063773410589,110.91748144024349,99.47832991694337,Critical
9229.530539325933,6.433261677878832,23.294799968779934,18.087371184640077,30.319857412033222,15.519344464854264,14.408651201638795,44.602222689307716,56.41624939729329,93.70939221596149,59.38511395141662,35.02462220460552,189.14372437110336,15.603019373810383,25.773772381501956,5.039331598773547,5.514838083417539,146.79119674268227,281.58948028656107,150.36717268136678,Moderate
34546.52817108298,2.8509465997954013,36.61835812083033,5.673380686463294,47.8831639099917,31.00349649594283,17.891173111637485,65.29885724429442,77.15033714829127,64.8003491261807,63.54413591476357,79.6869058257302,375.3364833261609,19.454316754479112,67.4187410808655,12.682215826726848,4.540146511794688,231.15583132940623,17.493930330886737,64.4995355962751,High
5844.84845865145,1.3362839583686563,85.19394983085671,45.503086295395065,11.660145221405342,41.20377341468871,11.690815782054113,40.2718287712723,20.894389855510482,23.60887964163151,28.677712187152196,67.33443356256012,143.50043243986136,41.597069953688965,64.62235278246794,13.13289620496839,5.629238711294729,229.85388501551583,178.28569879472855,184.94525873025808,Critical
17962.197217346107,5.9155820259137,37.44213700720195,36.360829916164874,15.585238654380026,38.544783497738834,21.642357200475566,91.92025024509626,29.94482694152358,52.629037074052945,28.74995717396824,63.24757231693991,264.2014844605505,5.464114374414086,61.66756029300201,14.942284694729072,1.3200426064143063,17.544650655286198,183.24326792181094,178.80845618528306,Critical
22017.29496681605,2.5129411302925497,89.04992607637082,34.21875046959023,39.25786805105689,14.599253826390884,19.745648511619795,89.57249386087506,44.16886142818059,53.319232989525595,34.85963516598548,39.958391570541465,285.23348091293934,35.41676428182811,26.695200753719263,5.3379859077362966,3.099206170632835,40.237640677150694,238.48724948268176,29.713327588638812,Critical
24883.808998499535,-0.1655780359656549,48.818436461228494,3.2145935764444755,76.00388979742296,13.774903903327036,3.4873075085631253,82.08237172586891,42.43585646075631,97.23927507502279,74.05494325545138,46.578927619748754,177.97245491011145,19.007979030707425,26.708977717556813,11.413808487597354,5.964797478288471,152.02325803329333,286.0076495885542,15.205956591049627,Moderate
20028.05523855508,6.549740195614744,24.333113463212072,8.42994058773104,60.505824589039655,48.35799344513445,16.285881879089068,88.22552299868359,45.257327884469056,67.93576728168865,64.56394571791344,97.27080103546739,246.45465387806198,36.88430253567789,86.30480434413299,3.6634923535371855,4.1531534587477505,214.39179462444858,113.19000024256974,195.52711176608636,High
1332.2088122522443,6.8255987677234735,81.29120734348075,37.35296377278683,16.168859865039042,2.395339596414086,7.412487672074241,48.176873519048236,81.41691381762921,70.85208569271511,86.11863815060241,39.25001813835085,154.05374619127625,24.076293969001718,1.2807332630426993,9.484501218994506,5.2961184843376925,239.29553536435475,136.97170730224036,191.7302547065149,Low
12099.684480295724,2.6630975614017007,46.82842985078615,12.469430487530149,69.24226089466116,44.22658558689036,14.822920087347331,55.59658372710683,39.17389626659558,77.06024250010167,36.609271465878834,92.13163386040708,22.880375203511356,3.6891276702666334,18.15226334539579,10.661185771250713,0.37628400423056035,217.23682312075812,204.67655935085145,90.234264848533,Moderate
18602.19587508019,-1.2430027269021253,66.77370748036196,30.24420478490546,61.26105394257267,11.586968917875438,24.008434180558222,73.07787036745077,55.17083623623982,81.60314525456985,92.08612538994865,66.44252035661893,123.51118478618179,42.686853042738065,61.017091764198504,11.194474180265917,5.256195811696936,174.23908679466712,290.50877047981123,19.60703158013476,Moderate
3987.460970924334,1.8782608991693124,88.69692665673215,32.69290116176361,52.766256799185726,47.46964750830885,22.218426104701752,69.17240361977599,66.1516329572107,70.80408561619913,76.93355457850225,29.863717309699823,356.0308027967363,5.557564727684438,81.70462544031697,3.3454308781915856,4.246736760518166,62.1233932334704,268.32978258364517,127.5863550217453,High
12921.315661112147,6.035376594626033,14.01402802559792,17.010431416256363,67.42050724264242,18.430749671720946,11.303877271648028,85.70768062646502,30.89606951652446,38.97554809071484,45.55105030123273,57.38499025240544,390.06225175298096,27.700390608951512,35.83455086728586,12.776265886294064,1.1903815171287218,32.066046385056154,203.44537094831293,65.74792040384469,Critical
2128.905698906463,7.017740285462287,17.735564783005373,56.90550933248957,38.287689342007,23.13688514687611,8.704818741920128,70.8881373168191,74.6825848432785,89.92367314729313,18.573585906291033,95.88389738887007,154.49737622668158,39.739713806141175,65.34434586108001,6.488286347770365,0.34894954725686017,26.16620893112651,258.4498357845964,187.9773675111053,High
3671.6689032707054,0.0347274249759586,67.63653931702049,50.54784641013451,25.50507355976969,35.94178946933029,7.391332121389957,94.82020019941915,59.24001877644529,78.56958403285041,33.128529623873426,53.485247850988685,215.86063943267453,5.430101303258337,55.71564196202363,3.4806319106979586,1.7075741531287867,158.83804438697166,34.70928495851651,160.98576576031766,Critical
14495.391390854265,-1.3302638797472848,32.54600026363776,43.34241045796791,45.841637237613156,30.208114470716495,14.247842004399962,39.62299298568524,50.21030467282402,79.34963880775646,96.10913954933652,89.07092518314899,37.93551686653332,25.817415701888553,6.45401044820354,8.275206999066953,5.511485482158068,23.504321943609064,119.36681342703727,133.42281898535427,Low
5512.335637464052,6.773504531328387,24.744111756007925,4.679631984564545,48.41892289154317,17.261087825927497,4.627714424935295,80.80480809035052,82.88056240644825,99.72453913877993,37.932703829567146,40.51429557213662,133.79019252688667,37.44446464755144,62.17501969306781,12.991349805222049,4.075171044461661,188.7213897694044,13.796823752665684,64.05573102757043,High
20296.388840892978,1.8940493897887531,13.14895038557836,6.367801158541166,47.682846040693846,28.58388396165553,14.633325186949717,69.29895994077646,31.91457332666638,84.20212278906527,39.6910864134158,65.67377214402984,394.0252560187036,44.41196247176922,81.39034722724935,14.516192273738273,5.532920804843281,182.43062327747774,61.46694909567561,143.24103009392633,High
24441.808950667037,3.4176096426756324,11.747736958896144,29.566880751897344,49.55516540360737,37.07393044941854,2.0306737082882163,68.76784784327657,89.48583735528909,86.33211225241226,27.063003798794533,87.5081646561579,310.87340972722745,33.14607823500292,99.24483202994094,11.298654979399753,2.787674538466705,33.708543822519545,192.84284564869657,64.94197068424876,High
28219.94776970882,7.680658120507589,71.95884824958327,9.64280095145914,76.40934427674266,4.0320774033196205,9.448541507154431,37.69602556182491,60.494386183003336,96.11244125681267,82.61655410248889,93.65507529357563,118.76985053809827,13.968378144921626,2.964007265172286,0.3826564281890277,5.632437152364398,228.05625578364672,266.8128708827634,17.149886988856448,Moderate
7805.108304323543,-1.3343527208577715,20.754674189564,58.69592781176844,73.1571936167362,2.5375666522737976,7.058489218103369,76.77615235595691,64.82573914416923,32.09071998791151,34.80798072180497,58.86586937210406,143.57215765876742,32.081524183352606,66.0058172583868,2.280101178849555,2.885166929581033,137.65338282694603,193.5062898976207,106.60257164785207,Critical
6694.407796808372,4.483180074520956,47.41764927769207,9.511214041644568,71.30019255912575,23.987213075498783,24.338032169097986,86.53196189954593,88.75530677520486,59.818190118245425,39.72324235319701,71.17504817163433,412.0649710349889,32.34797108022849,41.454955314796216,1.4212276006513263,1.38467740162634,227.54306332436693,202.60005103248434,102.85006350985128,Critical
4555.306571369609,-1.2589457742513293,58.47174521435864,29.24807012783844,66.09917676360391,8.328157654568681,18.726573350109515,28.57661922924785,83.58244190644024,66.445361887263,47.291329758846395,20.238410462586476,120.3604174135524,32.09853852049855,0.9787888706205283,1.7878420220101057,1.0780820922697945,226.8783632042557,40.108265524298545,154.97113487498436,Low
22638.62848448365,1.7546892846650035,44.2681440455077,21.847263410490324,76.03996750856997,33.88852599030629,10.042027750631467,63.16723115491985,64.14058619397103,46.34205833779661,49.03554517971487,40.25786460107117,180.395708406623,38.733198795003545,61.43609437085114,5.930613853490693,5.9641085156032565,61.3030050134728,202.80954236488014,174.47803764734448,High
25020.17470055464,6.038145451934467,12.168532186898648,38.36318528724588,16.894624917558225,12.27451789891684,4.135436990204272,43.331460473735895,77.78689334633567,87.15226751156044,47.020671137351954,42.29696829975566,338.8921719942293,5.75734268833811,12.24272985556355,5.275851727980828,2.136403436552511,104.43574256502693,141.76054803706538,77.34901285190979,Moderate
2073.928924071829,2.334722327556344,72.6801202070327,7.742184533365495,28.558628301201765,22.776853126192208,13.886413677884352,94.11159014006455,48.99875412096072,80.99356973165787,55.33693258372558,27.479440932354464,289.33394513987776,6.6620533528636345,37.85668501891366,1.971169224644158,1.1283075468420085,46.637188373396825,198.9176671587288,95.39987193869747,High
32831.21637228545,7.971823539029504,10.841057963332279,25.818985682543452,44.65391619582094,11.48820496996491,6.909301270498974,50.70078934569293,59.26399781497717,77.67064596064992,83.3061591654763,42.37560106855813,241.21769851223087,29.546536341698996,26.13670924884023,13.26885966872946,0.24876889916636255,197.11983238203538,104.59020176364993,99.37607973246035,Moderate
2767.023644150062,3.590592849466022,70.95119155019873,16.48230196842862,69.25741451863837,28.327212115957977,14.337879555662228,29.40721477274013,15.586312303766002,99.77195518065335,83.73565366678199,45.68976264465113,451.87572367027724,43.016887132222074,36.11634022710993,9.346785372085696,1.8563034858718097,133.46935515139768,178.63092308231933,71.60257603075209,Moderate
19404.075400236397,1.2116215263595347,81.46435950304982,53.26509148030128,45.36159980659127,7.570566050459307,21.213334146114526,42.457898143855765,18.087212620004216,40.750509872671245,81.84818203870122,97.50128316545546,125.4610221032248,22.031061473527576,49.26955815009496,12.0080106416598,5.356873632894726,233.26978021782077,132.98009608098693,151.24351548878616,Moderate
25108.057661331157,0.2011132590475313,44.62719368457378,2.435142728081705,62.36243175391121,3.1091289337990524,16.163228698331864,65.57626313441324,84.64828637676989,78.83658013403371,19.101235520483876,73.48819044486702,375.88154761423993,43.30419616990403,35.92095324895145,5.761776016174833,3.29725405992835,63.93057549592518,172.00474607616763,109.1992251891969,Moderate
30612.95020736691,1.5052053428616183,52.84339784782386,54.82364964038756,19.727193367424135,4.454318629121465,16.57713364953505,16.467596564713983,15.3704490114247,64.11235799247206,81.97109229473327,54.08040635330754,96.35064349672801,42.33766615919462,55.27318705895392,6.330469439427247,3.8681232988447385,176.7664004570181,52.655960315642,183.65159713384156,Low
25278.955692502546,1.725332737595508,48.1586714094123,49.97964831318002,27.668966908359213,47.804405192734876,14.443696648444664,61.306163218805196,25.245921306934655,45.039134599510085,20.822659613791913,99.04435685564074,315.55224007142965,40.82511874407574,23.864969023285376,4.969031794889901,5.549868402565091,247.47065452658657,124.78920754901266,133.55904666016136,High
28258.75482437292,-1.3128632227603902,41.1366894898751,17.854242986448927,61.22432665263707,8.82973849332492,23.32710955052241,89.15410453020633,81.62493930553974,32.84694965785007,21.22513930470322,32.2585856187689,437.89931043743036,41.123591919155665,63.53617674283816,6.744871197847819,3.1744715250207696,171.36459652793297,118.54081060448767,50.26034618985476,Critical
12541.306546455406,1.6957419942677316,80.99396282962883,47.35743928062628,21.531380622140684,36.00695615056809,23.433761741673877,82.28083695091729,10.103135556543066,91.67070696540377,95.30764944714647,58.084095514438765,239.79285702950617,40.6277081131034,85.37630041248534,9.272545756619289,5.062023105945165,31.161874215217473,223.55441098931442,41.31364326193691,Critical
28704.053867381415,2.642385197392249,81.51468085359924,1.8728136203248535,34.594915425844874,5.26045780269566,13.7926336246917,15.752250615928586,35.416389596127786,67.63643861662763,83.74580602349872,71.76497656392395,367.6613634518379,37.25524349218483,22.40670469152124,7.546864915251549,2.0782330128428512,153.27972217836978,214.858759050739,80.7530242040955,Moderate
3723.904777078955,5.227377522388046,36.865309171322764,58.01193301760362,28.54063804695,7.191696907288744,9.032468204300603,94.4381396928208,62.56347920439596,85.99470701126357,59.716942018120776,24.44645075872616,413.78880943951435,31.884095220029202,50.78772158556225,12.617379990970218,5.867190804479075,57.26304617509062,273.5690185720866,75.91604264882491,Moderate
31423.76630605794,4.56729484721608,59.20558032117584,31.59569655538736,34.4903185955735,26.426060067648066,12.57050113522721,69.39178851482973,63.590493832236696,63.627598720123586,88.7473184030076,77.3599086466495,85.29268394124932,3.049551679482154,64.86897845498886,13.532045778564417,0.6571204663722239,22.16815269353912,193.29612176212729,87.35504672387694,Moderate
19618.140789227033,5.087656552291542,84.15260497166913,18.196861563926717,59.58268343545792,24.313804647408496,6.290831980499161,23.793870066692016,79.94376174065262,37.598166452321564,99.04281782966765,27.989388233759193,358.79690973541284,7.686904462710257,56.46261312134161,7.204352644503708,4.404011247976935,93.71576386672533,101.21866764010727,44.882303357844,High
28788.124178724785,-1.916363181231429,86.96467991530812,21.754992755680625,35.74930267999607,47.67585485311374,16.635919252316054,11.055367579400997,55.53336290429534,47.00390504802602,64.95778599685998,31.222584687974155,461.52369151456463,7.771978344853087,36.564944619222594,3.824295311125146,4.031284463209707,77.53445951770544,237.1351523382461,195.86230730503297,High
16378.821673622204,0.17667399580536047,50.7167232337638,3.9843212076298418,48.86843258255581,47.352101744995394,13.502123722991364,24.559024084832863,55.846168257787326,50.52310739788372,65.16085932833661,32.775160996966726,296.6578927306612,3.0122322240223647,64.21997080057483,14.19432856605184,1.3116947339347382,200.36116122170222,154.12931662475165,37.68485684505849,Critical
22881.64163668185,4.616842883998565,46.225984422746144,59.36097084252235,16.995231393808673,39.421214842038324,4.375910989705437,81.24495325828778,75.27795179866304,97.83478500029618,77.89843262439352,94.31118613244142,109.3386773738029,7.018176042216377,2.824620621007623,11.105068052848564,2.455295193309909,102.81492715335361,66.11303108243277,134.003267102621,High
18897.69047182785,2.839893681797472,32.29554527428206,2.357516709041547,66.35123852642394,30.900887846112788,6.545898965751153,11.839342620338918,54.87620169396551,20.4506622705106,30.89250571287995,74.65884361105341,80.93241516269262,41.54909664338557,36.9906231996433,9.709868164992034,2.014408877306637,187.24531339052118,226.74932581486667,12.48315466227206,Moderate
25874.043739681285,-1.9468652433165405,86.7097498552328,39.29442738887154,35.892203795368744,23.83809523486453,13.031534992589117,29.817520807537356,64.76419779072552,98.85328184196057,25.04123753669194,72.43420008824833,144.67295862403898,30.543584337163797,53.261221464100316,11.257581884272446,0.7480586363284731,18.816163108092887,48.43410475857641,87.32259728061248,Moderate
3775.4193890400456,6.044946424318223,21.42514435782939,26.5641556623875,55.39739113233397,19.096569647764213,22.41454678653374,74.37097560346442,90.79966614295459,98.43693080878646,78.36226750135653,64.43947971719936,69.68636912800763,15.419139786703164,2.0613158835864676,1.4169322012347663,3.5917705331148793,18.480851356846898,61.66446606137747,68.7448458280569,Low
3051.9708556791693,5.728095732903374,56.386366083818004,56.9349730913229,60.777272116328284,47.46020225482666,15.02698657451524,59.819395551341486,46.130590685113475,99.69206324241092,41.04143154946921,43.42447989560823,266.4291543608228,36.11448052617724,50.76488296842998,1.2941070162737858,5.9632851042779595,21.88866252367592,230.03921924619272,82.58468117048952,Moderate
9401.509956344978,3.4841916299356264,32.60402140149111,14.75998441840771,24.676264547819027,30.93962294838491,17.67530500479483,76.53253538061631,44.66125638273,58.127054313570774,22.15633206753406,69.6711763679481,53.4582476992326,22.999887939058592,65.42544607656284,2.550873592940514,3.445611218109658,66.5492338189064,233.34196128067353,104.63469550689159,Critical
6424.519123848404,-1.3353667422372788,32.32066322782373,31.925209436280678,71.9272489467345,29.795481328927735,9.797656644109924,73.42279282527697,10.319409267829418,97.10471756967996,38.33899533259748,52.811977591091186,127.23421982538869,8.111462587382693,75.9207697713045,2.4675292213758264,3.3625074599002995,102.887129481712,239.32656795322242,124.07125028962038,Moderate
30640.641264134858,5.665150495325847,42.397486990095075,28.941372514965177,53.13569761248671,13.131253844907913,15.142462040017389,14.301117905353403,65.20836353691087,51.64793454798619,42.27731810871178,31.63329200740919,231.15701307786287,40.03358949273918,11.33740814094304,6.483855980286245,0.43381950265638025,157.84376373246081,95.06428608096354,120.867155510917,High
8453.275570173508,3.8371358773136395,89.90343486525236,42.17198664300608,40.010759922603704,4.241495258485427,12.28973592067555,85.86347062300288,12.679471666641877,22.103555253470937,96.87048935551216,75.16778322621865,247.47908019297032,16.562463688168318,99.05648748916948,2.613840009594853,1.0074772955094045,246.68976316933862,261.31036263774047,129.83559732301148,Critical
34179.418697850466,5.8195997715795915,14.397304547185765,4.0806139171452305,22.763462850475367,47.36905182845813,17.159987990332695,29.29770591399284,55.373364075548466,37.94777490974116,72.81637399791309,30.366573434393818,291.39127287054293,32.05094691278545,60.616770133509554,12.861526970718968,3.176670716793114,98.28624824836815,219.57375942900111,170.4640596852202,Critical
12454.456920217634,5.517469923958404,56.28334545628252,11.62734780140129,75.96106565308448,17.059292424543386,3.1632380198172383,57.038357419529916,82.3810410129004,95.62369959499077,57.77706856597605,35.253486481693855,358.69518212034876,14.495548901483119,36.319379261232996,8.79802488464198,5.914035672267614,28.079843087934066,251.85054876988875,178.47625956678377,Moderate
7192.009133415776,6.030020719578371,16.605772642822174,12.87388920557099,62.85477428921376,23.244273119574018,13.34590497349606,64.76449330486119,59.492896346769676,21.101175466831997,97.19858248143444,85.41594494780847,42.669747039424415,23.5030637789734,24.90928544567138,5.713449876348696,5.284324865678782,60.80153799147444,215.4955905765981,150.07755710655152,Moderate
27849.74924284429,3.1800806640462485,22.361666399241518,44.28904529050138,24.561719391327422,7.502717292113928,8.807830378311241,24.333397925233108,34.26725486950084,63.679530833838,91.28257664267626,72.80936769001232,58.69805704437596,37.09886659580786,57.28968616834146,1.3234513119114262,2.1732129039643717,225.9951809464926,178.08297303643877,24.99902615563676,Low
23396.064367029787,-0.5967548180648501,45.165035341831896,11.348321779604404,33.639754230695715,42.172367835646014,9.502256409391912,92.97965681958283,80.75515793044342,26.048127111574324,56.080077095274376,70.4792923370914,49.212392866294756,8.741425896247812,88.17116471665707,8.98810860059914,3.3494246745231395,179.35410968471157,41.7244837564656,192.64555438688754,Critical
17938.654359406726,4.711574733796887,50.836810507715306,34.4095058334586,66.67719806616512,3.32632797708467,24.101100925835414,51.493256267421266,34.2745303674285,42.91172627420628,91.51116718392826,53.456222747417925,223.11215142315694,44.02180999528897,52.056539614136476,2.013032462704257,3.4056728890739927,200.69719364906157,216.17150146606528,190.0056364059388,High
19882.36073187946,4.204737850519706,30.70339266916192,12.914629230057223,58.697436425073725,42.03155658075663,6.201980692361804,14.899629125778443,75.97286028513088,27.047428056950935,46.38741922563909,51.702441459149696,40.08701354380847,5.019284683011227,66.14720556049602,11.225337680918312,4.175091554020662,44.17952833310627,210.23362488287339,145.2237209636172,High
25452.86046125697,5.422531871990872,35.31657046995329,51.697497005038706,63.604900490100704,8.733680613822406,9.15864080930773,89.66727380611643,64.92326096712081,88.76228968904451,30.737859882096217,75.2210087348321,378.1190080790366,24.962383118841675,35.76964395405602,12.100544022134176,4.189135839187004,46.721942346264356,100.62242865318952,108.31342356636553,Moderate
8767.461205264157,-0.30118993949264694,16.957361620474643,56.53112726937831,40.88407715490527,44.5550774062953,13.72752924181005,59.832766671427784,25.299666707320107,67.28565677181646,30.941035913987662,79.20044308872366,127.04008689846937,41.389097332133765,38.81522880889726,8.296450992009666,4.780796432638647,41.37781177305056,223.38773302346357,57.61748808381952,Low
34875.35314592923,-0.0502480009971078,34.25758270754004,31.109578496534425,60.15333838495168,37.029086592135556,21.849619807441343,69.43142182841699,91.46204873597671,92.16851725746503,69.6083971997914,60.81705618914484,470.82199677918015,42.66483704994859,28.617510577189197,2.4991620293706047,0.3448319440701578,216.43475361273835,169.63182049508498,153.70671650478644,Moderate
34142.967512990625,6.904095172193285,87.32467515044353,21.138533052550695,37.05456060047396,9.904172600350645,11.58341191374652,54.63994214440905,28.057931466147615,75.06825596321826,55.09632886365494,97.5415395478821,253.4738024466135,11.980685403830368,70.56372943682398,11.866882038984842,5.6733451056971855,64.34238804299704,172.22780917759033,176.79343395609496,High
23111.073335795852,5.499777984520708,85.57659053379854,14.043466501049949,24.78840418567375,29.15926365725447,19.108901460427933,80.95272615604225,99.06283667266028,97.68233049960797,69.3055762304902,96.45596471350976,234.23636117225678,8.191354192236771,35.91875534165651,4.825068502112209,0.6063598667376302,166.1406601642346,116.60535684785664,136.3856441690882,High
7784.443331590935,7.08228488700323,36.7902632109588,2.986860091382626,54.287392438895196,17.007503089050534,21.696604258940454,12.816344286422925,10.657943978944669,60.79021238083253,71.74683678359528,52.99435920102069,394.65857246696015,33.149329013669316,19.071640404123926,3.573001198475859,2.9617286465662516,136.29909605306588,43.867661988639604,129.52380024373645,Moderate
24127.760242663906,5.587153211639207,55.66831490230093,16.11000457184972,78.32097479191559,10.555188747756006,9.130376183902525,32.812161048557556,33.71350394286127,71.09684654102996,12.009058560794585,85.64978034265229,362.31391226863576,3.8048634358781954,36.94005711662379,7.217182622970852,5.533559802882448,142.9316292903556,72.90925278113681,46.67089386841137,Moderate
3454.7459052919785,3.9715530599030187,82.76763128887555,39.25414679671908,31.74206799767307,43.2407455717332,11.03325422139033,49.920110294228834,27.987426754677898,66.10470559112453,14.86356331131121,63.461427327873224,311.50833965510856,22.865275668303514,85.38272078327563,13.862899748328893,3.028479209540263,60.927309221948036,232.96117946745687,77.98133934989603,High
2042.1850749974062,4.5413273702787365,10.494705811271734,32.01701587855265,42.26787145487778,21.36909279234701,10.200793144832193,16.511307386665354,11.259406915341636,58.74083435572902,57.94099539321249,60.94047100457396,468.8704190001776,36.24327475210682,73.82520435769234,4.671387393495498,0.5690936385520776,164.28283196168755,88.71804964409922,147.39588218617732,Critical
9761.218209381264,6.891279239400099,74.85468562700734,56.642476696855645,57.18009597488975,21.13009828953836,21.155683598212185,70.00206689276595,75.9131110132584,87.67674923384101,27.19319299840692,24.39712491029215,222.68444527379697,26.090953154223858,33.46408444635639,13.612003964297518,1.5295921149092473,25.128625597707824,10.653385757327339,13.210760381732445,Moderate
16729.180529136756,3.7880675451194055,85.86956422311351,23.776635749502034,47.90543974857415,10.15456039071776,3.019977824932827,43.46139019472947,72.40832218896367,71.5620108536288,66.92803919239958,65.9179768374648,408.0952043706975,10.084570428282216,90.68089648367024,1.0887036384754698,3.556267181136852,248.46598492054275,299.13505212814954,131.84021266588837,High
30521.265183884938,4.323913243283874,17.306058746684563,41.63180053970367,69.03994569963345,20.387152452117377,9.09368504305964,33.176779172792244,81.31158679194374,84.10498118843782,59.696716525358326,92.04623444505317,202.44461395799289,22.942904877208417,7.483263511746696,1.5277984637638182,0.7095973838140206,21.288343025791328,71.09784781660755,155.66735719194713,Moderate
25723.748372054473,-0.4352328399639942,22.915814882633683,29.359364848507283,63.32198945286611,43.83760862378481,17.626396824687987,10.287201978715043,33.102869181810874,82.90911492819305,62.718432253380215,82.41070793560738,422.4059236621303,41.61481280730239,4.975379141364322,10.56884706948813,2.6573319999003195,26.78678706822761,200.06111317241422,73.59385239144851,Moderate
26252.021720799356,2.7392122011610276,86.85970422170843,30.754572955452698,14.080804270364993,19.430178103502524,15.005200490002881,71.18557649874606,49.99016503746729,35.28361285242362,37.220984184790964,82.90537157594096,144.54782190366495,28.540158055903902,12.747035478524127,3.10171212328818,2.1087409439101483,91.29214367454512,278.80738132674816,24.471876148149917,Moderate
15466.773371234562,5.16397111958099,53.0032114912277,16.06645887624705,79.88948637466419,47.67697099998983,12.034655263754969,80.87379125419325,69.32021694593928,72.0130826014115,67.58591556501071,32.79432308610714,158.84819496129558,33.02409698546785,11.64547558586031,4.954324042990393,4.928204241380589,210.43195860584152,183.91669304384175,165.63268198795973,High
12761.78974659674,0.7094269831636542,11.135730757737896,27.29704661051998,62.6681717603627,47.4228271620026,14.41880922609184,43.57844553292737,49.57916534993292,35.97184153450673,84.65433728365207,48.67595577068509,345.3773763283779,16.45934682548814,8.783431501234052,2.3046828204145116,0.8387652423456053,75.43946476753459,241.71887837449265,36.94899760215432,High
13615.31794147649,0.02254180524534899,30.610559901082333,28.247099820762436,70.47323214058792,8.955135646752609,6.5444454740513205,57.95852804783607,72.75931932861242,66.66563825950166,99.82641282330134,38.656393332018865,122.10238157686226,10.104802332207562,66.13426119979924,5.1840495562484605,4.160231010920961,125.90472824096213,293.14779652315633,80.45221013425697,Moderate
34580.085167025965,1.1382680822441555,45.99549394150877,42.398551304936035,55.583839846674245,10.510940169086954,11.906482296984239,29.353363204015867,67.0576067596398,74.19477475570403,85.45999475549928,45.27322259645088,129.9940097722058,12.992615885682955,60.084237965542385,4.422761910219211,2.558216611080273,19.22467282640534,259.5053935196379,144.3782799628782,High
2363.712508024404,0.4150062799283347,65.43271288198142,56.43839995116683,69.93995896327336,43.40835537593068,13.53916863605603,62.88679993381131,20.318302271995883,99.77880572700695,60.17488837119527,66.36314747949802,166.52596592835908,24.926636531692683,64.76055105817147,11.124163293138059,3.608953946739506,33.536639373656385,171.7921857167249,165.2273376537724,High
30479.07086816325,0.14912637036395848,68.65283025094396,19.759276648950255,17.866808245009658,20.852524108386522,22.72734980495584,11.031683956792044,80.29388089692712,22.44335825197907,27.40866325119609,49.18270506961983,345.8858094369804,14.04946660526026,68.836605416203,10.619743806378946,1.3920842771391593,157.87202140706617,115.47384983980209,173.85256451281802,Critical
20674.963891461375,2.2485084286808696,89.63372103403648,2.5320281148779067,34.34164848915209,2.209951149584448,7.9992087444914555,51.53473125339447,74.86087231832664,27.299391529097676,71.33012885078388,64.85582539714129,446.9062843631513,25.304485859322348,75.68797524806799,14.337429493496971,3.736281371617428,60.674240320615716,149.91469025754827,110.77926640611196,Critical
15912.924252446075,7.0783851388353405,33.00089595070072,29.77770753003838,71.34946605231448,15.145847345857808,21.96005554979345,64.75746595645884,69.02509488556647,26.162135709698518,94.38884070021804,55.08009986196616,343.7924725409536,32.43505287717561,20.717692748641035,10.948998772043701,4.1090708190134535,178.14982230958847,254.12958877525787,100.41562232661445,High
25658.760454114643,3.0705964673871833,53.05760814947802,32.667679928950115,24.115864788682458,30.68619167338688,16.817552218997584,88.04630072452738,23.95842456439021,51.868902901339204,29.067988575907215,42.92924467597821,417.3508372851801,33.57902267532296,62.23035132347998,10.51382096941436,0.6073430750342514,199.56692612903663,257.4728369436857,171.18028263342563,Critical
17546.7440084399,-0.12079619184676971,52.6658838287684,10.106433067914915,15.476946900601591,40.36476636607846,2.4678391145548226,42.41354445539416,34.11968039158273,85.7270689188651,33.03960584739194,27.63227473641269,280.90908305334546,9.081452405427019,58.004865933637326,10.50479716922098,4.9811967519810345,214.82853687598657,255.29792748392546,116.98464805901952,Moderate
30696.39009477646,-1.2302833061912593,42.451620755779004,45.627876376564004,65.16832579616533,8.402653620476459,18.666520748686054,75.04116725338753,45.38593284288404,87.52450662297085,23.410768907048606,91.3470765875826,53.08314624566974,34.268526499856115,94.36600258034737,13.27962159802819,5.1952738547518,46.44284442984082,183.1950767975032,119.94363839889391,High
31623.86337638279,4.961561451379252,23.532951507393616,59.0957465064895,68.48403089503074,7.3059854920032965,2.817693183628267,60.80339754519756,35.19366594907991,78.95836765769214,76.30494792637616,20.909869280371893,68.22378152408032,30.92559000247144,23.236772423964858,4.654679973270586,0.5686135229602093,122.04450902250237,148.31721614970775,92.45493991882213,Low
15338.511513697484,1.827987644363878,88.19652505470741,56.746483020507654,21.385655273293043,46.26044737147192,24.9397659167177,88.79602959863185,30.502926160851832,91.75025934639581,46.59053530812933,20.132199051357695,286.1081496161194,2.5162207348543872,5.87229343743314,4.711354005148922,3.6984874309642572,237.56414072740372,100.28803626774192,80.83465466499753,High
10412.145105991754,6.218309465853594,78.26537493332688,11.826362329419132,69.80421879479007,38.055121655483966,22.07064381689755,43.8621024310516,82.48219031455982,45.8287955335562,15.642607499774567,86.14381918108367,177.34446494821262,4.531503528859286,65.34950697145432,11.19584300266257,3.645266682438917,196.43963247441232,10.974648002759498,101.30276288506752,Critical
21139.911172174317,4.595107686407702,49.86664226353898,52.52179439404564,58.073745691801875,30.309420837347766,8.83890619342105,37.123103889203975,67.44090217241822,27.05237154018393,88.74549923412522,99.7448752260632,125.87267534573246,29.788728579996356,74.01728402367118,3.6619655161068727,0.27225878883697124,42.48568973384485,231.7007285496772,79.32102380226418,High
32020.353750967493,5.962414505413685,58.259633814722385,42.26961818470108,46.40578782516087,38.920965919804544,7.920458294524225,85.40706988900222,60.89249183952253,24.65224223918801,60.190471423231,78.1682262170925,243.80332510525798,18.499267681239516,28.319600580755065,13.706694060975158,2.185609200944518,133.08755757932266,90.32950120407585,75.27382549415533,High
8162.514426192663,0.7194603941844875,28.180884284772986,27.230793828414694,68.11751349469695,22.585009342718646,10.773144888429005,14.185774119704575,30.33574397679285,88.1706175695509,39.79848628003202,21.22190704503078,339.91843563406474,8.282471981753634,57.084843093966896,8.161291358777225,5.819769539739736,231.7594367321271,105.60658966174785,198.79622498149985,High
22180.863841158414,4.9235892246105815,53.50296563133975,32.436659659483745,39.3474474523276,38.405875870838074,10.19184020223219,21.592758399362527,92.62689060417772,78.4349035482953,40.95846784549873,38.13521813348107,204.79613491321206,3.90905204429423,5.953606553415058,4.711836442964627,3.4216143631587093,118.40911929794868,254.60955520564272,73.88056387365114,Moderate
22473.0474831457,0.640619846937188,65.59761064971806,50.97601049894749,23.579576935637803,19.846543581177716,10.563769822863764,17.004376939643777,27.206473518758465,75.88922448088967,36.12260981718161,97.74581602095691,405.220283435524,8.854128648914527,96.0044841168289,11.708668966442742,5.61262845590073,211.79313807762767,25.152835565559982,58.712912031206756,High
25925.84276211955,7.390684794502915,51.21336227092711,28.80809637830239,29.939687362742955,13.716539479644913,9.32036056074805,81.66434630899423,81.54558395422094,47.1741070836535,50.993215515337766,84.68834017390678,374.491158354269,43.17310046582951,10.992497329916862,4.891113259166852,4.118738888088827,131.52327447931094,279.0098961226572,77.24557707009905,High
5473.301294326833,4.363742815333744,89.2228136467953,22.392442146307612,45.36148128053204,36.992644222062495,16.286068357511624,10.901630986477148,97.00054000347637,50.3924150894581,40.33375196393305,65.34398750437688,372.75914343659207,33.2853225875517,6.75705361519957,14.460191260956515,0.36466500569500326,40.100744152752114,10.39495750716686,122.24845472086015,High
25338.048799191012,1.2451180017534211,58.9073324998181,29.59484958155915,47.193155487122304,22.144270023548877,5.778064265574351,83.2408582172491,75.43834563018125,96.64908231194553,59.31516736635485,38.94885675522872,492.89105104514647,24.691333100174635,4.4110159494619054,14.749941382957275,0.6507365486806739,49.74590762398422,282.3590432993678,183.08819245840135,High
31907.105702631794,0.6951186229227266,39.677897007373524,34.74778824210295,66.39065785088636,49.10610100765735,21.457569726258303,48.35776260655768,99.35728976661667,25.1043795278348,79.61655270441648,21.14961647413992,161.7103891383847,42.48624150234745,42.72719065033527,10.101904756903084,4.388637941131053,25.96880190992223,141.87996241419074,159.6942075375746,High
7109.225701588227,-0.09073414928356494,71.77216220926705,11.34465922670093,65.39469065566341,18.775288750788846,20.685257132720253,10.342148702587513,68.5946005280152,81.89853895502341,70.70151550999361,21.66891781099272,329.4682814436297,28.621748820308966,9.715974345719003,1.97041817932837,3.4164931841403123,60.89896403525766,39.61556129402768,170.02581642438327,Moderate
9076.47304741184,4.946409588937278,23.637000926531364,54.05446381601944,50.69565900432024,46.24291618549117,12.95911378067122,44.139840063023556,29.571430924350548,44.77066589667145,36.50112034787054,68.95846908241813,430.6296032769505,33.20274309606869,74.46482409555753,4.1691700940194,0.937479654679279,224.99931346955202,205.50679649994433,173.21163602993298,High
34027.43319741575,0.187156129979273,40.76126509650132,40.45121692977683,64.65498383558335,46.782202331219814,21.612789201406596,25.878071488828024,28.34375443448602,23.124369473004485,57.586691038580135,21.74655010819385,298.1717282786773,14.154028195752499,89.88741606264057,7.876629344576013,3.7615635344509744,167.7965407966653,269.7983634591543,184.9003953249048,Critical
7153.216392122652,3.953032659274891,37.75671603020687,37.996135040249335,23.42414208055697,13.608941459107815,7.684336610696746,63.07404143513386,39.21078558299287,79.40560885939648,85.61135439210257,99.49041135402982,398.96104453538845,27.32621927433542,26.021893232485706,12.81627751644033,4.899666691295538,188.6313796974841,137.0411168858098,54.66353425268718,Moderate
30049.09317456569,0.6463502692535732,44.54456760862218,5.969773570838289,13.504516896530603,40.31461671622464,2.40400548119124,67.74549714333996,10.641701819890546,46.47295085426997,16.138561126845293,34.67070667949905,218.9370492031579,8.16952150480713,62.87731192513989,3.0178315050478206,4.56729809476915,161.09044272243202,210.49379216889324,97.08954589711276,Critical
17737.447119233184,4.619689447938686,72.54238607429811,36.25043629035551,71.15436758442901,22.787576246939125,16.241782275685928,51.43984348442498,71.35286230745511,77.77180149942373,17.04675402882143,76.85658894954219,303.43584591430624,19.392775243504342,4.233844701181777,1.8347308475048052,1.6277422681859886,105.83673365251171,294.01518885489526,83.18755664952484,Moderate
9405.856529708019,6.149397285405392,48.73384257307259,7.2576397343095405,15.28881456339387,46.041186907056705,12.531916360188454,13.444159662371948,34.18010061650448,76.61235064944961,60.05530612447781,32.404777712993074,46.71986854607758,3.429333974424235,38.65644716927954,1.394819002878823,1.6975308066050545,65.96236620706037,79.80323887677146,82.55662897656508,Low
30605.49664326539,5.780252431446532,73.52115602127702,4.721860511723943,27.268190082079812,23.605965086491462,15.044784564805026,65.77094837121217,83.36649090634775,62.782950034649204,67.52036155508229,63.20747368781716,493.1684507959104,11.315007766055261,29.294211342772837,7.752423166692689,5.81345926959226,232.51942724231023,247.93034250757955,133.93389382341513,Moderate
16140.378670090628,5.608513309307817,56.11911225118927,31.6386537385436,58.67232647370692,37.72657843219358,22.68480640742327,81.5732966064693,42.32553855033702,82.1898503368439,29.02717141983137,26.448903077297405,404.0088710952403,5.219351065175012,22.861909644035883,13.305104253042176,5.346947852485754,135.98499866613506,95.61876171068121,86.34258146037124,High
18503.790033609468,-0.1227759430774793,37.365554772604426,24.1671320427897,38.66135563391164,24.414435639862297,24.3082881920167,71.22756357274412,53.196084411698145,66.48306593369948,77.06981140223662,81.34227396265945,437.02835438309575,18.67448923881095,64.4723489628699,0.9226808668652176,2.0463564236990575,128.05847208386575,133.6379039971464,127.1027581242687,High
13213.934559592033,-1.116150530154813,74.79829949467779,35.32861620937339,71.34197789408562,12.934436274217097,16.59242221437887,80.54642311120207,96.91200249043324,42.93094822786085,68.16370393366547,66.79368757798638,353.2612535086141,38.25051207945508,13.022794635853629,3.421126549704958,4.979516040080249,249.08446081948324,91.71210186420564,82.63307910828348,Critical
21160.328948787534,4.989488284873856,29.06317364424733,5.353330083434315,30.858585626358867,11.568806189344942,19.57327856660608,27.043309501825433,31.795491074254937,78.72922408515352,93.09603414126578,26.8933354721132,109.30401574817574,18.25116657283728,86.07105232969884,10.490878132840676,1.1380834724487634,105.22354727129199,139.3434070458955,69.11435471764037,Moderate
6559.8116678907745,1.6834721379435131,27.950638383983637,25.858983770835504,10.83099426685515,22.420697324304587,3.927593970204778,85.55547487080102,74.91286876867656,67.13118527021788,25.205878167268303,87.88689513600045,34.89365236065549,37.76050391776966,66.48359063687347,12.440192496612617,1.3416783876940734,215.7194489996762,11.475819404201928,77.08466390420435,Moderate
14296.772246159864,2.3234622640334734,50.36023392438686,10.487202902709479,31.04589483925209,38.26374353668231,5.696458452504629,37.38644330507684,77.96060103748755,21.018182535193645,77.62368388222096,63.76148918213616,435.03517171328656,30.229427440892156,71.07351786880581,12.168773080697793,1.2509371123030029,217.6508541744612,97.99726572577873,162.71384064261437,High
33960.01895939978,-1.6885090720660894,30.86793967696711,59.226005155447,50.46525344293821,31.043431288676807,18.863710513918463,11.139409211419238,29.889834177127163,92.13153422162475,17.527878152494033,93.72738480106544,210.2387137933391,23.909766205125596,93.53443086576682,11.840500442608866,0.708780495078388,69.67749943408197,139.13527854193177,124.1996968834893,High
9776.536711838336,0.5957644927504919,10.726962796097306,33.66901274611046,36.31568627823053,35.05420591522608,11.921405496924045,81.688289937971,55.089715295097605,63.651489465945076,60.87631685661078,93.32986989424901,146.65514049916158,12.186342810237212,94.23728715025148,2.2080570719560972,5.157133073735861,37.287327702288096,193.34965327476786,195.05956927315677,High
23329.046594403935,-1.6632359612553598,61.86380218390412,41.24621165645204,47.44109290311287,15.551664835133238,12.257201219301331,90.05480786200177,41.518173278167154,89.49018123836254,59.67056255492312,93.64062315892659,289.60302024269333,41.65271199229855,55.16523238192358,6.139392458088901,3.557080009586537,244.2707271932281,194.83480344101358,168.20468301214922,High
12056.462183639625,6.791857726012477,50.88750571779184,19.52509684095647,71.36186831845131,25.108896605965064,9.097976677615042,65.72244678047466,79.47156190600802,90.61894711857957,44.954654018206654,26.222816016037438,222.0312907883453,4.330634780207431,49.53798172859805,14.775746543626674,1.7019453364648436,115.08576307185822,179.29782935644292,102.29831558346781,High
27298.086273344423,0.4339668321853045,45.64142515945289,5.684334886760649,73.87395379612579,4.130972718527696,15.969196819988108,29.672113589391095,66.02349871261336,55.59733253880708,86.01140329017105,29.676620940361875,332.79967793002737,31.62325976104906,33.53816082269101,14.836647302344895,5.122199189820046,15.521775672395945,94.9792305817661,56.051503667874414,Moderate
5449.704464423894,3.5733716957300805,87.35748116946523,58.552251767012194,28.618184525787846,41.24155596598979,6.25879604457266,31.398279464015083,52.838474937449234,60.61279971609848,10.393358030741101,99.01646477729584,252.22075186616652,28.71331539080286,71.55716102024682,9.155682661726562,4.8553512044783576,132.26919094980525,284.74725162136616,138.0427311764776,High
33973.91553267052,-1.6102067933886959,55.6959347170331,17.175542122990993,42.34983312889305,49.51482378751398,16.4190744242196,49.66039424202766,80.14269385429465,53.260351014048155,56.816146170866865,59.00806571189648,354.6719074113299,20.964785457030654,53.820888697981296,10.726227909400674,0.7855188051409825,160.53558548065084,123.67124888491881,148.0627451892678,High
16428.844407043733,4.66847391305658,79.07452622315076,25.428491110414452,48.440081066901584,21.530195005984204,5.997373714110513,86.31564176612066,31.164001300757533,55.95494202464364,29.543819485166868,39.05712422633181,429.6431693643886,12.333801077582029,93.28750797401246,14.283871805394044,3.936008367662837,197.38073815028804,72.89924295932676,98.19343616047222,Critical
9025.715753779776,1.2302734575409389,21.156018896412814,38.9918353021545,76.4378719821773,2.5262553503140808,3.467998798323413,22.71580077254246,77.82596925259232,91.61177271773822,76.91487572047896,81.57315907989263,113.86736525877873,20.519925284346474,23.862594871260534,6.913939560245793,4.3866348888494695,236.59139778255508,170.80875250371633,53.68520515803123,Low
3498.8894092204305,6.979191869576658,55.53651705035421,1.4818378611666772,79.90321234150693,10.150046698445474,9.598226840078404,80.20776191459639,87.88368808835419,83.05152111743288,13.876068367548745,41.14281769699856,178.12778267143366,39.52922719879709,31.025268625049073,2.3119428108917606,4.351798554518591,230.0650978021838,227.18931426546493,115.87528039402038,High
6771.768772976385,6.881181889340358,79.43837013847224,48.61554783103722,26.478507418906865,33.3212901320201,7.316227866226496,34.76073873993778,89.07594371268152,30.12205410524624,84.83992193634198,78.17725504149138,229.6714815539067,37.98094274096303,31.609044741996872,10.13354847008635,4.394227705552837,235.9319177128941,13.547736118457205,58.227557948294866,Moderate
18672.3142509046,1.252906183617478,56.64846058239184,32.194691401717215,60.88859099420708,31.37980727378524,22.446807686795644,78.72982440147332,80.53062337176435,68.82462252320767,85.42830040362563,86.98286222798089,481.7880550532663,42.47939374901225,80.5998454556707,14.413503882037695,1.1828551567644165,22.5494098409761,90.13976214470875,188.59968034978314,Critical
12458.107998663734,7.009608956904678,67.44113425016012,16.693031224129328,36.46217435632366,39.81750654010611,3.263929438978412,88.22305179613079,46.721275029844186,99.67253123090738,84.95794111631525,82.74107018362244,195.36013450279293,15.235107884885664,9.904033184215233,10.548929579834528,2.0275014347588622,182.2669214501599,249.24357725400867,129.4880071264067,Moderate
29182.034440008723,7.961576734987789,39.763485424976594,3.696479117548155,10.567573782034925,14.186432526131272,6.062114929204825,46.33697911951722,98.36272204460442,67.64405609859887,23.731167405940287,41.923824655834835,202.92792780446217,18.645478809861537,45.56491209889797,12.108820567248944,5.096235349325882,68.07662125933635,157.03611708182348,65.46688271715081,Moderate
15650.175804501401,6.254156641239481,17.39596136296533,9.749904928466487,10.647676570513164,38.65433194626243,14.620550928410138,41.029305598970126,44.16342794401959,82.86973004744844,66.73658667049403,52.129485926338965,333.66681102058936,2.805224564374123,42.75807369730473,6.514407418368042,5.410672151319788,59.07488149332869,128.4616083281751,50.98883078355967,Moderate
9456.285267979416,6.448713477552289,46.63202361016572,53.70203153120622,42.2396205293579,35.02323303313615,13.064545389491894,78.18881211256065,67.47628591921831,81.52491787049368,11.293062326505064,53.06008025866211,221.21586074717564,42.54684977296035,7.313962101375859,1.7180083659293106,1.8192955420762476,203.07486362082383,279.96137107887046,146.177423843173,High
21982.929544537023,0.49008736109089934,41.558351267108605,41.16145343615346,44.183443910303424,17.49509589026448,3.0545964226181352,55.00604500224849,24.49667602625218,48.02540206978628,86.31663321602798,59.30183344835775,476.5873979070105,16.163773948142563,41.079699854434715,2.7825666723104794,0.33351319383096417,113.02547695562676,35.96517816562322,144.48072324593306,Moderate
25030.425374105158,3.767023988577563,79.36481459031579,14.99410329821339,11.579878760140986,28.183431106734176,2.166805844348323,68.17816911937174,98.24040087727535,49.74794421631671,75.06776741577585,33.38982812321088,449.34500502821305,19.37904432591871,51.33779832839813,14.745025992701514,5.186648293563427,230.4010178088489,188.51535822557622,123.45512398662922,Moderate
6679.424868632295,-1.3274408603263215,29.51962418819778,3.936045896701772,58.084919174201175,9.069142807919683,24.725562665106448,62.94048514170026,73.35873296781969,77.92611374323226,57.80383578093274,56.19760403314739,266.436213332323,41.035598292237964,6.510469250491324,7.549809459816027,2.3871326593854794,24.972246336991056,109.23472771069532,126.71719478405205,Moderate
6699.0533538028,-1.0508206317833029,87.33873820280864,41.43691874319818,30.580237201646717,23.723096164907965,17.153198108253278,22.995551879807685,77.80397907217315,59.99868252838681,75.75322897869555,60.86263924123838,329.4921122949679,24.643732497172966,50.986212844466735,0.4767026756055732,2.110888624567631,203.51249492948335,30.53878550494846,124.73511053686838,High
2246.8285157404607,7.988926120332906,86.6510495843597,34.34446355806591,49.19251710751646,44.29747229867077,10.404341010735807,81.80718062461274,15.919903307003015,65.64565673043104,18.489168698659498,62.53671972648419,47.85466970413786,26.34550529548555,95.92379046834012,14.343899026748256,2.212598142194029,47.15608665140998,71.98590749713784,78.41965489399827,Moderate
26037.668512231776,1.2663924942591094,29.810531445715096,24.271171467494103,31.064335121579315,22.217186231618758,12.819941696254551,26.640884470116575,78.70760327986046,77.03246322918702,57.579024895917065,85.59203439875665,353.9506534555511,9.578012040489424,97.89143231615323,7.617364705974478,2.611039259012321,56.495642367771346,192.10063177501246,188.10873790141994,High
23569.353939141372,5.481839120488464,37.844156438185635,21.81668695140383,21.699402040851503,42.29920191082026,8.130652770448599,89.24398224601637,79.72510862985412,82.20600216312403,36.21488426348009,61.38675987835961,359.45641901553546,23.44238089520214,53.16797785898112,12.593145454890013,2.3939464055985424,127.17765314825725,18.200310817821652,101.06290820995437,High
17137.449775493675,6.066650530268165,81.6444592699108,13.008856555746497,38.50216170192127,30.33216153246533,9.932097024943825,31.298559770882566,70.45954537260069,41.72132621864571,97.53575169006757,38.46271380109401,192.41566190873988,41.48296983907729,51.5096932602959,8.362334687942335,3.4852992149746505,107.9636361051079,181.75215646291176,13.862301027662067,High
29701.795264952703,6.580232710072291,87.3297776716886,40.176675392251056,26.25913553533505,11.210082228913125,16.92802274716892,72.37988272826806,36.271865241130925,31.743500754957033,87.14061555615116,73.05029905953498,125.44778414013088,26.02487778864082,28.550816641639145,1.7950235700189878,0.6578536152895031,129.25049194023768,287.4866221530183,76.18865505378183,Moderate
28392.78520030181,7.976282974021565,45.47512822688353,58.24008166763223,47.436068384341766,29.89309974549903,22.304671373949525,34.19570844695532,54.07210379447934,43.34357173789802,75.99481262505792,83.78513152693002,459.23763287216804,12.970003679509597,99.71154717121016,9.348872857339616,5.834933126989387,235.90623267729796,240.5778580873781,34.75368994304391,Critical
20902.048389489573,0.4149648525686782,35.67976365127183,10.542914750209551,23.9179971200536,26.287199799539046,6.234990530867252,37.01175972988343,19.939093417784484,60.60306600736604,94.03728717247587,45.54973331506094,224.8183523864613,3.340777157794802,27.422917102522604,14.961784061898257,5.631415999938535,169.4863998574397,110.22315300681524,79.04292029909786,Moderate
30521.223537450795,-1.596491731403003,52.087521060123365,35.8269972009302,45.58841836512389,21.134784089426432,21.32831462386233,36.350157486495945,52.44283598132373,47.37130538376313,41.21589741089264,71.62447432140841,333.77893030482113,16.460976258524923,45.29013004399564,0.8106454048953631,5.619558550369895,83.22270473287014,50.08021744486641,125.5698721567892,High
7998.60114125012,2.1119151799458598,65.02153650925878,25.45110334475857,21.01649604082073,7.742261096771376,4.795802478920189,73.57084159221708,31.944146734036437,65.4690207078075,91.07919090893631,31.75503967568101,35.99782158860286,26.621409304771692,0.2934057802676526,12.674374703471146,5.2998102196750985,55.63354739469357,144.8686858347638,14.306250159165579,Low
4805.267059522748,-0.6991933017105305,31.877961229998384,26.801323304679894,56.96822966400495,22.00201586466703,6.944821142532998,57.32928502739841,41.41872878446738,24.277257930050276,39.27144088960393,47.354104366245124,218.75223995688143,3.832371399945695,34.923229090913686,3.7615676960662445,4.029892552654032,113.7108746557694,123.95562649173758,175.338100933295,High
10171.486791577647,-1.7757411083794488,68.91785396952582,15.248836807668864,62.77563791089968,5.4925940595021014,2.8550316251418577,85.05095874703726,24.634036756332875,60.78003292910138,75.95170477220377,92.73791436397073,412.28422928666237,28.221080823519717,7.14403006088239,6.089833473869128,1.4824296639409078,121.13564140791833,291.80255840691706,125.95873250895335,High
2940.9531070367048,1.604268271414861,14.132588569171283,49.508092539685144,17.727596397495365,6.74091446714006,5.238672828138988,36.12668113234381,30.704893097220733,49.43879255501663,76.27752205988041,92.90465305300566,206.03648019234322,24.50679456607885,74.38247703851323,5.778829823061561,0.4870042254489593,156.30418632638631,297.06173580744235,66.12065648920901,Critical
19059.76395203509,5.837382510752365,13.943559421153315,29.115336248834467,42.74616884261374,21.96399358077037,23.097972345673163,68.81936437482327,16.89117776381046,62.773340391430594,11.651488880868413,66.02596629944509,309.5173568657009,35.68772517416255,56.10144530299323,13.51231875575606,0.7760621757342463,77.51063533184546,129.06955033389943,69.1289830456135,Moderate
32844.59353802869,3.661806912250709,40.90301641164362,32.60435113189585,14.961019045841152,16.658311134486258,12.567091172222707,74.0006309713644,92.79112297932292,53.802668390798146,42.495372845037565,76.18811686920853,120.73078423257894,3.2421914076943588,57.21718772876565,7.71594697582802,2.079156502700512,195.36467306775194,53.14735522368168,98.47695353806864,High
2337.680382729328,1.1277798921035407,38.27785536485764,18.285654767839546,51.87277118794017,46.42612764138673,3.7863148209021316,22.875979607546444,57.7369619177863,42.738068051003395,11.74894051676481,88.3212332164753,219.93231144298858,35.57643582720571,28.6511285899703,6.873462016466084,3.122521547875556,38.13815768765467,274.0767693964425,57.137443140340764,High
5151.737076340911,4.543420054927197,35.25065722937218,10.908507940016985,28.508300855075177,20.033878658252988,24.07371727489611,44.05009537218395,45.70677741364657,92.32863243661086,99.73828158492238,96.68425482501013,465.26610466552955,24.397712967598597,81.48962902529736,12.324969099900613,5.960867812871805,146.7065404461538,240.12725994342807,10.824966274579781,Moderate
16374.7669616368,0.32018180308810695,49.2815810135128,5.154623292169229,46.933711978709546,38.377189859460806,22.216823078448954,51.03948701978494,58.15262914919055,34.78119907370855,20.99770856463142,59.190915223181555,291.8968398564978,17.932761309527592,0.3270925331250174,1.018934874282732,2.7255722524086754,161.52993851236616,158.26951993015228,15.045915154060008,Moderate
32751.750595948768,-1.8561855392791498,35.6586865849257,42.84714845549495,46.222270656900385,27.45188126557965,19.35769797996725,40.23342814102182,66.54639056333974,74.50924604644477,58.852980608329844,64.92605893008275,452.9271003646071,43.511467983429434,33.360117916419206,1.5709078318997896,3.2429473248499856,63.60542155030915,115.95284647439098,77.97072767468377,Low
11749.307569209517,5.643533864364274,25.380633477447354,11.774056901271337,74.70480423356602,35.796112094832104,23.46987421479383,37.37957065737674,92.96909140324142,93.97157700659312,81.15006148863735,53.25132533182642,452.9692637549808,8.885140531150281,65.94974904588678,0.6188261960814527,4.231912033690867,209.11266736741095,139.96809000392096,33.60211855563557,High
18245.983495405344,4.237430848640091,34.75756392708807,41.404521251327864,48.435825579810604,14.48556718473916,7.062976679222575,68.34569098979956,26.0823657057682,63.093596774834644,28.11372420348032,25.7585549645143,473.1909442037502,25.276980120917578,90.7922537416921,10.413348688910995,1.2482570285972183,159.62654942380422,271.545540838482,14.24909818294556,High
2413.477207713331,5.6230262450096,87.9923418248188,23.422586762817232,50.80989358028209,47.211438696239796,21.236493739231985,28.34864380105653,36.599724877169585,90.11267908635857,53.654740128592536,53.82427779590547,449.78799683845057,15.802203364476572,23.461595692523307,8.026557215063963,5.610396609061083,166.74472044227363,63.54659985142616,173.26116130661967,Low
6043.668832711021,-1.610619833123344,42.88907335958789,24.94648805937909,38.115718803506624,27.44424785189235,17.869797516149042,70.29821334634595,97.82104027097033,29.98811827466275,64.66858848290357,83.25018715064617,21.57494192494431,24.681914288199437,54.11000517274181,13.177525250263756,3.2684007138878584,131.96972385440804,243.9672211258066,62.08608959214211,Moderate
34545.42418060079,6.371196278306522,45.57702214866686,28.150649765566303,76.43557222279718,41.90355542169198,22.004462740056834,89.47875669321209,43.407368798367195,59.50310162051265,24.418427895599084,84.3908398393223,468.3271479591665,25.747844460957722,53.799142053332105,7.628433673697303,1.8022868044902578,228.75464103643955,15.27528351987506,105.59328966169222,High
33814.035678825545,4.195262000363034,56.1235991960912,22.06251048765259,64.40301366077267,19.522193286853447,20.328966012080485,58.041789300108846,12.030548568159487,56.562022438475154,80.06999139203846,91.39016916746398,85.98053076098067,5.846274682268368,87.41743690436998,3.5607477196013138,5.623632120765275,178.07298164959175,276.96587801120467,44.0877259964084,High
1167.959351769927,3.6339535071264013,88.66726147313813,6.0371986333554055,29.97837032119891,6.810144754425178,9.969386453066974,61.97191012285529,23.287914337344294,20.64950456295959,36.94028114704288,24.117336414077528,39.16460053335227,30.42881131748904,5.051688955984234,12.135666384634916,3.8276135876419106,104.7313577505042,155.08621109739966,18.87774472631483,Moderate
33361.600704390126,4.246140481145316,29.32810211486104,18.577908600170748,69.09467100433625,34.33815909060074,19.811166351396878,15.859279680547573,12.370483157369682,55.46058730874676,28.99207687049563,62.17236716645071,46.586496597465356,29.282704324517507,42.447556107070724,4.626560657219556,3.0054004412454205,71.07238362926026,75.75686963893993,151.52459690283047,Low
22730.077885727012,6.644332468683642,64.50256884259471,39.824061641636305,40.2677452129563,2.3724631201963753,8.036494968652477,83.4805368075154,99.09308281786556,49.522380510607825,60.24598717936752,28.5939590349661,187.47977368468813,35.08709280928195,18.246567479193153,14.054639797637472,3.56490427777249,31.6994935835195,10.8283858169829,33.74180238288885,Critical
30509.222013680752,3.8693650655890703,67.27877548333794,39.94706408813226,68.00670004735159,24.814062875144398,9.557619749645262,34.26306191198857,35.098376409210076,73.58389822196924,46.92822648786441,36.05937465325947,317.9859609290209,5.898315227344353,2.153260029859805,3.9812311514279344,4.540152869650314,53.85979673738449,172.26847593598453,14.886211456695143,Moderate
16461.15509155121,3.809503798881793,58.585953343445276,17.173458434399663,67.60216478054514,11.254491327990044,4.481831496128452,62.27934906992802,93.11884812426034,95.06638228612148,92.8257350172776,92.01732019044852,213.1093743291188,14.782117516858575,14.703094052048282,2.765493597193216,1.0963204214191293,248.28049373966005,80.90148246235306,121.57376237004786,Moderate
18530.26497169451,7.906791570657658,17.086267170931528,27.606157593461276,23.220913073399807,32.114024212897384,23.506762167550782,93.22453442830819,99.62976481837443,26.86328706096292,89.20564283783386,59.74330067437567,32.26605663170215,29.954755788308354,97.64706728481991,7.5518626752071105,5.216016498078707,110.59022055803544,193.06665744314455,12.558838760075421,Critical
17620.783728735285,5.56730167068568,64.14978206620611,11.60683368071625,59.079879196850385,49.0121539106169,8.693077358206477,60.617721048688665,63.98570990288028,46.198110937169844,53.50155970499949,80.68359367172908,248.71166440386307,7.879425514371165,21.48485095202679,1.042572234162577,5.765139499729635,226.19149841019058,91.53909162109369,92.8943295139611,High
23673.384756567546,2.422938054511353,15.127576882894038,12.622324891790146,30.345007851457176,24.291339503391008,13.974316698943392,71.60030643447209,12.987668355900558,55.52517899154015,42.33373972530378,25.150728474294468,232.22275628978244,31.13672306390302,93.50307733358,0.8352524086944793,3.4885979801504323,55.08379886803714,35.526968465165794,64.87884921078508,Critical
5748.142661714639,5.073970000329277,57.691411963991754,1.3828253043964445,30.824486899486775,41.239916313232,11.00065523872243,47.85216754901891,17.343246734823428,56.41483024275067,39.29661834681387,53.34612031398816,383.2876474407905,4.538148565278188,20.525434263094166,7.5914138152552315,4.157170911426069,114.95980476509968,156.46497265463222,70.68941713817304,High
2019.1020556710505,1.8923047169178848,69.16649417773941,53.80479299446468,30.74436538164065,26.37364097365381,24.078346773420535,15.131096698779876,53.343014959708995,81.9847776673803,34.08072607733567,73.93922245314701,154.2141912442104,16.402056777263994,93.12952273844844,3.462071147683377,5.187034188908196,240.72183975286043,173.70086352356185,10.740818191665657,High
11469.618014100492,0.2887546248349899,26.877591249596033,12.642399904494372,60.789777329196376,25.800321492993156,9.706130931585095,77.79594470663203,46.555481162033736,55.47165326667526,59.00930683412295,30.672518502257063,124.41496342129624,38.40857826029832,65.46209352003144,0.43748378440916513,2.373901662215703,36.41607908353548,141.2511074064697,193.2257552727311,Critical
24959.145933045987,3.968518768877594,77.32976060342193,13.6520326161878,26.087822925477525,46.66032767258133,19.90655389272185,12.974901507438782,64.55595752035909,22.17290411629227,82.44807442610892,46.06543032845465,142.85069968478058,35.29452548638989,11.321857750192677,4.652036598043368,5.95842441031791,154.58630669593816,142.8303107556366,108.22298947187221,Moderate
7863.017372180244,7.281820981139514,12.428304442640341,16.77608595870791,10.063408467226315,44.71836169984071,21.67457155651714,69.5559154554676,49.49630287402275,76.8083275674265,37.968094738320204,25.16382440191066,165.79511486232704,29.72471075476478,58.19151551265777,7.317300101544901,4.146907941980007,231.005396663631,180.99853709100447,118.77730527791992,Low
23896.70273304719,7.291395200154627,77.50502909266449,7.64448430172574,60.06657974378432,39.71842232902277,12.018949442062215,11.94833371771914,94.0669164344336,90.78637561165374,27.108468071927334,72.10719526956083,307.5991392162399,39.42971191487935,31.851403754027864,6.09604391146822,2.6591924504762963,238.1755926442489,162.6425177289445,136.5632721332853,Moderate
33977.0095676472,1.4190527810549032,46.82632405142121,38.35577299088177,21.98293206845877,16.22027615920564,10.697951732417419,83.295945109017,58.126574387215996,61.112377003973826,52.79354255649581,97.67130072464948,246.33223301699832,32.49859039940462,38.31531559780702,2.2914011525582194,4.128560255009438,213.81175712126728,48.444586270170866,161.52914029945572,High
4192.624336840225,3.2767746622169494,27.40703519453156,4.508577190655194,17.313767671548426,28.160403954749146,19.198153881450445,23.39906304580335,72.43534553161979,66.48868173588042,16.21309751178999,86.16363929142638,181.7093912859478,24.33312952406453,44.017095783497304,8.82121996913007,3.225744188577931,216.1445916046351,67.15483748065938,125.5027320987434,Low
23868.472019654295,0.11635898569861203,20.70225159951744,8.052145579581016,26.62612844158421,12.74706719867288,22.996607547043386,53.713077112616844,90.68367453782469,33.03491511752369,73.11511055167361,97.96984934460525,199.67079597616564,44.127852516588824,42.270702253033456,10.741894969870264,0.8475211149225181,168.2629942176044,51.11940201442452,154.8176400437287,High
16087.507456355419,7.956311094988834,86.2645734065898,38.685403595405575,36.593036562589276,23.308001506233907,19.36342986066148,60.75780988106752,23.218468824988662,37.65167557431656,56.65224396717402,87.64838360787172,198.04335687630856,31.87881143094074,66.41088904830289,10.230425683800442,4.816018767662047,66.79943040232325,211.0557188437263,95.25970592894637,Critical
30516.836648835182,7.811179078679357,15.813247006492537,20.379637228886565,43.31344292312405,25.24222715646995,7.223906408612909,48.89135962674003,30.67611887066757,38.81361912996894,54.673732717556874,88.41566449575829,486.75521346095235,27.858788602959134,76.83680685907632,6.088300242864105,3.4733783654670063,186.70945795395613,163.29353952842015,80.54227667685278,High
7023.092841211121,4.495089297074474,25.92747359487405,42.476869602071346,13.119902849884157,41.91872192812788,22.431078191067222,38.964896594655414,19.658679442661356,54.45935799050362,37.04008415950202,66.1741756297074,131.83855426541723,19.58143412100328,32.91776892011213,2.322663422215376,4.815904235668555,244.92034914779995,134.6579858239692,166.39544242161517,Moderate
24549.282375689592,6.044140596774733,37.825787794643674,33.44548468020852,77.94013328391523,45.009361535599666,10.91437835104716,49.764215175382596,22.567455930692105,94.25161767165137,91.4206093778563,61.46018491305679,412.66954893068413,40.80373743889917,92.43639616856898,7.642455570313623,1.0984892541313016,138.59437594811055,241.51830862912632,174.40899959295797,High
29495.919848035748,5.151001612837,59.61878791688964,15.361270383690783,60.12441373936907,21.901762995030936,15.253276470892489,36.470339079898494,56.13255702408098,61.742781337190884,18.143766266459743,52.500341314226205,359.9412020423298,14.71549111101469,93.84663140188765,13.389346797575115,3.3224715094444988,76.26387938307178,104.48045133063349,36.18326725951742,High
33116.88346211679,3.931582190394682,53.58408682208787,39.049677029359685,32.62358457270353,2.849813363515386,21.123019243732355,47.24039950187337,38.90613330707176,35.36781161610821,88.28416079983282,85.44759160367039,22.673602689704282,2.3964425510688154,4.06904371511434,7.190225879436122,4.646420778834894,149.76570092477448,174.7509322963787,113.10543552241161,Moderate
24230.432961847957,-1.466520030111023,20.05147939298512,6.976420817572839,32.30880800997781,43.36514430988902,6.333079650211321,40.507604234832606,48.08555555740794,41.28701886951597,43.90346821743304,34.56540898224197,496.72458470023423,10.459842464591478,1.4908788883018498,3.176511431201338,5.932166492026631,177.29343371654485,31.578204432157545,139.89206179237027,High
17903.94197628653,2.5476434255266103,33.17823869905717,32.18462298480183,41.397978455792156,10.365376568065313,20.04373312058372,58.12740999810735,98.42408486146556,50.72120237817474,89.25611643775201,24.497993265935456,383.0908979041153,6.709252153521444,42.5066330151061,1.6678835554778366,5.3295042030345,63.94587271473708,225.87718430928246,25.883759960073697,High
22006.80616684127,4.747863021674105,29.100141686881926,26.22888630270208,53.83713759341231,31.85033426673889,15.711744351945583,30.223553790823594,24.10339130163533,69.86071805542394,75.58853124991452,95.831505814774,347.5758014483798,15.716732289442099,59.064525098765856,14.17572158005353,5.213227836951708,184.0094966882143,211.60580899652106,186.62339518112282,Moderate
30542.76947227642,4.775316138836846,27.083428359227312,16.07241496904645,20.246114661227743,3.1986032208382973,22.54685776203499,94.03580716769106,58.673086371826805,55.20265224032043,19.375365399583448,20.302254816278165,214.5558596847859,37.512783130713565,27.79047474520616,11.22223831049065,1.6352688012491083,153.0467218378321,242.6900924960958,108.82085681625485,Critical
20400.73138572021,1.7312261842238357,42.891546918398966,36.24029986437001,23.225086963546662,21.176310812507083,5.9553192424014885,52.57394603748407,18.898403954828588,51.395587534154,84.83826578584183,98.14634575006815,286.497482678859,30.01577647069532,25.941375108577436,4.90061449869709,5.060310689912475,158.90222864979228,266.49802782480054,132.63690929018293,High
2033.1600296924532,7.416919866580306,66.32251620733255,52.280015540416954,70.16042079834855,49.32609450153679,11.675691451941354,26.503776580233318,38.66466819374908,65.17828803191958,71.39591503295546,78.30826958990127,141.5700299203857,9.266165337049639,67.83338297091906,4.641680371216064,1.1818314097491858,86.90716348886102,229.8281975156714,43.866122137167196,High
32652.255647237245,-0.32642967763219,27.396234577378877,59.9342819857846,27.93784467223508,6.833292852982549,21.15539113593726,50.55067371321816,57.47733313071387,39.346799596357236,12.907172162381361,46.279913575826214,37.032034469934786,35.91933400697056,60.17042846555698,13.459711754822184,1.3490244543809145,51.48770037613227,254.9020681369152,60.24259109153119,High
24443.90953507308,3.003594462155606,39.33431037623851,36.46576612460547,36.61364985826243,22.33727129598283,2.4423291795054842,83.64528600961006,95.1968571368804,26.312261806766575,22.033241389870298,75.82558744690482,421.290396054067,23.681454242274317,16.714687499310966,2.910253051701871,0.8386771137121378,161.5107253968294,110.23983369890013,32.99023116942844,Critical
24001.455116426383,4.908839765508228,41.27339414729298,24.28235245975021,70.9890295665082,16.743197609117704,4.580631435609785,11.853577415573625,45.21053991551347,21.95314518577777,67.20652502521256,85.43001257481019,450.3125569669624,24.046728837086768,88.45009632651588,8.165048157951205,5.174059878139966,152.7647524508544,109.5678349843325,60.15975715223888,Critical
8332.955181522384,4.971358058918092,88.11652235483281,13.512426012972096,56.420348057987574,45.44422992263669,24.7829998934049,67.76210012411954,15.841602659320284,40.100733077370165,69.63404525922564,39.628964478914874,97.98590557483514,17.57082378217755,67.99760701610698,10.788512845135731,0.8278760794176483,94.43286411274416,283.8472377709467,103.55538540544177,High
23402.105987910345,4.486389567688155,86.3733085503255,15.425765363706706,33.919831553918186,43.728325179553046,8.449066107578062,56.577262727483884,44.93453031642852,27.327362731557496,77.19862895538355,81.67165466236655,397.78692600595184,39.17850368734701,36.25762491690083,6.1269381738956366,1.0010465825210582,84.5350118732835,275.2266155345994,168.3896238968863,High
14391.389792241389,0.7528821345186016,74.01100662016607,28.76729868898594,57.85896820072345,13.409540494698984,24.437493455650927,24.41242952146152,23.116705828657995,46.90725108166134,74.82208606974837,84.34957000065921,375.7532831771162,15.688074065799084,68.362468999115,0.8865644353834017,1.6261454704778378,96.60244849063676,169.06422892051452,111.40744885386906,Critical
23141.92121941073,-0.4379343131337803,29.33271366553481,22.036662076842553,11.37782507669896,5.897013778420696,6.1982256731995,79.48549734091826,30.699065196230077,81.83468322878045,69.35679592029595,39.948370410027636,105.62000092932342,6.048009708796612,11.265308676781594,3.6480545616769664,3.521441972899718,130.12258454722274,116.3020477290673,56.44808366390826,High
4624.163030471685,4.3594032682671084,15.442985127333575,54.82887135749665,61.494986200795566,32.10264291493364,10.305172189168719,41.35519290179048,65.62815608484914,77.30354643894707,78.96150115717802,23.354108350238683,222.47782523590104,15.017346740793638,46.825612457405605,13.556579620402895,5.305045074742338,244.0826377511229,261.14044377505206,18.478004229238316,Moderate
23366.740356503225,3.9930211613943776,35.35233101764998,22.097728059342572,44.09112283613676,18.14569817041807,19.315997223582123,34.97317244931813,16.068147958331352,68.8742098230423,61.75771353031356,36.32978276464782,222.92380200036962,32.76020248951909,16.89844095595593,7.989848812541449,2.6257233004822953,194.43768617615848,103.78922840393619,128.17426882233087,Moderate
34980.06667620267,-0.20643989710759025,31.343563954706468,22.406675468726128,66.92275030991229,34.26005074909103,17.128903366478106,80.39064130783659,51.82513806250336,88.2000195103583,33.47122469720094,36.05171271115155,384.78284398651925,30.27602113254314,4.143124612843662,12.286986323373156,3.368458505312354,215.15883870388978,54.55417403938887,89.83038049966314,High
2639.209321258905,5.051391455705634,50.47406401171151,23.012070746038617,76.82463564045278,3.541748291255095,15.365815198368278,64.27462892629148,64.8515427409688,42.56540996354214,92.11389523576464,25.219236334038655,422.07723477250664,10.084737602803846,33.832627028829975,8.468577479022075,1.1656385197520673,133.8276486923298,195.4528757515892,197.02723469524332,High
34223.922263524786,2.5517199173365643,72.21823280542344,50.19721262205949,74.80519846461978,8.403163288519492,14.187681043515173,86.35202211236007,47.96725531307472,90.80430024239726,11.639262783878014,78.08059077241566,65.49205826785808,6.8067248615125076,15.073548348078326,14.17095080697086,1.7424859642071913,138.63904876801257,22.360324822560408,158.15437822822165,Moderate
14834.8706645776,4.6776059160315295,78.66583511030865,39.04729925081411,73.64855304187385,34.94586717308688,21.399130204289026,63.54011481205195,11.721371556135733,51.939133573534335,42.99055478843412,50.39799395667266,290.2252327540174,30.41722761127509,63.35179569538247,13.664270910685623,0.9767694224174945,63.0162954377015,119.93955278828152,163.58893566194018,Critical
30605.617311466813,6.373670797701507,77.58912683284068,36.85013101913356,45.8518969153721,12.193791454519893,7.403816945168033,72.9695009242298,98.69674212125788,52.07146546133012,75.5983263787447,90.75089339630867,385.63927852586494,31.084203933161227,67.40678940177102,7.398454217552907,2.5775293002291204,184.4457715307534,244.22250655144038,12.324654347275391,Critical
27601.1064579813,-0.3027157142307684,38.77404489784542,20.04858134303173,35.20994798972566,43.164208436595274,12.176831320850924,81.09790118206709,43.040419060648176,52.42812909004172,48.44404370347069,40.17368845321488,397.37148515127603,17.74443440005454,14.869230622660334,4.978628173914336,3.623946820333516,114.0722413607995,95.61269675092208,157.78111325177085,Critical
20278.552873546705,-1.8085513200316332,64.97874747685464,49.07425060994637,42.55247273114709,4.812362610086501,5.575402719598518,14.652869052344638,80.07194682399403,27.847549299278516,12.235096673201287,56.25857320799419,91.03689172659628,38.24045949175043,2.4613005603426275,9.144531173980472,1.847313274194034,189.47501182216214,280.08148893132466,46.976529028343634,Low
26107.2731145451,5.791025863957868,35.026735801937605,2.301831681342068,58.292720231935256,12.343135173707582,15.706656701806201,75.96416150389733,39.30818429687079,98.03923986648445,15.938281280459186,71.12139431414103,272.2424687123812,44.06282376339642,79.28105616351604,10.220848920541261,5.106775962333797,111.12801460846697,287.1891533188248,121.30121573477811,Critical
30869.529084245827,4.096974251526159,14.872443458814617,52.24783034028679,71.87984438098307,49.9308919272833,7.762521758240364,62.16505095721403,52.751508129407696,31.080542226012735,68.37736322244598,90.19719597374224,431.6281790540974,10.842744608324002,0.20570207285622866,7.625819856819284,5.89118243583848,40.50153899526841,246.58672722188447,95.01009873998655,High
14740.77093613512,4.996395696221217,66.12522124823539,30.764993987635776,24.489041210008367,22.787652924166046,9.678367479897874,15.908162703791426,44.96172783498969,47.27085795753476,96.83781394647697,61.969688129549986,172.88891676093638,26.81395477535922,34.39130891837887,12.387563350097889,0.8968981434245697,55.66761662968262,296.4165625076982,118.60473160975918,High
12119.127493150116,6.381549749886425,10.786204205583028,23.895014091804768,74.27352109231921,35.74235185014289,12.838766482341146,53.22912335884078,40.8285306558647,45.544025626140574,59.667727225104905,49.881970224990624,224.05611147766263,2.229892147169384,49.45832980456698,2.9949292702377766,0.30358832488888005,205.71896834755057,163.9215923383169,35.35427059036928,Critical
23698.17510916188,6.028109348245005,42.734606996679084,29.83003684306114,67.06261623789223,10.767826345136656,2.6157234711719406,17.00893662863608,11.966623948700088,25.974354625336773,55.608203622139214,89.36120627776072,406.09208544143956,32.66133902913036,81.86421885384328,5.2158539101732755,4.780706062889746,75.77487504634915,175.06787012030176,96.80941946811781,Critical
28466.76202600279,7.609201469288246,36.35034154416606,40.04493183202987,78.51992106247643,31.27369927930581,4.114572526179266,72.5555121464739,42.40188440690532,32.18081040895014,38.64926917506405,44.819713975008845,62.8733701682059,19.814130883222663,83.85586427461406,10.38973245328686,1.3057275312594,77.12328930326129,252.48837642843876,17.01949033081599,High
26917.694582404936,3.3593507885211817,65.4702030815082,0.7659255910738416,71.61762412971811,36.85309128173209,17.77637207628905,56.45264568132006,90.0540991359577,23.588666894830865,33.10216064794568,26.353895970606118,432.5567791467096,10.310576756836088,72.49394406104554,3.9262528211970915,2.2482502374329822,233.40150115054786,152.91352417854623,17.789876150329853,Critical
28125.664061193573,2.8849563265990534,71.29963782083031,52.29311138749486,29.595613078433466,17.094878521592506,11.866309556502667,91.05375068004527,72.13540047343153,43.39235948484108,11.888648358065625,55.603368600819195,169.35522403078832,34.34554263586818,24.719762253989785,6.765717746849417,2.4865410659997,169.54437137370962,127.94880198159017,134.97024484707327,Critical
15809.832703639722,2.0188719989073007,34.327570877702705,26.80437151868357,17.41691379408334,41.78706137484213,21.890175105997596,25.566506583600436,23.088057318589584,89.33255392231251,34.56593808764241,82.80746451983936,20.696151963741034,36.85789829491147,72.01869343191709,14.466883135435902,5.516276455625478,41.862275162823735,188.2785414406163,190.82269095971418,Low
28806.363349950734,-0.4630895715579546,74.93016115558828,20.57799118200469,17.856875039411204,30.964043766669597,17.977456083816588,61.51284346423217,63.203950416046524,47.15537645899076,50.41993967787272,22.462466540281845,132.39638962705197,6.780159550565304,24.653919787694168,9.50037679849264,4.021261651443739,48.742538481004544,200.72125814617576,157.7046545539088,High
5087.107882600687,3.7260723288202247,33.513340840394704,8.294733938043425,30.385632300479326,20.67790446152145,2.186321657888416,27.984481438491766,90.30077739539844,29.895346565390337,27.815480474405515,66.87057959916737,62.9603076298431,3.7628177590354617,21.460819173170165,14.251141349224547,0.4355350437567663,79.00634668926565,227.75978829188824,99.13959830848565,Moderate
19512.629330668886,0.7701252432597876,45.7061087989249,26.367922461506527,52.992860678917744,28.766834880471613,16.1843836076441,62.19552370182886,73.00306368683698,71.65550947071344,17.86131896332863,67.55712388217889,64.34475535819718,16.36537299177204,54.71279542305324,10.919888627754066,0.2858993961420967,154.5889866392587,203.77820220542475,20.615440617550853,Low
1195.7944569361334,7.213075122129755,68.16148216113072,29.77936627706273,66.30242282680209,29.684520676924365,4.155671919373478,71.4252247006728,23.381595312102704,99.72807296439284,74.59550805291423,94.28334107419053,352.56115238844393,28.91759002772453,67.88544438340625,10.952601514107442,1.3574949656756248,191.9139854278331,226.25932062636525,18.553828396849795,High
12035.91821660919,3.8319080427709755,65.43361833798309,24.218801669608666,72.94752148870953,9.945694049305569,19.96146313518137,71.39586799301078,88.1049247061047,38.5859031625542,90.51582421612605,42.91718537160175,122.70864110675112,36.11703966911122,5.30517659116806,9.000300453246023,2.045397257061726,79.5066642115013,205.62230455773818,39.99952961053104,Moderate
13459.692185627528,3.9284018050811014,88.989477784976,40.719605629613824,53.662736905846295,21.331153753614373,24.804676830405548,79.28128920802185,37.13896119599788,42.36568042964556,94.3094862718377,42.306929056855694,468.6763342289516,25.48068735510968,6.002260112460844,2.3904663437764837,3.010238237702274,219.60087879251665,149.32911916505185,195.40399574746505,Critical
14469.871514714683,1.5492466087701002,28.01288193727455,25.25379172555356,10.39419189236376,18.484668224935668,14.217572267554765,82.55176937645692,50.86685298811076,97.74776434246309,65.61988556472903,55.23869210717425,267.89338236382594,26.972197381200168,78.41706868167898,7.939800076028429,5.0594685913913615,40.65734203777491,49.131029457576396,85.745602623821,Critical
24645.885027455315,-1.4801064802229251,62.98543308316659,57.6850546707944,23.042174356297345,21.24333068379805,17.703928504464997,16.56809673271005,57.352848372023175,34.30210300403897,14.749712433935363,48.55319211772121,240.8471638183609,36.39390353537432,85.94972509654798,4.0141931474010235,2.025942985001605,63.7858044901472,237.77853639122495,170.24738545580257,Critical
14210.975443191755,-1.6825623462701138,58.77455266206219,35.956651069415514,16.980834269735755,38.53330824729238,7.458225700579286,39.17770835115435,86.54559439403758,60.89712539673311,76.6776366965596,78.90766901514614,228.4560887456728,24.740265091406652,60.4440916341894,14.98048654896382,2.3839158717756006,243.05925646857622,18.925953902428084,143.97706340023342,Moderate
16255.583169166042,2.2333514415319753,83.20787635920239,48.44867613911454,35.4327132898307,25.161843558400285,12.064748106337252,68.40541423058349,93.8446745632895,39.17217064128759,19.908577473569775,71.34016617052396,352.44206704238326,28.279643079730924,42.88280097068859,4.224340519487942,2.1101599940560143,46.665042958609554,297.8250266107885,125.03144525105259,High
9076.500449727133,-1.1543462190276215,22.508971331590004,6.561354186568731,45.09456955436222,47.13517535548469,21.690192641436823,52.379834428253034,93.66875900115005,94.58815183209951,70.27733059190416,80.71368303250131,237.08612601133206,24.19734561899205,84.53164795991859,3.6910818988832923,0.25199894899085257,223.70615731509554,250.25296208250717,190.0869612142109,Moderate
13690.560915397562,4.068469555401391,70.14385308695464,23.837477576754342,13.037802500499259,16.096467841204937,5.850727798163778,26.20745547415728,10.715876315068657,98.52168116610352,80.14292521730881,85.60334329589513,81.72817098809207,39.85970403481127,72.88170327753302,9.471082380323455,5.740168926885095,180.4247427199624,204.56407631457844,53.77819841761417,Moderate
8727.16732694715,6.809730056396575,55.461489301501466,20.210862086829163,34.39345830569587,21.95377175767659,8.107318929116529,56.98031346416933,92.96996370269115,85.17582768960123,75.32782397438255,93.83849061873181,442.48264670756316,12.127214599158822,57.95941984312686,7.810947554328562,1.006176127991548,32.17546630080108,290.31596383779146,96.42903586913918,Moderate
3488.6614081270836,6.829148165187222,31.973269583032433,34.16894328819551,22.542577223772582,39.77392690299399,12.244974531578695,44.63203048512222,14.89482694014151,45.18270526502484,95.66954251850176,54.47493854277181,225.62976748431618,13.351724135241902,31.975712194876337,0.6138878248413582,1.8684713735788325,128.6711047914868,187.6163816223007,174.2973634781731,High
21517.25217496685,4.590454101322324,47.954793131773926,51.66681120368553,55.29491163812118,28.20918047939601,18.381724512412323,43.15325360061593,33.91962911356919,52.2789980224404,76.43316560206507,98.77579115772396,55.52219633576119,7.5023428488785076,19.799506165681624,2.2041377311893067,0.9499591521593624,136.9601479890295,26.365535415860933,114.83464845202631,High
23719.235150870554,0.11231831472931031,36.702127765583825,4.7002930657204,42.4990658527038,28.257351028373492,10.645330960300498,78.82906598203142,56.34890692550496,39.38445469331371,72.38888001836276,37.25286507229222,274.09567399892535,37.23707031426014,41.86730392715157,12.222331244864435,3.0451503057089915,234.05281338272184,172.22083046421082,56.824576528961096,Critical
22062.671764326893,6.629968313588721,56.34507222307687,4.354487882682648,44.67223528537362,4.560327824248809,23.33784243500909,44.64585837573541,53.19331201039546,91.26063736071931,33.55688549647921,77.14921295578628,330.7264920587376,19.706423494181365,28.682257596021156,7.41027174066914,5.606563466666495,113.95957937313466,90.38921384051342,49.69411920003259,Moderate
16758.79748921946,6.860934353132082,81.12004886517327,51.01906248945593,39.93842516234228,21.13278381048588,4.172512179180541,12.248632965836054,64.42388144986528,93.16466221505264,93.22918177923115,62.72074538457514,152.2795827957241,16.959439457893485,33.925858773446095,2.446423657898311,0.7840641622278204,119.98944963410483,117.14848311548667,153.0473901980372,Moderate
13912.716526093815,-0.03346415047041296,55.544398752976164,12.771005162301446,76.92137973405968,14.99521915624316,10.528496543531492,14.93538380574276,53.15016058633052,53.50965297968378,26.15894837147502,85.35204757479067,404.1633956834443,44.19799483474772,51.56310553120325,7.139065673685284,2.7572021568132774,41.4336823747989,143.27969519650838,12.42988990789686,High
30353.34408544206,5.374260857706773,60.53779346612672,40.125195266988825,25.031458758509427,49.96808589589354,18.305944838853705,82.78074354378772,94.09381116763787,72.52264559224015,91.44069503258137,58.14164164851408,341.4924060979346,41.852544756910774,16.909395695160978,4.021291521311334,0.32977410547515495,165.2055524078507,234.6342164527472,183.69649470654778,Moderate
18648.780694631412,0.8651954892712297,51.499827769176754,32.57268794164831,46.166498189071206,16.80104339035089,7.197695610214327,91.65106885106431,31.64939633931283,33.24425438197551,38.13962890113193,82.7150908289945,332.16376124692806,43.79547033136474,80.61766800738255,3.5867944783514525,4.67120968403966,64.5607893339377,155.8494721675773,13.499417741888571,Critical
17292.183839410853,6.026403123529297,14.093240515638072,49.97361569323377,61.52121578557352,44.45583367010545,17.09750208728248,68.51479359873514,34.66222246346372,54.79487202907272,21.714723448990185,94.41349717181424,221.99597737654122,8.118856860623792,14.552946171476744,14.378561563743036,3.9191116326156648,33.220315682571105,147.65728433927285,129.88791890733378,High
1871.8302374188133,7.972378999036026,28.62868455008754,7.505334590184212,48.97910891941938,34.45921928194292,5.776990039228957,40.97130499850682,92.86641421237506,70.5199285338798,84.40147245440536,78.58354129120698,481.7193446774181,40.32382796537115,48.09936394209524,5.621760544808792,4.258252249501471,249.2759650166366,97.57191994513536,124.90211267398138,Moderate
12602.426139289317,-1.6997399467060719,49.36013835456662,7.786977943356677,75.03146200017608,18.36398764122034,3.287546551818787,89.78102684255184,16.90655623707306,50.832249481441565,10.224590824074623,82.08754289746594,151.61080061563888,16.13451277366041,74.59713380804367,0.9825372386833853,2.93955089319525,78.36296257125923,166.56295013728388,119.89811870040839,Critical
13926.65103871914,6.9736586579093185,34.81882269957638,33.40910161669845,36.45778489488989,28.089650161957934,4.783361485218924,66.33826234193754,64.8604739714329,48.6079620549168,84.88794859127476,25.37403450126849,297.29864048741723,2.544241119110088,48.502070768959626,14.56380208776835,5.464271571427154,48.14749380526893,82.03334778624152,100.12517966468356,High
14559.974550494617,4.226305335986581,24.541087820895537,56.78271920150225,42.45730640412246,42.345722237561304,23.3896500120851,81.7683516819437,71.35623568590498,20.079919381355413,33.608065784137835,36.39661297858245,168.34647558685643,18.825828447271956,36.102206358863874,11.98414174915072,2.5754332150611354,179.38023803033644,85.68820646838611,171.96176321083612,Critical
20725.860553729297,7.7338261916482125,50.330627353475066,24.899865502245255,16.19656206503099,44.40167830548377,14.69027030760968,75.09744584314579,55.498755108676555,84.34347710216913,89.62491454800592,97.94429924028749,377.50628142634594,23.895443184936564,47.489130582275095,4.03987560649313,3.1816934337650467,208.09530664164694,229.60504479191093,135.273245355192,High
19142.486588713866,2.6500951752642763,35.82478347582803,19.616526015281696,52.62993777363499,9.69890600029497,20.315952836031926,42.22684184067035,72.48086909408235,91.14700896171585,72.23312640174211,75.45496030299155,42.93991225765829,6.65347821339843,84.86706988741405,6.310709970169253,4.23267748916965,30.058210884691473,109.3387067076361,158.55383348488476,Moderate
21668.773154977116,6.473879305713737,30.64861145387318,36.40135939187315,30.174837791367423,18.29951077799214,9.651053520816177,50.68968707231677,25.54791814107703,97.55708236366657,69.9564999565531,64.91592138488036,42.029056580023635,25.12013752559302,99.04316982839576,12.975656746548388,3.219251718353668,39.76742725539995,24.905905152342434,31.949143136046064,Moderate
27006.03089243236,-1.3760593140172277,47.11883339523047,55.82691603270187,21.22163276608982,18.09071265025144,15.631148901365274,25.821233121288458,86.73690094943859,77.54171080553724,42.8787606848359,49.358109871716,409.21326536901984,37.236934119599454,63.11432892894355,5.553978734052131,1.2981467579147021,36.190848541780774,109.66641290954443,19.480741116914054,High
28641.51511634718,1.352790500782957,20.66274064657385,50.215669970677425,48.11719050331556,4.018150211645345,13.383899075214806,34.821198537462394,22.602312052289705,63.90338498959076,15.346267650169388,23.551120096553433,228.4487173105621,18.23899088608534,79.34440426487008,8.640839417497004,2.0390095846604894,26.03543628079013,195.1859402813195,15.420416696657943,High
25416.18459170081,-1.3298346224879003,84.21965864603258,59.72901664399319,47.26171843659374,30.715412472891032,23.751973066252763,76.14068120935434,46.073119988417474,41.54276158469675,84.70657883850195,49.5308726371308,183.76642620817074,17.163726680974996,1.4488686159288666,8.162395984069805,0.7353079152050706,169.9722724790567,246.05582013642348,37.96913723998263,High
33487.805662467785,7.7534313347907045,79.41616783353912,1.3541149921426254,15.311014885683328,43.03136254362502,19.194216629244536,85.9881633100642,16.773184117738523,99.94395807707987,25.381341565887517,59.913029863166074,311.61289384416244,16.568848069919127,88.03644095245727,6.199029864843355,2.709158283860327,153.25359958875055,288.96163760378477,136.731499148339,Critical
1619.9078109962954,6.169739072718368,66.60964685924283,6.7714886827657335,58.8750817446131,20.315570615624853,18.80248052442132,71.57913597637,59.06899709356601,67.18022836256844,43.5032777705277,36.91676075095094,356.9116850571073,41.69306117299875,95.40497599279182,9.700677956661627,3.7344741399007026,170.75956429158424,226.403922227743,103.86413359082245,High
7656.451513240568,6.525474212459706,18.4971062070765,36.56806580199732,53.6640533455597,37.5217253592405,3.066125196988429,49.53976421581426,70.27712266830753,74.4923257864357,64.03192169581736,33.850943301906604,116.57664648531517,4.096598247978561,57.51693417575705,7.257373838337728,0.8874736767610159,133.83178336943254,134.3669667308827,152.92792867079348,Low
1257.1377492568322,7.3796523143389425,72.07018035757544,49.23458636003098,23.231209792254802,32.12961985283552,14.642402387084894,17.35328785987854,94.70994715857616,74.59249295642542,53.40283647045595,60.67332410860135,109.00699587427114,21.13827410569708,75.38048620602198,0.6120882276074007,3.8574053045267482,207.11430607031167,96.74459096943771,46.42876398100042,Moderate
23014.140281256503,-1.1489651388021465,74.63658624872151,17.114660538405992,42.860440350783065,20.03113930366404,12.740803439741741,14.840575639368097,76.54025763064007,87.62014366057451,27.879457165418625,66.8723388502035,479.9123589247431,13.377776528437826,51.27447429600749,12.271431682424682,5.378658410562234,143.46705108716523,47.59269714955792,79.7229779743877,Moderate
31533.038664299555,1.8559759251333334,71.42116941714701,14.352665282053126,60.422604153499194,8.77087037563026,23.340372131942473,41.817672992092575,58.6992624808736,20.773803107753537,22.65547211940555,39.19343350836199,303.03886706459326,40.433702091662255,28.62037404555897,1.9633900064796737,2.158797651316014,230.90552967791186,192.02906598937318,178.81453422441353,High
9278.398083594175,-1.2896511095599787,19.11727096953929,47.21854796287205,47.060501837889355,36.04754493324643,7.918865728359242,49.42484609525136,93.93553154533004,37.619755234509746,21.092164502526153,66.99115795649703,207.2559091012487,6.130247334103569,85.22479719830129,7.122121984103042,1.487791958069155,129.12740513843843,157.86616109161184,187.78576374542132,Critical
32519.174523074427,0.10793101550028616,61.512636565421175,3.3829112311938947,37.684235332849916,43.01912810917954,8.206169425695169,61.77525288813023,53.05931542367889,73.24272001360112,87.67070933492809,92.0271971099436,404.6920134413631,19.692038967257666,59.68367119959418,8.824541626634208,5.379435170283037,200.8047853847257,206.53343976880095,185.12853944794264,Moderate
3049.091269845069,0.2936577703767238,76.74598365995189,22.162958854955107,32.563692065666054,34.92101563527161,11.460963724274508,10.551609317894762,60.508508778898246,91.61165894596542,12.840359415520027,57.8538606417083,272.07630021340026,19.493094537336685,57.9383083791407,10.670938996641375,4.213282368205782,110.72968311565401,78.76861537197018,165.4779583981449,Moderate
32770.824911387484,2.691072110475787,56.18827209757342,30.348553355539785,52.72757066508375,2.858167233671267,7.597503408346649,94.12644568963604,63.64886749030862,74.8271025537085,97.93128336399049,88.59121356697452,135.99814897979905,40.20095995452198,65.91322038412063,6.3387090687328564,0.8112902347280122,117.27761527246408,103.85680875188422,140.76481693359946,High
12955.17136614757,0.6856216745364261,61.71259001824712,33.62092046101941,75.73760888171684,12.37917893076758,4.971230109601239,40.93480508934365,46.898175329791016,53.079303319494414,27.867582134687268,94.18171556266547,119.23294670795543,11.266218136761687,85.60031658288484,11.112562759348812,2.567049321958048,214.51313063091047,94.70765135460532,183.5987998652181,High
4448.3081672733615,-0.9902189318223891,46.66907835410449,43.71690940756661,57.02213883342384,5.335039274409532,21.720541472968417,82.08804642309532,85.46344215092417,48.924439669620924,19.929006719117034,27.391522314966856,210.49244776151443,29.730502642969277,73.19061257709643,2.2308462453629825,4.109719678576383,40.30006130905088,241.31903423057906,145.69450244820143,Critical
17519.63981233507,-0.32508910905892296,52.296585590724206,21.290743405839493,15.232213254542085,29.378532779658883,14.840360061290065,55.472169981559375,26.66583449605532,79.03584066266563,61.92744892991156,27.66492637254376,432.75001292474224,7.7794634561749305,21.112419421574526,9.905649559580452,3.5314264748576374,147.7556724210539,59.65664631037056,191.24788725784381,High
9730.40330249727,-0.5272443644790907,12.750148668138017,36.76106068047643,42.24794814374936,38.31092858433979,21.811342536001035,21.087353635334452,59.935797133444716,79.29901577097547,17.198736214662695,58.08353463100811,49.49499970124428,43.02095570546334,46.682354440731956,12.447182235509834,3.787573292229264,185.68906992801462,186.4569139371037,14.709783087008807,Low
10685.678666705377,7.730767979122984,61.117041757862765,35.12252536745738,72.35768920574392,7.307800979295653,21.116099604285004,77.79307196543436,75.00099305684746,68.56463940045523,64.22079368472355,67.0481955454162,124.8924803622863,27.499643248708292,98.02983319862062,13.374826400711267,3.4893840090487713,191.3488446230076,24.89295457014095,185.11199631996965,High
11447.858807493743,5.592925069184736,16.515777031292735,32.85696603922483,16.61236980607608,42.24021538848249,8.486974160162436,70.33530136818946,91.35785546889194,43.31736192778696,86.55639803322518,54.07067715720234,448.7128730492439,28.929039403788824,55.456071376277464,8.819627490522171,4.828755918768364,154.0009788849442,169.3629970114987,115.59070186648121,Moderate
28302.880526310557,7.67761465269562,44.80116754721787,38.42899758853273,79.22129984962804,28.664430962983193,14.597961219458302,54.83206721898438,89.55265567908505,94.01238547124349,14.310821932068235,46.11606163340024,78.43259310524024,20.652256271400304,93.82453534707986,4.899559411703048,2.058476349422476,120.29515377748575,28.535052968386214,31.24157284588707,Moderate
19331.483406958654,2.3974048650790856,33.412407813392626,15.566950264084578,76.43485755517949,35.11851258280279,3.9140071630216204,53.737012763371304,55.786626048712776,64.15039536949112,81.98817440756898,71.27952929009247,322.2203447668008,16.718156644651856,81.33694863130559,2.701340722190308,4.309081617816306,76.28387430868807,61.00421132851633,50.83314125008599,High
11584.461771304124,0.783684816626566,53.634236016937045,5.078925215077739,15.47921365109131,48.62728873321502,23.050793332707443,17.435766488828886,67.88453060470076,83.23938849986645,45.50296968839068,20.16652098799362,122.48545669809205,11.14508646827968,66.60234418087589,5.379713667298439,5.9482607664668485,228.71516530821873,42.77733759553304,171.91026394383357,Moderate
21751.348632571226,5.982931972091867,20.673306841856565,7.156300322384606,75.33893243146885,6.016687435889471,11.29804244649852,65.7471606287793,45.48139625163709,37.14466097294653,24.3541570448089,97.4458624690994,310.8160868057064,27.971473414787134,34.936520265975524,8.237623285370264,2.461761375130846,101.90016766751147,110.55035262619369,106.16222142083804,High
25349.12292358858,1.2625391804114678,65.33147215786545,13.474942959234063,35.419281318162355,45.25875310293388,11.054552229447491,87.45583823911548,52.135998659218025,47.52326308917823,25.848683224071316,38.56632705504177,203.8900000852314,43.04615504997423,30.4319347525439,3.1860542926759394,4.7880802244178,202.76314080533626,109.68211113524143,196.73536746409494,Critical
10269.216024940148,0.9938337370534827,73.60092295427762,30.011876131367114,69.12964169531037,8.052929407395647,8.963373524212923,17.92581813381546,91.56392133157446,89.9663613109874,92.68880893248036,93.36790148664056,68.8049102868761,17.471011025973333,64.3421065297588,14.301969113688466,1.627433575389792,22.441419046219522,249.66159141119434,32.3309108059445,Moderate
15060.669451861952,0.3250599220783119,23.06835597945252,50.42656503276121,39.28683363992901,20.86202271856075,12.595266128346188,32.39847330515691,93.76335938732267,24.008562395197472,19.9545176746598,28.72117956276048,299.58803242597105,39.97574621246833,43.25612408464108,13.48789080443177,1.835000931247486,69.55976545135314,75.44936090035333,88.37565814102454,High
5144.127173456217,-0.7032102177576465,18.34504698815057,42.07760052530305,40.85985788917611,42.86905742389349,7.790465890545305,86.6961777425784,90.58726522603178,60.98522490053297,88.01045084040913,39.046974563565804,347.86051860060127,8.397381452431736,79.87536228167271,0.7844707645218394,5.62221047026455,96.21242632776881,35.05215511445333,73.05614418534441,Critical
7159.077884179131,0.5646306101676597,21.64123862298873,47.34243625212283,54.397016368427984,45.500203363417675,10.621602274326504,34.169232334682434,22.45337756322744,58.53643838752072,58.98201588852531,38.78989608700003,346.53085710358533,42.253418897917435,76.04567395401959,8.560838433986715,0.35044246624239495,172.81990487789798,185.01841933609762,108.06573285233513,Critical
24158.007034809416,1.553197484738877,80.17020495188014,21.058537435565484,64.21341934931883,26.305840330166976,20.39878211745228,65.58521213529374,86.50756191975726,80.09841511264656,13.515056093479517,99.69223233605169,325.7765163549006,17.070910207617292,31.21304867385143,11.902839216625214,1.4610786001928096,90.04273968304439,209.36070288400197,130.35318558524654,Moderate
7168.903821651316,4.739942081457304,52.2551409405085,24.27922449891301,12.365240566377405,30.517022637220407,21.18787658245895,55.45954402016725,95.35273579193323,42.551501647946594,51.80285311456045,20.368043658070754,260.10789484906195,18.328270098513862,70.2728783061762,3.907261811029902,3.000940047309618,24.720493192537177,95.4988486462216,135.70959918251435,Critical
18855.555044680044,-1.3743515778054842,47.38087968060021,23.620913159436768,51.5209196868994,35.991072060730744,8.996196985455871,60.687846425328274,42.51247251162442,37.52534574876796,83.57045630286706,71.17105674427967,269.3468560924763,21.902217052476114,49.455019009718406,8.001274616173335,2.530716205884281,55.858866272693774,184.8160937447994,10.246217183237828,High
25107.57289856271,0.10506939665342951,18.53694552818834,11.51239106427009,23.07130958681597,41.97241608573028,12.787331902714122,45.342056634066516,56.67816604795023,94.0906271018587,75.35825088751903,89.57492648486823,325.10725270782063,32.88450360774896,32.32921008139971,6.268080671417871,3.8491844411631817,75.90385780679162,235.05640472192675,26.902482418497907,Low
4633.815385221291,6.090236402916764,61.96448054055694,3.6729994886143214,34.216466250424205,7.832536137807976,22.097854854441202,35.49927499706544,80.11857302316963,65.73677215667718,53.990417591624606,73.78189232197894,351.3244936383877,32.94509764862852,41.296659276464,3.189230084005723,1.317787892090215,56.37115778491747,110.79035233207256,16.66212839463086,Moderate
20288.615467382722,-0.5307807641622924,79.4399673516072,35.45496556963361,34.357806630865156,40.88332679500293,3.211486632083034,14.125343312021862,60.58703238090838,28.375165462692358,87.40448917265954,49.01870545735554,334.34083463906484,22.622309142945607,89.5351867212262,9.336639542974593,0.6091726253374818,62.87527163316634,162.35261358060242,174.2738378156727,Critical
9723.134645846369,1.4264514652252154,76.25486954587623,59.353001005235164,42.834223815480755,25.101255224557605,22.450334125903066,73.26387984000395,99.41351695356245,35.44289297714569,20.832828560220673,96.6647490162348,301.73387115845685,24.495574670499245,35.95176921225405,14.907274978480416,2.342133707267591,195.70488105823827,52.52364936497281,69.52552810033455,High
33739.51375807771,6.646589218581401,60.0843767184641,10.00978229701577,33.389548831332135,23.629924405192114,7.041239950003629,73.41794428650928,51.01420286411455,99.90608476113987,91.8946948053132,91.48166036712328,94.80271270597683,3.2904509742880705,28.739927331945804,5.669722726115189,3.2412604044362494,111.82790632835814,16.857572310352303,79.74205395650922,Low
17440.55198847744,-0.45074688856557343,16.02229733213389,2.8010891939564253,17.515278291546743,22.347188095855916,17.606402616930644,67.01168790669146,74.25484400866398,35.64871970017539,86.1797087635014,54.71639361996142,121.09593847657365,15.084758167008003,35.18072207101378,8.419971421487665,3.459610655092486,110.21712249696242,294.5967126951406,95.5705372998716,High
28403.746692355377,-1.172631643818101,18.99176217408104,46.77190090943598,20.1940116967816,26.442156091810045,15.398689016845806,64.70887199016775,81.33320261768898,68.83804090829429,73.74491430915124,65.86627940889308,144.9075300969672,16.87873419191621,21.46184362086917,5.119463819836057,3.6886624365463074,242.15248911497923,96.92194665554729,171.3678354781794,Low
19707.7024333129,2.8453799508001083,13.944718968785974,15.155160401083451,12.340658989276836,47.36242656294097,14.717637208352798,30.71595623423973,54.469037418259546,53.61024631964945,83.60989679158743,97.40153502441926,461.4375954020011,26.025272555207653,54.46349873963287,13.191144666996705,3.3822395754170187,119.97493191688706,90.88159470932827,12.691589582805634,Moderate
2476.0261170638514,1.024195112785364,30.598337319397544,49.7786283211757,42.9174359730128,28.313781094023277,21.765285169314893,11.899319370134753,87.12854251402382,90.84792758798683,58.94339561583994,98.60482895411761,384.50964406254394,26.006889996966095,14.743643632253223,13.009659696228288,1.6253614316328882,232.9996611451128,292.24108862019546,32.53747213217157,Moderate
22527.14677019676,3.634083644838541,20.85291737283022,42.236200022070925,76.81133863970919,47.752521836630685,4.336159303827209,78.74080873526238,59.15391320864768,80.41348738362622,70.76461861879002,55.98586205743618,285.3760733777016,32.52569130229855,81.74437864369165,2.9279688028351627,4.634388468620211,85.27982808091987,221.18772189130382,140.18099320677106,Critical
33347.71363502634,6.038048904834751,30.80384322019471,56.740412223048274,18.097265655368158,10.653926269550748,9.98164458248963,51.746775534145286,47.048571712146824,67.75611170094527,60.4538263637001,87.78800225144708,140.98732570114248,32.83217373737748,22.558024724562607,13.529248451299493,0.7091255180885117,109.14717107748068,179.73638750274014,193.13957931444344,Low
21454.80188497526,-0.6285151184725684,40.804644457516936,24.53563414540032,76.23851451021574,36.75852698396639,14.379813165929608,36.081241109722555,19.70413064667523,20.859118543838598,41.98856774571544,44.15841815631491,73.22793115720216,12.114061141119569,59.80550275396457,2.5271780525241865,1.3504525014026612,108.1265886758536,212.8037845770735,132.12942004643145,Moderate
28852.421220510867,3.80699084554285,85.43862272569085,39.71819036703805,61.335306031246546,40.987497853219864,20.659643640758915,18.664212076348456,45.40722187153818,90.38361659947677,61.197471762505984,49.74502983445318,451.40442847038787,35.11804749750746,12.502549891989357,1.7029674064924134,4.488392452310862,143.32852559394144,215.87870434166678,59.61345900882941,Moderate
31063.019753845867,3.055087603898639,58.830084782535366,27.89128684879624,54.62491620539142,34.59818390407337,6.978190918468445,15.331335226618014,76.05428092599557,55.573397667097304,33.17187992787331,33.1857506392181,448.4796875950002,2.842953425990128,97.84531482143262,9.898138850812519,1.82241157781046,152.29811335067876,231.36740528496492,108.7742414694573,Critical
8754.712246263705,-0.5592121398680043,76.79790285463699,37.83532183851261,55.169442872649405,31.132269450873938,20.467386351608354,39.65367135259007,92.91577705120966,94.52621224148612,49.62512537567068,36.734767422138425,73.13388593393194,32.794961038088985,45.45754588936472,5.972790356287456,3.0621459613345503,73.30938182493318,29.484877111776786,195.24629036047253,Low
8209.524556879707,4.2399848552898245,66.82812005698658,26.97593436046424,67.87093538773975,29.11101349213675,11.191685097360523,78.40265050518994,32.651146347427925,59.6431210283361,35.26978665342189,72.54986418074871,402.66399972631814,6.388627451335194,82.21713407588145,8.1018867238895,2.0977468969622413,201.4922988480229,129.72111173703752,110.33454384788027,Critical
21773.353620933718,0.7364041786077165,19.00025044213054,11.31793478544449,17.484390506587495,43.32466316377741,6.345018697974995,88.09151869337559,41.97119655974524,75.53795913461803,21.05990105152501,60.86252944056647,234.38963326875808,33.37487296211242,76.86478356499838,9.892790494480712,3.1404910273728186,131.68359934904623,95.58779217157478,80.96644964835845,Critical
14974.96797342796,2.8783431854401247,68.87363250991591,30.473844960202854,45.33280264958792,41.439036663896005,19.4566881302001,86.2238659921105,23.85648946939836,25.543411957331372,38.96756707509155,38.49054885004823,175.50412775865925,24.666077894441386,71.36930471456789,1.0767073955568778,2.2106036396947175,16.65523507691976,30.46519516993159,82.85085541935686,Critical
29555.28429746849,-1.1772767572293812,32.00791052472995,31.71505208624654,58.796379678253096,7.869858616668777,4.0906747339146,88.20007095372067,72.1650604806072,79.61213228214287,86.67884963662935,52.232769308932205,374.77017738017946,20.801943529372963,82.73648712046098,4.606411615037603,5.966406341455093,153.96504882941986,129.65370908546436,193.73636663242883,Critical
31600.78619553238,2.5958405721362308,61.12862775957651,48.636230895609664,51.077431155149455,42.732207537482154,13.839649603735188,87.15665416599413,96.41695870089328,47.03968250495383,44.297269357807515,49.85467678909454,314.8781797091507,31.698654759741448,10.046360865970582,7.0753227830023455,2.2733700182772507,202.54396875934705,188.69031076981256,146.5941400790241,Critical
13016.326896292416,1.0646346804282034,37.27695789143908,44.13124234761487,68.29453497163063,21.87529373314124,3.4691430288234333,54.81410388603365,67.68569978633579,48.108721146542464,77.32032840719822,98.98881636282674,394.41445164480194,3.5639458511310065,67.84971974719622,4.218834924147198,3.8368866209063435,73.85968338663258,61.76432719258145,140.56284256818898,Critical
9053.59900513239,6.223812111853544,89.81378106117273,39.827497436486645,15.059019630794605,14.177447839798917,10.197610668629114,28.650329277336827,65.53688770056037,29.492467576751196,25.767806881434513,88.28526697691035,55.6778531038098,11.609224004049869,26.582723527378114,1.0198793489971578,5.352390662375089,23.89968720005261,98.45775572747759,54.09032112124189,Moderate
27537.867518291303,-1.4302127300263172,31.084118359742227,6.803225733154353,58.34907276494162,43.748891264668444,15.82476637714703,77.83395954112973,59.81409374503905,31.74857189121618,48.19772432508775,51.03730667070594,172.9217695795791,28.50692612610912,78.58716640665898,1.5741456264964846,3.9000229673155524,204.68698407791982,195.35953835597468,116.30208117507914,Critical
10343.405208636626,2.1860727491832996,32.33043766194157,43.2369774398229,47.38194112693024,22.737190382419598,14.7906574542059,28.165602862469214,17.961016661698288,34.860724496496815,20.33704624016589,93.11332631168264,173.27208820003315,38.43026248512517,95.68687598478888,12.085693670679882,3.48197207963573,244.42502825333239,178.0041506915919,77.78158771923955,Critical
28968.886829465064,2.58431424131438,84.45378044499186,30.018309381270885,36.541260478596044,40.8015051284872,11.30707461180733,32.71261852430837,75.65534437864453,46.25649348571379,22.475895703074073,47.41083133025369,178.28148429812745,18.387628388640028,90.14895298426958,13.697385360430012,3.501530837586008,32.99244944625205,261.947784320235,55.638289912250464,Critical
15407.100624057935,5.250060762991187,11.971552370905814,53.64597216636955,33.81924875638216,14.643373373880536,11.86810386135866,29.826617354916618,64.18445891944157,91.35759302204843,65.56927419010623,73.43212101878876,261.1903388690266,13.126743323242955,11.495222247366609,2.537829545727598,3.079472123355636,235.43864972154446,239.4569811986112,180.15493434267987,Moderate
23696.696575909995,3.74287575090211,65.73511902985575,55.192256047832565,53.458284294193504,2.1886074282664545,7.21569972706763,53.773504314143494,69.53290919706583,49.460819058406436,64.673363570411,97.331999734569,155.84662547885475,24.305666738926757,36.9552420672821,3.9641507721848397,4.883966328145839,99.42948681437457,290.0272051629486,82.79960366489655,High
4248.200670378717,4.672123371941811,68.02611125887026,3.3093954361071276,72.36967622509854,25.78204125934133,12.485299533754366,37.3553381943718,90.89299837246794,77.94901652505747,29.2034716619376,51.22230911908418,233.30413284200947,28.75955585263418,36.43227571975998,9.888066249546723,0.49245965449601536,236.23830801820057,183.18605993287937,63.72956086956558,Moderate
22211.21703900348,5.770492856517562,76.91028619283195,49.238493621268724,44.73231482707807,6.8109563188584445,23.924861681579188,23.103264218154024,80.55647083549161,26.619800311189714,52.69808748599188,74.3907972083947,196.5332446953996,20.064430350447097,12.22962663595306,14.327795108558973,5.3337534659901005,167.477241140575,212.55553625937162,187.02687535558994,High
16360.10107706579,6.622029736581888,87.95514485107803,2.261843425360237,67.7306214853844,38.21004586519567,21.560417109027178,48.51974001098,80.28237269390735,67.28790394175941,87.69755502801532,43.67390488501066,372.9421030498454,39.698559354369465,9.812605334682745,4.703968724259084,3.6004948774247283,224.20741342537713,259.54681505617685,47.49581532666382,Moderate
20944.68774796612,1.1387549672247053,88.0481535325322,22.03017754170136,38.15094672907773,15.251606531331698,5.340355988755908,84.28211529673919,93.44653919914128,58.55129850163516,25.67813578088346,41.30498524783797,309.68038192402406,24.507864480980576,38.48901349691817,12.871640305669217,5.12346468328334,199.67076088708214,253.59780899932773,151.64590909613932,Critical
6712.483063325356,3.3802270536390298,15.222140605317112,32.53799853726475,17.167612395522358,23.294991036966977,2.6849581083811813,58.49699267074764,99.09414563166996,98.23663575636036,11.728947976616336,65.93253331452416,333.7421275123114,3.540414265535156,99.20715504965113,7.738562273420533,0.26027767475640956,21.579469562847308,218.42927618760797,134.02195744820992,High
26053.70732810219,6.401080784391999,75.7471458202322,8.886047917627646,14.305401552104698,6.177611124394604,23.471059192482503,84.6585265004449,62.31544587649537,87.69662159031704,68.67956265972151,98.34116784265746,121.08026915966933,11.591320052366186,56.894265106627515,14.361411994487472,5.241803142977383,30.37898804638766,155.07430071845278,184.89204139073425,Moderate
30335.10063646977,7.894511309650564,61.704794692590504,44.778828754144605,13.59340599265743,15.759643925468128,14.115244247257195,26.64913573172668,19.799345442804917,56.38638179509198,14.81483872798165,56.250707897613594,176.2410393569069,21.377822329466024,62.17816286042562,2.3030023376944118,0.8967976112049478,138.54998220285785,89.22999758691135,168.08895613778287,Critical
8369.153203086371,6.895193110437631,61.7873707498473,0.5012822503283143,36.610509937036895,39.51153167641145,14.370269932434077,24.192779262167093,51.32169169978928,82.0114211236271,98.19462147152014,95.01095762532645,30.159414853795656,32.00219731772813,47.10189100186823,14.612984253657402,4.383064437075915,45.46046966355447,264.39256864126776,144.0060914085319,Low
4254.294887685499,1.7146726262437681,20.267994129175584,10.11594290604221,33.606642558508945,9.276219771311334,19.956513901250013,58.92405568436572,80.884103181548,35.4430993035022,64.86582554189928,93.14908161958093,72.01985950072155,11.449346483081321,66.23305523040229,6.7823858290937675,2.615824078749494,123.34304620193059,235.23007824881844,69.76861553244817,High
1803.7119255754374,-0.04833482781349585,62.01497331565227,34.84780979120854,60.25559165357986,33.06365893409395,9.23784639904051,49.38295663143321,12.495279228566428,64.98690619134224,52.335671755957506,40.30100898759958,147.2260313546659,43.97906990784911,95.66620807447696,14.308194339266047,4.150219868367961,239.3381201626499,252.99301606795896,104.15811214140435,Moderate
22827.031015071043,2.893925374065887,88.59860644809983,42.863253722237545,61.99750511094061,46.03644093461605,13.08387408322805,66.11467453999134,15.119869452053416,25.969524445496653,48.699328602187606,52.14555256674619,51.422586224970104,15.69800510208759,58.86979536143918,7.042746190657333,3.8435004785287123,84.2679625753038,50.82890226268921,189.45419465596416,Low
21641.197227018547,5.416414518360423,82.94548556315576,54.99858616163497,13.559777818361788,34.632164468370576,24.279247002374966,77.54327723727643,16.04420041445392,47.847122580134645,61.57635926652382,71.46419827953466,309.2635521702572,24.8966488950053,6.5038459721193265,8.0922073715725,1.1476999729900026,129.8944877466991,101.29573467488964,14.408499810483768,High
19587.71203227838,2.9256907075329757,45.13045286438804,42.32979911607743,25.478628402231045,40.929041086026885,17.459419799445364,73.861120130435,75.79321824954798,38.06897452977363,18.156199304819342,61.44367075291133,499.10245564343614,2.8155545434347706,49.28905691681986,12.130192643726618,3.1847598337958005,105.30101306599632,133.21666099089884,160.9230465258074,High
8886.201267943165,2.831808633136685,13.195837862887547,40.306756215291955,29.198329511122978,7.230638206587958,5.536135735903077,90.09219976097769,55.104996570685486,77.51278522601687,93.70171529375462,27.676682389053944,68.39130275138649,40.05030102152459,99.27512732519513,10.922638960869092,1.8079367445283363,163.0093365983384,253.1220719671626,57.84396658623707,High
14290.803860787499,6.382304210818006,38.98347920001639,23.66046878103986,48.33283888999666,14.035127648098614,5.064215203640126,43.85179477834598,43.200814916853425,59.20725529714892,66.307786169669,99.49584241017266,414.19050208124725,35.91989010158289,38.74027205942633,9.408168810134097,3.450533688518472,60.55355870311632,268.9371350872501,45.15321922582042,High
21212.195396329884,1.6140377906718637,76.11122492804442,0.07706553160808483,20.116065673486517,44.937864907548374,6.698089441659124,27.542873091095366,19.50553407355624,80.08563830784084,26.55806478498179,80.2123200969024,77.03179868727064,10.404694184710486,59.388123721447215,6.429606346766473,4.4804190417064955,76.08573318155658,92.61888713403302,54.12267674024072,Low
17890.07320121176,6.597946748116456,66.11992811721328,7.209555524137317,19.375885358000026,36.325069453668284,19.634368511676502,56.82757439557029,75.90162251853002,61.22363501051565,60.632294838819654,55.01552305797694,341.5587290222893,42.12917772331324,10.6636763428817,11.948844000774205,0.67129880457466,216.8104450705424,209.06445850707178,21.352688384400956,Moderate
34584.70768730617,2.068048009517236,46.747492447516514,32.07327268536235,76.06522224455706,32.698583666110935,8.793671088334168,19.413165216250775,38.89178294958097,26.91875537213108,21.993085524971047,69.4534839733033,328.71564946832825,15.581109843288399,14.118049873656691,14.23895649935301,3.1914220564799467,205.6640126071795,32.566119784243384,198.4761666143719,High
5638.951586928926,1.282331056783394,14.408122812706488,40.50779315066518,66.29420351084467,33.8608033338416,2.491943473526835,34.552345483188674,33.87916630582005,78.82941197860214,11.57974458024809,27.005825381298408,453.3041287093757,31.764010400345036,87.46814531539626,0.4442201850624945,3.7822529604210993,200.4595768846005,128.77624887094072,175.27513721277754,Moderate
24634.914837618187,2.5398991119969896,44.15157822586421,25.04689703378775,22.64584314638192,21.881626606622884,23.71601036063022,27.67048469736728,68.70872813981958,86.65834111902444,66.74652866925982,59.6241322951688,74.69389456664594,37.215981674713795,30.034462825161146,8.94132291785412,1.9131312308638402,196.16610818970557,151.13404124804669,109.0006340401232,Low
14746.838115545932,5.624469586748685,47.52199517743068,43.84074069170341,38.45974655338436,4.1387183176473545,5.903408577082946,43.70791592775188,60.31098033371576,92.2824980730234,68.3635007683115,94.46659326539903,171.41334371931094,33.85932183319878,30.5451273354593,13.029919655981722,5.727420200216841,122.96781096347107,232.0335163207436,145.86960392584746,Moderate
15558.786907470901,-0.7399797213600572,84.28444263153088,31.311737719930726,34.893539948029584,39.653194019394995,2.2198382814055773,19.45340887518831,42.61695776319715,65.75935562453665,62.532692452307394,91.72807664439827,63.57428497024914,41.45605971328317,38.72129960023282,9.900754298979692,3.217756387939611,186.28933154506893,268.67194868276493,115.75311895546645,Low
25398.324032377994,-0.03580784127982617,61.286888286572754,4.450571735658732,65.3702851845785,34.57823533833698,7.454026854816428,12.706548286588317,67.73387237250293,80.2868287199596,26.513488392402078,46.99046763865165,215.54399638612824,39.16381469465046,96.64786729045225,12.072190090150052,1.2585991211064098,105.99313219994768,107.8121383890923,164.19999944565814,High
24542.82914502857,7.514448256630919,34.93223333237191,11.52097505807693,45.714904153468545,24.694614277410786,7.4056621037170745,65.8274903935527,34.40993683457064,80.16354695061017,64.30868726452903,62.509429105707106,457.5647233075735,44.76829510593923,8.439049603687643,13.457398226580086,0.8251719184358473,38.66675134452784,163.0442780831514,170.50538639583215,Low
34702.7037858744,-0.24508372618642627,52.02546115605771,50.39989339463658,18.949481589542692,45.18846153767636,11.70612076945163,61.871163154633415,81.53472354438941,32.45998078391555,15.085984683206782,75.79068192701175,395.1311125096909,9.852290740774258,81.8764102551335,11.338979933039951,3.34162538515912,107.4430407874897,197.75998448658203,54.23018134910824,Critical
5365.405841440258,3.6772731793105455,15.284424625772806,43.49476479746637,61.72944442093707,18.135663919284745,23.168966124500848,70.2105095632862,30.638705527688852,33.13765499676566,64.831452001473,47.20074135263243,366.9920482137532,15.104757452748101,34.15578764659865,10.840155800062062,2.3763826105361883,52.28581539356375,105.31929639457626,97.35207642354669,High
4539.728079061655,3.793144666619378,87.80545885197894,53.6857192207497,37.782158475744325,16.127443723099326,22.221253108919253,66.13284742306423,24.295392584381407,25.67084046473009,59.86153171968569,25.190337447515077,275.853202334097,29.35771229956009,84.94680259854749,14.4817646030496,1.3167731670566307,106.85014494863977,295.8060818204729,130.6210694960185,Critical
25627.5197823772,2.896244620502448,38.804792154458084,7.053434947256195,28.404697334250294,43.89422360381326,12.508574764595842,19.715047897102597,80.41954685489874,45.593090811224116,68.97293477551895,60.43533253742438,444.073156321051,33.5210289933381,99.17556495045424,12.996164471006118,0.3780512233574926,84.89492561027835,263.97457007530716,195.90375781557225,Critical
20665.15517821791,4.447452485768186,48.22938839305087,59.41335207690444,36.28490354145041,40.255407428431305,11.45069781481155,34.74170491692993,73.71028276281399,57.88068701928516,90.59280451771545,68.13085886586691,235.7320631558376,24.988017345895493,34.86674102117478,12.286054682866775,3.486280464219704,155.80275676096235,95.95682037131881,139.71098202827127,High
10321.462663033399,0.2982672579761845,38.42271793895381,12.564402836996017,44.842959452482745,26.719030911120548,14.765208988921579,21.00976184152995,26.437507813161858,99.83182822033736,86.5322294715583,20.46732800972082,91.84912020830636,5.178919690124442,12.935636621235524,1.5701293989365792,3.671881373635239,99.9619976421295,157.30440698972401,180.5506520413899,Low
3700.2585456255447,3.526622677767482,64.60093840929602,0.7067925771985206,34.018086149190665,8.275267493976799,7.599442275350612,81.65265417412787,20.462117742094417,54.47946736545356,98.2588772406285,27.64602988308245,422.040907097974,38.18859475241643,14.437549798292826,3.8137392821494425,1.022455086852517,180.81357089410693,76.94377784170086,170.76128968754665,Critical
3912.3804862786383,1.7217325524689713,62.97857266636744,59.84537634321325,26.93340408142305,12.323430630322518,3.2002548152263453,73.48681070521948,85.45591796380229,78.09940708058967,97.86169296429175,36.58325148753218,154.2263974648289,43.3175973089147,75.87408909491859,8.484313557578817,3.690080688667765,135.3544700461976,159.2061364819671,120.59198209892718,High
31402.48973858002,4.61667259629189,67.22578484233085,16.86443312670679,37.895142016278626,33.498943539622715,23.602155131937753,27.129795248050605,79.89386339770192,75.47176210180277,79.50877240363774,47.84418295927473,45.74409969173507,19.437224284534974,14.492155233813653,10.730533543129761,5.721441977304071,231.08068545111897,208.1663799987526,179.7945184117589,Low
7523.489040437259,-0.5877645662685054,31.451458368953666,40.08116715075359,11.342103752492877,20.48197941633976,6.294076652174973,39.011285441640936,39.453163632969776,36.358556020046365,96.07776599599552,63.28409782644643,80.49825472101986,11.66693671305038,26.04215685346366,4.75725893151701,5.874114537940488,36.39097730734094,34.80111690996647,81.71012828679454,Moderate
11994.633111927706,3.708774168394762,35.25347849312528,10.600938850578313,64.07484922674197,42.15071319996662,6.563216772651477,92.1622743424582,69.23776673920301,24.680572115954913,88.05554973002008,43.507433500773224,312.34827977319117,2.830491463369764,20.439834366207975,1.6719232628761032,5.353259032030629,176.61165933071308,262.3339893941088,82.06387078517918,Critical
8706.317675717593,-0.14729644616676296,20.020098487696636,34.813711931948504,21.966142549731003,47.5978404479458,12.866587563640795,60.503545419770376,21.174416789302974,63.680540122687,75.48242049054755,42.0947051525203,311.3993426821628,12.203858552024167,35.567856403098254,4.873158046184141,4.881055768847295,173.0132662289593,182.18630184950922,158.3834722161071,Low
13069.874398285869,0.7864306311503642,62.440797747689004,54.24209918727355,13.073322954144608,40.670572413196076,13.307106931327606,78.09822577059836,55.63428931429103,76.02444738515808,16.784582917937968,89.54794750504655,144.88792211937655,32.09650731805216,7.436657514968747,11.634128954533631,1.4143334529373213,238.39723864198467,296.9848405873305,35.563296470652084,High
3360.4106533671743,0.18709800323583226,13.183770186852204,19.210870045706315,55.75890850335554,20.12218030378674,2.4239868231170645,32.49023795534198,11.685726285437788,99.86014321490048,14.4144899442899,31.6040512641141,369.04647101406994,41.19834366992741,85.6742482407258,13.197795131318184,1.1073240584763948,102.31468875525835,17.42153710235593,68.1067913170996,High
18648.032890881193,-0.17162220131182893,57.814586841876725,40.215238562661554,64.17552901765706,39.85694860310836,5.402958991801325,27.854498215240945,45.24416928293999,48.68888418249366,85.38396107551932,59.63681065378882,391.3472745917765,6.021061856565931,86.01463118009936,13.719683630661839,2.780696093255056,86.77792288235814,251.13452181848731,125.62876566593505,Critical
3298.8271621353065,6.25710951560667,79.57567078813071,11.27421532790499,66.96803921149902,18.869200326592804,10.69756082689706,76.63293895195662,16.73585393242646,91.70916496648773,54.069027208452844,96.22597735489089,461.84126054413673,25.790145047962987,41.29328984826898,5.869340183418971,3.793864157647604,55.51245939020929,239.6692839938188,89.81246378472024,High
28212.121265960293,0.8570756766089032,81.26657186317068,37.48772392312352,44.545642786242,10.020804212750427,17.725805950742398,68.29915869467241,52.76324621411943,50.554596469534914,83.31460159374288,70.00105992928367,300.76999936555376,31.90784368600879,61.20875690234753,5.776317050444888,5.133936367248593,77.342801108494,48.52722849160938,188.73750487876342,Critical
8946.210784954723,7.271237818644494,45.923020829596936,20.187021109050608,24.37577292829897,3.602873833561155,7.253624507134525,67.8831239829999,47.95134821676049,75.15293667444102,38.16264435896974,77.37643839155508,394.123214790835,13.88437530756955,64.19515709043047,6.278599823285328,1.545385638593449,132.94433159745756,107.23863417418795,192.11615322763595,High
19360.40509655336,7.699265253451909,46.7442950570459,12.6724955152771,61.60593740748787,20.514402212528964,11.729332263560542,56.97393945548148,49.99465239742504,67.86023444136416,45.78848724907115,54.49895931124857,381.4878462903842,26.505572684322985,74.92581153459288,5.824399200495281,2.981957823017929,211.86254606059464,266.5908988828101,105.49044867461994,High
30922.68897708958,3.7126046993709734,16.157534640641387,18.790923042218107,58.979915400803606,45.37084657746953,14.818936488478737,57.90415913600665,14.079817184319467,24.238303464207753,73.01680489107387,21.594573369577567,143.74834326425258,32.75568231824823,52.06900875440511,10.093090130355982,3.955153403349706,81.8073518179507,160.35174557095374,112.42175916947944,Moderate
23129.8305476046,-0.569988773342736,63.661202035442855,10.730464110467961,27.238951387222126,13.471356212272472,22.437627376335715,72.53428795103157,42.545470715364914,26.27107415762068,92.37940632388839,71.69042946937643,168.9084454100765,38.0219274548212,51.0336045441686,5.567351953340292,2.7844443562996313,52.06939741448679,126.37163136549931,147.6791474465165,Moderate
19120.5647427454,1.7454824337958126,75.70075362982764,54.11496647027297,73.23854291039551,11.912631916629632,9.499621553523836,32.950210895301595,78.08354641899248,21.661127177956878,17.898532703099733,70.55394251424993,249.67154996137828,21.45749358525918,63.13037773282109,0.5990558682294136,2.834323327059849,78.95019070242964,272.59396535274414,96.88033579449296,Critical
12027.34760592277,5.9773226334821405,29.572404368377043,23.83121317902773,17.30600206579803,48.55139769156993,5.071840114860121,39.98531959784124,43.20229360182581,49.66672676751916,87.53303301711456,28.83421091706665,29.138704414039278,34.15786041351531,70.30483956698775,6.753661630111714,1.5056795339640185,38.71783913169388,37.069912098347814,46.11870890869059,Moderate
12322.06504397873,1.6739072869707048,43.70407053066917,14.71675829846204,78.7881767713928,3.2001974168284217,13.253261195644988,84.08912549420468,74.36547573486226,79.66408390128086,81.37114523914288,56.97277708997052,162.7509311157073,14.976667784813536,34.66903770292517,3.5950353728252393,5.9226332484842406,232.77342283237908,147.20560704165436,151.92414203835685,High
23762.556476738464,-1.1298278169721125,77.10714694122163,26.904470460955974,70.21734676842252,39.717543218900204,19.17459683873343,36.253542086033406,43.253085127035995,33.820431519257816,38.39853436568692,93.22631557325204,247.46377920523423,11.16101011120282,33.037047326881506,0.7234649254339134,2.9561210437631718,220.0666757252281,199.18848841285217,150.17931897706967,Moderate
34800.7382815197,3.5678491092818794,80.16963741298304,19.232170008389733,58.15290518353527,17.42575787556178,4.526774412212869,56.43631356724042,48.09154973411678,68.46823747071167,41.96949527184036,36.40678655775801,71.87326173494898,10.0544910818987,26.971840409590918,7.221391387550508,3.2899032833518533,87.49555349151079,186.47701731435365,56.5464096444381,Low
23502.532454878874,6.4512085149603475,29.454398421138073,44.665155228799556,75.7124921795883,3.799421929743648,11.76772030903009,69.72435444056815,60.75029015463395,43.10622240248623,14.181532949971867,56.88790037072883,80.61242613206021,17.431527468506225,54.88465553127485,3.327532020214908,1.4676438894636084,73.04213674398875,86.64017177857852,168.25413875839143,Moderate
19964.636190580848,5.959263871435024,54.04565076330914,58.27319471312966,60.561781782659544,46.05452193006001,2.409058249037119,94.99361028082001,95.56137431263743,83.75940991832577,11.416655000504619,56.88825481604163,242.35363315392374,3.5428263169205088,36.01556895557724,6.95530467814409,3.181992966324548,227.76836880525516,173.36074231495758,126.59334731983056,High
25842.11734813437,-0.2487685986964676,25.399452050866167,26.28201940185881,23.331989792103215,8.702831850060013,2.771861177886776,46.99976317710322,19.797440198198966,83.87169192023927,52.930551372195616,84.86091745181108,370.86321516124696,14.168649019605738,54.03132677076319,4.382924803171211,1.681027439498979,15.416408560424655,215.4829116429347,54.897305959919436,Moderate
16816.990817646416,4.727646144124667,18.150301131164525,51.66200399833442,40.95092966789682,28.48540561883338,13.107927353983309,46.38789451312022,12.96223917950563,82.03316119731389,18.598568094757947,85.96606962635556,420.1994868419279,30.045581451058812,40.59847658269216,9.174520393122368,1.3735502580241052,156.13571907796646,179.61676812474252,133.8874373920538,Moderate
3044.8396484266973,0.20504263435647108,82.8896401113566,33.95178441357717,15.005211703214474,15.154601956618293,8.858537857471376,81.62001225186174,64.71614654290406,61.98668110411014,27.46016329736917,80.74155357307134,282.2306708022793,29.86051902788588,83.67341825526609,14.865897587047204,1.7991890554690197,230.26088382223256,208.49404553342347,54.38580999520654,High
20118.091739848933,0.18207534552172255,75.64060033856873,9.434139905654009,37.27601956016808,5.12925450486517,21.43746787712448,78.46776445708838,95.41873800355837,42.765336806388135,86.20904795739972,49.2363327350619,247.87951402243093,5.162813679134123,7.3130239745460734,8.344309234461475,0.21600596133062974,134.5110098929929,84.26283442274922,60.39426127520338,Critical
33559.259673182925,6.740717733051852,70.80279214425391,41.43736452488049,61.91221138160461,4.396279311842196,15.849549040908448,72.14144994743663,99.07508192992434,84.75552351029077,61.39255521254072,25.76295400148161,204.4546728606825,14.358871534466665,57.221059360467464,9.80936997832372,3.506876449609767,15.697235505913964,251.52619557881695,171.12176829259965,Moderate
6960.300040160428,0.4966895274023013,13.901305505051234,30.80606982754921,37.05103456515722,7.546721544144262,12.440458120088778,49.374519179767454,53.57478226528016,34.88804495513932,67.0269193539502,47.95863817792113,112.61551637005098,26.490979581150633,57.56237505871977,13.81335363894266,2.447384032032491,66.43478590551159,140.40996572564126,186.6033981555656,Moderate
24460.166287902633,0.6324734651801118,77.49830341682059,39.03639139512621,33.12059228276939,5.425616666690242,11.382513534248815,37.53482521366084,52.127345897658856,43.18076816229248,26.873139774872804,74.38329610170717,90.34976135089506,15.697741912633422,38.371731053869986,5.797806140558847,5.4123963113247955,231.7737745646045,296.2949147903249,58.80770508806011,Moderate
7831.74541440792,-1.9934660923870045,45.0435260724307,53.3812447542999,51.67490057572183,38.5067895449563,13.436646044359955,61.742091019712134,68.04673936706766,34.715816492849726,84.57956240089776,76.21972595912611,400.1102967976679,19.97348504012156,42.10208945631432,2.74826221184807,0.4361016069526229,19.000269682259873,16.752742993411893,186.3296970461853,High
19218.141272084762,6.706690341255177,37.39160986366877,26.426074239362766,71.05431702992266,25.307177709604602,2.930093117891211,84.47897991618947,60.00712814844728,73.93681283101182,88.11817951957728,97.20001675813752,243.20318346192136,32.65086255597785,80.01313608829285,4.457120059079133,0.4505617449633506,107.77324502485233,120.29145766181658,55.37178083544717,Critical
4286.999287988467,5.925948132091348,53.718108882030116,54.07065739304134,13.33082347822787,18.458820384751025,22.534247197675178,85.12108394772986,67.06792518527064,74.89888224926545,57.099483434173905,56.29129851549668,399.3537178302822,2.398473666635092,28.067371026033484,6.221085628503873,5.338066400412984,200.5900106882499,62.33776516848215,32.28079945309128,High
16312.611832778295,4.27328935090678,17.308259417884464,45.04014085689929,36.982930428981476,22.081707686336344,24.96097258188104,19.222359330987267,88.65994829841048,72.20079942294024,92.13019946907939,70.59484663522323,357.9598572323023,13.884922395802512,87.14037914261628,9.781759914460823,0.9345389247851792,211.9513835159758,171.1267628282755,21.062536833539625,High
26709.553182438365,5.502657639388422,70.53172394819191,29.316295552679087,21.07685192706839,46.58944330748592,6.17420387175007,46.4097741241178,77.16755525388484,53.24811734917343,86.03457624591235,63.13526965780254,113.07003890402184,8.122006482755717,89.63433041346933,0.3674440326168991,0.21252860391921047,127.23786416773747,80.52947736834768,56.00151575820033,Critical
12817.431824125391,-0.479514325755082,56.59480615106367,36.19332813947782,58.674797551230874,45.716087011431064,4.768808189816254,49.501366276893705,54.7189652518116,28.01368057611466,75.81917590069942,32.04948480905899,264.94748682138834,7.487194858873145,65.0619304402196,12.844733257074669,1.2377004095354798,69.63368165722034,223.8686045045697,83.19684272867471,Critical
23606.998632565414,2.583235945875755,24.9272077498534,19.534867951140686,17.40071923017944,36.35247104588369,5.302281659317691,93.09730623951903,51.56780131001526,92.8935667612017,76.06683241242658,56.896197770570886,233.12798260288673,43.23872930723162,77.28577137080984,1.4185814038325077,4.978481815566104,155.93060865624736,265.74110007788045,186.2341922207679,High
28045.29866685079,1.512193873487809,25.058575981523646,59.01583798432645,56.536543100617116,44.46475411624101,17.203622339390442,67.62983129561968,67.56415736618044,60.61847712097905,19.485412655577697,63.586812375119536,223.45928292353443,18.192094257183964,61.29475283544884,13.539630689102692,4.8557416800085935,76.98783741596586,71.15646253881215,56.010019944145455,High
32524.04586230139,-1.062234737429835,24.739892125813938,40.04106978302376,30.032660955853512,17.34310532420599,17.21313928436782,44.615945467276,51.013565597826776,52.55777559288732,34.37524339260992,96.05996848338069,280.43410361783066,24.66480915111451,52.52591137465916,14.256687461712012,2.172766822892016,74.98710062904034,56.59650930752153,79.43841554066974,High
8977.830783085421,2.8613048521492406,14.560191004154719,2.6308111497977937,23.92417696160573,20.293247648397575,21.50225573240345,12.214920308775405,51.20014161390758,67.10599145986346,16.016249783590844,49.32312435271648,491.3993125162102,33.5543411439942,96.66777542502297,14.85451107344837,4.074579320107142,204.78594439829808,263.8535838612588,149.4896162012787,Moderate
14576.741137516477,7.207396503426354,57.02387594973479,19.597314344880527,75.54467904774897,31.458184729002944,19.292006933803826,58.057738608431656,11.467531160785434,35.423234865528464,10.781308830367779,98.40792824863823,410.1922868819577,4.040241418982158,28.265496422746416,12.1997997107811,3.142048302547801,51.25247129470407,114.76885537566663,67.39407671758349,High
6182.144453234193,-1.5994088094930552,77.22785420708065,37.39886602554345,11.29672037221691,31.93404547026868,12.342862487494815,18.166457929260268,25.665772366657755,30.60390232838995,24.24785782455191,63.38400592192676,453.78196718258795,12.363973457981029,15.415094664311212,2.385276231320243,5.447462941106255,16.297547424467837,136.0292541381187,140.0299488191203,High
34744.439073384754,0.9146091349379386,11.399857118991088,3.379996667954388,40.64440903226983,25.121592224592366,16.095673316002333,80.92824637455986,53.966227599617774,52.44201771663548,89.24384643822461,39.3975394642446,34.22699992449802,37.78235485577964,28.748536314251528,10.680655535410239,0.5272561574210495,94.14217599637455,74.08115570862533,92.09478565721545,High
32518.03290942604,0.07540936205703463,13.920371597701884,1.433051479148566,11.513889472325564,21.231576725021757,17.83054741846418,73.96408614848079,84.03881131453322,38.17765552799284,31.588665313244636,35.33315096126462,87.36145606040284,39.06559636664888,61.462560837944515,3.2888229719401942,4.916438946672464,130.37887942383202,133.3413117348327,47.324541005242736,High
19358.542429539026,0.38146653665696295,55.82162213495566,27.001454371668153,43.85151336730303,49.33665495721736,13.792938816560179,49.143278592195195,35.085430605441175,39.54322356297317,97.31385663325496,31.33559338081854,60.686556907790475,18.036889587554487,18.518343810114366,13.48777918303194,1.1894722826792683,180.69389209540105,77.07702119261911,149.47119118413585,Moderate
29629.132008798322,7.084345518793754,75.55965483088418,19.9614107815602,45.07331644560927,41.41393405365077,12.939972642387643,46.48291626104448,57.03790898180341,91.40091902228235,63.75618996050855,56.23462964587624,146.3508824313328,18.119048785026035,90.88140432263141,4.954107107133567,2.471401205104204,198.56208553700782,203.1189577839125,15.13737833776998,Moderate
18712.571227249435,2.6806905423429015,36.13911124549069,26.297916481989954,32.51637299763229,22.87904949862617,16.837241249781023,86.27381207334534,41.0465876283309,62.46073417486599,31.353263887122132,21.75411438311386,232.10839614399222,34.54656571568192,41.10244006653927,5.103900863003105,1.313351478321642,170.92701461640308,154.6741596192253,65.543616763866,High
22201.91339209383,2.6629941293981876,37.969151904617775,15.76159859280031,19.25132442675166,36.910038907499285,14.821914626440035,34.518959785540915,19.432359058563012,58.67752514586809,54.74177231357915,55.60362266518923,328.185558874827,14.688019750244374,84.99628782918435,13.78950344994854,4.2751635756460065,162.22958687447777,238.5375293292436,77.67449244199196,Critical
4030.230691944565,5.605756424552823,57.70771979974207,9.883064816578855,36.34712764141327,14.938961276118055,16.810673022725936,31.16669677907552,96.24686347641706,75.15836749828779,29.718534043010383,99.0723753724757,260.399007817569,7.035045489019918,24.92365445288167,0.494496740520457,4.134291842568895,171.45094974506725,100.6911536595154,97.06146844765084,Moderate
26679.19429689147,-0.45507795995074196,31.93703112993176,41.34860141882026,57.05840579527962,6.808127659391834,16.095659801157367,89.83178179018978,86.92064832252716,96.12384909413917,98.55762023641364,73.60854365778133,453.5282791583071,13.074024360345089,31.316835508274753,3.1513024268084755,3.377806089854356,78.80873163155827,156.62255448312095,139.17515407546648,High
5342.258443597984,2.872653541000508,12.12866928621473,30.87426697606803,64.76770660511214,18.916689226531552,18.541520891814056,78.78589612404602,17.064318202021575,28.975885157645127,86.25384855144675,80.78288969603237,471.1308602690546,18.65582346033832,5.922339717249658,6.502404318482789,4.2493456134612,104.85491089667343,85.26176366336898,97.28694889534701,High
29086.299428585964,2.2998521412105974,68.81828144812769,12.00925267496201,47.15254216716996,21.34269440592292,16.78448070200615,79.75317541071155,74.78085362214561,86.68276536874058,12.361490990409619,29.520431257461006,98.49005657478028,4.244802512589225,25.776769218557394,10.600607039459836,3.9094757275071084,159.86257773489766,280.99743977152315,122.92158133438109,Moderate
27588.95498079312,3.9691069054665613,60.05199303531625,19.175365575599898,51.28840761078289,2.7937819789121985,13.954077188057148,26.59147421345367,41.28219139217502,66.72153438942767,95.2998428320724,57.848068919207265,429.3982017270968,22.583250930607516,49.03138189633014,9.81922264085761,4.703363922968755,30.40910518318362,161.3613436594199,123.19802489938529,Moderate
25097.3197232612,7.995577032504386,56.46047992445273,35.50847445979956,24.04314597872569,41.11001607852301,17.68132665954089,22.180159271629424,99.53648263556133,31.69322830494698,74.89585965725986,42.89784808205711,251.2266579263845,33.82032304922947,94.61369177232423,10.140354564957091,1.5885585774851825,84.40145726594608,60.304123932203495,80.92161348024146,High
2229.452937841912,5.694488940820471,69.33473031934585,4.333760896348671,30.11312332593546,19.241283314680715,12.338085199264846,12.212511734456466,37.215866784608,43.77194549511933,17.41431268191505,91.52780223912234,237.59814623234448,24.09104121265985,38.89029738914982,13.236323817636762,2.687693166656179,110.50845201804847,89.10204117090842,187.4545404933927,High
11306.364102141173,1.978657030174272,64.018467004963,8.847180555970773,21.33269270366509,29.860071957447058,7.558438197369824,30.148528258087804,31.486460082633993,58.58891331717916,70.3573971693801,34.503397761113,396.7708872725927,5.0914996421238,63.97438794833459,2.079147060710872,1.0794338702545265,140.35856047067495,34.04156959597744,191.6122278665241,Critical
9945.827376968657,6.275530522740469,26.470559054265692,4.394736246443407,27.450674500322794,5.550232989005886,2.0326190630800554,75.80619179571761,61.11014934748647,75.29417156619384,68.22340281691169,56.69866617093936,64.70744434154076,20.926434147876215,42.7710117468788,7.975776934415924,2.6916426724771254,129.32329522982587,18.066638723342685,120.55166797794851,Moderate
13244.63785403165,-0.2929163668751982,38.19848375546809,48.73903996284713,25.742074615787224,10.399847780028031,14.879175384354394,30.40326559495273,85.16135470088837,39.40856135627618,29.69098712268251,67.04381746765102,443.59670116119037,32.48289814584181,4.679185076794123,10.964522029806583,4.269812158237979,183.76099136618853,162.51732956049457,23.621267256132064,High
3979.8533899705103,-1.6953631369103987,20.08881133429,45.14455399272055,46.36141504738663,44.70529881572288,15.585070211998744,71.97377910556447,27.32669846378182,62.79030523740719,78.26020300068181,61.12328732628261,342.01441018285504,4.498156121578167,50.353262589670265,9.650941110985219,4.21006873254924,126.25526872286837,107.76564753242553,103.31423720862779,Moderate
32856.565983056134,0.044483724642730316,20.38856107343048,45.19877591275542,49.38821290535106,31.217001338374438,24.35712618984143,31.412202556230827,73.84624927473982,74.77373019326893,17.835823298167043,86.4194822376326,440.12557167583896,4.573429158256206,6.591364670392085,6.890217563107232,4.314676039110669,227.4705461988724,289.4943020254889,45.039672090861366,Moderate
19829.276184220795,1.4041155611425964,64.09565970852313,42.979520608561685,76.14631945750531,47.61363440818331,10.314001684168337,43.599862325807095,15.526592482700952,55.8992600678005,54.050066310812305,38.51625370557123,497.34923729965897,17.935860336782255,88.3699924597536,0.5515844123208102,1.9908516661372677,104.37481040581807,59.68610494483042,101.8107591558517,Critical
11387.8265623728,3.105807574595599,78.68800855859986,40.16312542019215,23.689945297106615,49.940001650783216,11.06506458505117,93.56879464246971,92.70412687994475,89.04207688961407,10.893088644677913,50.1912888338953,268.6421371314816,10.38345045731949,75.30369619509139,1.188648305023904,4.040841047987358,138.46235095139673,240.23466929371415,45.81179935472294,Critical
14497.371580525636,4.151291405411998,87.01860670889113,28.6195149226905,54.917299711304715,19.84928553598853,6.641390370870376,30.808997159151524,17.29674245325689,89.55672822723236,97.18637400052718,83.3667437259162,64.76585499628591,42.19557402626208,37.86514712523662,2.0484375047513983,2.3313046536158413,15.754441556476298,101.63171823594179,143.73249667328804,Low
16204.886377164412,7.106057172144217,60.267769403955555,38.5366898104269,67.2081488291266,16.34254707599718,3.622288790458404,41.99150332035275,92.28082387097463,57.65529741123566,77.64072685992184,62.245712938944386,99.93145420682552,26.997774960808954,64.02186661912897,5.345447966679844,5.6780538674092895,87.9623197648545,74.82584195702451,25.28153281260508,High
21420.207334260987,3.0985400955045765,24.728105868876558,2.301693287278479,49.21690246481368,43.20109064763665,19.774503335820032,35.592410339543164,54.17265245074326,97.83405683271197,24.296686854369042,52.16939085183658,175.33675642606877,14.354992174453535,11.20281553133321,2.029505754207059,2.1915249221059647,218.6446496687882,291.19467751037917,191.12777451522558,Moderate
18533.100541680924,3.0127564462572938,18.452027635914455,37.28786535940708,27.8502556750753,49.9333484977978,7.742664479804476,19.318123838050195,50.328200151632785,26.046807392435785,40.750663595615464,22.355401179586522,69.70541222466059,32.30539935194288,70.25549869626508,6.563410002020342,3.6975057574574506,93.39045273012853,242.74721363627205,47.12141899233701,High
32259.32708929019,-1.4975699017701787,75.02807772294062,46.67266233221263,28.378516101400017,32.22277924315795,16.00481180369087,51.64100208112012,97.5976371550339,20.26899026583493,24.450614002735865,80.27083392124875,411.3640765461295,18.12194920845114,82.27324089914696,2.9260372616080166,4.550845142314621,74.49878833312857,192.88005851914616,135.52470384935663,Critical
17896.75841879823,-1.650884473437762,56.30051810879994,30.02150162306341,12.747713714969994,40.16675468055307,17.818779817546073,42.188706383305195,99.13457599283971,50.453461104313526,78.99557177163831,97.77456623734082,162.49656849572887,7.680972708297431,82.17456485382345,11.75374310363523,5.457163088352779,142.73118617392208,212.1651007948881,184.222846638603,Critical
34733.37250399263,3.5115996191637207,59.46280168109759,21.450799705634218,31.381095858393717,39.52380122313318,12.838443807707897,69.0654022936188,68.51603133649108,68.08776490980074,15.300669288494365,69.6229607590808,488.4253702495353,12.200985883273956,28.427754769065583,13.11086796566957,2.7399859000326834,33.50157313388703,297.500627706671,57.09839965697187,Moderate
29948.448563333255,2.3817861324834446,72.51696710037675,16.645604088058747,62.12225753023661,19.056305994538256,22.15609859962541,79.49553649088143,21.440736267134366,70.33601259597287,85.63659900073428,88.52329765510356,357.24388732729074,29.638133231753155,26.374619527682665,6.027818367132184,2.2908136276079545,139.92720593784384,182.03014855921717,187.5164108170547,High
8089.357488149418,6.391803949802986,66.26217821859612,38.56812300972495,13.326243004497726,29.564978252340186,12.207281342533761,56.261225732129276,55.55530770896822,58.11565890350629,94.79767049521568,61.35005945559409,103.24657772266767,4.2306725578706414,52.13976879026785,7.816576950139889,2.6941634168362163,86.36146258691426,39.55113073401843,83.8481864754518,Moderate
32640.237297893153,-0.3932041528815482,76.75666022848773,41.568071917794526,25.350669775338147,41.98673318068225,8.552898329960598,12.736695877423633,57.62467908600962,29.990665059251693,70.89651485256698,38.53447723386917,248.50047053309135,13.72562872206674,96.77721619298484,14.316394750945841,2.0774388389887286,105.02917912048107,28.811176743400598,192.50085527799212,Critical
4956.457528106187,-1.750283378829504,14.497112436790278,52.258055991752556,59.436274897224735,35.029466060530666,22.608357028117315,62.60840027995133,56.300178532177874,33.63980174303154,29.166890500129078,21.155368338811638,244.10442638399414,10.957393538613509,92.05229776060852,8.17196400362472,3.9927620423904213,200.97077601922905,203.3159654674233,194.55913304555986,Critical
28793.290088700513,2.490387679301259,69.80165093972039,20.540044947659442,64.78560939760136,3.0158630711378365,21.815978537748997,14.708212051779832,61.254265466800874,88.17183870816073,42.40810862321957,72.27186140719914,256.4055960001442,10.648809759090875,35.96384817559818,14.927576272898346,5.609757231249787,170.5615443743178,200.70433173829298,45.735181963155554,Moderate
13941.191978203722,0.37478556752257486,78.06822058576763,46.186338443135135,41.87228870433499,18.161872107081606,5.772918782757499,62.390287505917115,11.68522424149516,89.4328905391409,52.95158873280381,59.44870785985957,277.13176190860906,31.35878371496676,77.98295061830441,2.3893256072732028,0.9312118376383272,119.83493188410307,226.9703999636457,167.90659401690033,High
30851.126895132362,-1.5038562666116255,32.89080339666515,33.681349451360276,58.86520369350542,8.934833436541057,2.597103422140182,68.22754568788102,74.01045533234522,73.91188302885762,64.41622949820284,82.56785176700812,34.96307951251082,37.51012742043768,92.13177640914574,12.974728382771467,3.4533479756669103,150.71633357496077,41.54583176745798,46.749992438374555,Moderate
30513.927463653312,5.24598286847629,61.23578191946023,52.97018944068475,37.15665180584244,13.182666179745876,4.069667796041276,26.810248347489065,74.11548717576892,73.13743778231058,70.17967808305187,75.57459339482436,349.42454035693925,32.782264146763126,26.092646571760504,7.6088841392925906,5.40636260708992,195.21180750025385,284.0216596789998,53.0237178629055,Moderate
28401.46360399912,-0.8840700004275253,35.13296510695777,31.668726497737246,21.193927151688925,45.46349491958363,8.590590166737792,79.64442264135053,20.392279766009914,67.8145702422246,59.87932437869945,99.03618945652518,253.85205213845276,29.766296079422023,83.02956496029398,0.6338974353701219,0.7806643590049018,190.25918012110424,169.835940034087,25.98403576444567,Critical
27861.034834440088,4.083195000077717,86.63768531859633,31.057789703878033,37.87046454660346,3.7708778677168713,24.361975440059346,87.44223618379412,61.321549820122065,36.23407085615906,41.618252873967016,60.825006672963184,399.6633914569755,41.40742618816815,26.789562690917656,14.591677239158424,3.064419382444429,58.550601979526924,198.37110109615247,39.74201983465381,Critical
11359.090729333388,0.8104975016688916,12.6738857948403,34.67262488645454,50.59774741422,12.55043417417234,14.845871522698976,79.11239194967467,61.15250641921971,54.260056020792256,90.18255525084128,54.17398317384075,411.36779516500667,4.5108723582447645,34.328212588721065,14.486204126227362,5.218331655990587,85.71601716981311,20.107191179657768,130.1216039669505,Critical
3751.2556237425742,-0.26503949644977975,56.3834275066364,44.95892130854607,76.36372972970231,16.85932890743511,10.585019836673183,35.934281168026985,71.42053781713602,75.6715721170703,17.32528522161624,42.939175155143595,130.65685855602436,9.201772696978352,19.882069085075415,5.934081350688441,5.422622827930078,96.83567877701594,288.68252220951643,95.35801870983943,Moderate
14701.326078015489,1.7975152291931744,23.320283763961207,57.88142872970766,14.812566646207411,31.610435454386952,22.440470176093168,59.864656057878925,17.6857922921573,62.980181760267094,51.963044881914556,58.14890334330195,43.243014284853345,19.81949479383288,50.70797990727135,14.325888444962802,3.1832425346869155,59.072438151176044,173.1516361357451,160.27940506207867,Low
6899.833509541295,6.0144577622295365,66.9776164141727,4.413801252945939,45.51758656914724,27.636881124121544,12.422135624005492,87.75928768125436,66.38529765394867,21.486426724407934,79.80083546207327,89.82971824983377,357.5522509339148,18.015420670666312,84.33108942612412,2.372841740906622,0.34472092991276126,17.857941691481486,173.37530276844228,73.07939481705822,Critical
24628.3370226837,1.9209357690457267,24.07122267349297,3.2060761434610296,33.024384474750704,12.476935176962533,9.250488453223486,37.25650172894224,35.267675567170706,96.28454453760787,15.47853987622608,23.3951780633393,489.3261384626597,19.976218927409967,52.80521374355123,10.29761907447403,0.8127072348813658,55.882308165370866,283.63104170681015,194.03866778720118,Moderate
12767.390702284709,5.507696492110557,28.830660951868605,56.25302024444031,45.58181859936862,9.883571226711414,23.64804916115012,79.70236489256112,55.63026914465547,87.58528420577147,73.4801695130171,98.2320037828951,234.39583355883252,10.877560916836359,12.344000969309754,3.1213561072511675,3.6029571223991557,204.9374168641495,279.51155167326357,19.47578275568118,High
34170.746829237105,-0.7451370320084931,49.54966488366065,31.792537531092368,11.678281316357218,13.366305660613703,21.538906322431593,10.805386157244204,79.5991197433669,40.84360112877903,83.77404604779925,99.46457554462384,144.61414860492596,8.428642569949819,25.177593222717,3.925714374121966,0.9183799175048006,143.29130607723073,73.88659162700009,21.957831336463883,High
22793.050629741287,5.727714196650791,83.18679599975025,36.894180874016165,31.911774829110694,26.12142208167947,21.404372634647142,10.309969736697482,73.5081342726712,69.31671481330369,69.4748168674347,67.82571028703214,95.20250940007087,23.895309640690908,56.28618672813389,11.7562603268783,1.0666231060853706,95.2896363419875,280.0186583527195,143.26123077544585,Low
28964.33916356827,0.3693332490664867,26.937149771837667,28.945416095683733,67.39077032689035,15.016533714137765,13.782549090154902,74.57549112881223,20.701271591019406,93.85915069825502,11.16432030478204,46.52353629563211,157.97388674748083,41.90625853495813,58.31874555705602,5.847163843109835,4.67827916713626,157.9609447229242,223.6201739202178,178.63238814484333,Low
5505.838873222847,4.773931298888728,21.539201689448284,5.619447156448469,48.77592136982463,47.48492007717066,20.157083172755463,74.7230444808053,63.20663084044659,27.680880969092108,26.212332441898564,37.843917465761905,177.4013846582959,18.854686881046433,57.69059035448698,0.4047742915807313,4.554013939737902,188.86101945649605,15.481210926111062,161.1450364104884,Moderate
30308.49239726917,3.657815548409964,70.71814654832245,46.08536270511999,41.54077449712822,24.265530628584685,6.125127263084693,77.06306096744497,97.22048778466647,60.24235846373605,40.79017710027557,42.1192316547903,223.45987684854296,3.8641882071397076,7.7003492506215965,6.389304835675239,5.088082004667737,98.29052900990273,79.55451313411812,103.06524669471361,High
32373.744477455406,7.291447172116873,50.04956258671448,44.833478705315216,29.986755020073772,4.822208794142579,15.184128023793603,89.0522812204938,24.1092493601502,56.49944206770356,31.032103207424132,24.008434120397748,334.5954191430015,32.365195744249554,75.36958926347542,3.6526190133045042,0.8132637917354129,124.527587760719,129.76424218671946,61.23185864795381,Critical
17560.105239843822,1.87322517975314,82.9428089905417,18.702199289568718,30.862976595394912,37.0047874801584,24.62845622549355,20.022036504724156,86.76163789528734,52.816400422682584,96.63869262046846,58.008876678668706,151.118266918509,14.517510937668522,90.94281989890067,10.344949729306881,1.3492403103615427,30.090105917477164,179.01851209666887,12.555790567895837,Critical
21612.599883533232,-1.3383481116555955,21.729164572787383,18.374354713704022,36.81710035134091,17.7845738340315,8.692043901913118,29.71872372361351,73.22932724983993,86.847088711434,68.64345227024143,24.58594166915247,44.468846464964464,12.539085314110359,51.05189477298999,3.158395841835454,5.031176293180174,155.3162760099326,213.3856218417198,106.79577624475738,Low
27003.533230701843,-1.808445144487471,61.67423144184315,50.270482854331114,68.48994969751922,33.36746873879588,20.27010357269653,86.81661823177365,79.66029816187837,50.45169173579659,36.72738616164133,77.47793718207402,199.1737335549054,15.943094030012368,71.88292867718629,12.681126868016193,4.3823081304471945,98.75566745476338,70.9610142475008,100.37087748876255,Critical
6944.513326854027,6.2685856097275305,28.630331692145205,4.341435464479597,77.70492447657878,15.420529785115136,13.281003365785546,25.06507681065004,35.37624944283809,25.09306665928061,93.6727748798901,49.75435644262832,430.70221575635634,33.12406752803868,91.40154920365512,4.226267277990015,4.874545541402633,116.8780571861851,252.6431491393698,75.40672089934557,Critical
18087.246599757043,3.247356376614322,22.540834292131144,52.86630890139395,40.70587669452622,29.395699603199354,2.9155307141080087,67.98948774400964,35.91000364418582,25.2670193731442,76.65347795285682,35.94917853977306,259.2087252089042,37.209233635423075,64.26227549480159,6.077515396760301,5.940524914465948,114.31114521752731,255.25744392785487,119.83382971477214,High
14554.542944258646,5.752440518349493,64.67435321258165,15.399701393754865,37.53469871234333,39.06332023075831,19.54944614976035,55.08935500346931,91.54175101988393,23.41956852196872,35.61464906443378,63.58828462688307,483.0962037177967,27.286410895575436,67.43257244310512,4.681141853717341,5.213703315703072,163.61618285449754,194.14965758556744,148.47479250244191,Critical
5976.71573351647,0.3442560001151467,57.49476959269866,35.579084865329634,69.2585543073904,46.54441960517859,5.877090321018594,17.071462532378117,42.38488288833028,52.73163374992298,44.09934124617598,97.9007445794411,261.7383349225912,15.866586409940718,72.14044133839546,9.765673212797678,3.21868685492861,149.529357004303,277.1172340495525,143.16876488336607,Critical
13496.17035791207,1.450837455132337,70.3861966689865,56.15965074010666,39.88337244454125,14.534102932787698,16.523892044053255,34.247411265030294,15.671385162352944,77.4725022158688,27.948597247356105,75.61048392147346,152.43143212248694,15.350564024042962,26.050245145406514,1.7871040560280316,2.002455471824093,114.19492122749348,245.7649038001845,60.01803993900094,Moderate
3317.8585191067814,-1.6989612778868106,34.75700611569459,40.687350092198784,48.641272060695584,18.073133647951096,3.970276463080377,54.23163839748227,64.05370332215051,36.29779695444124,97.39665984392397,59.33974800833282,112.790718677703,7.34525904593491,58.267787471682745,7.328060778664188,3.5041242021332666,18.984430050321244,74.27086119512686,121.2077008367727,High
1877.6048362825575,7.614923245741121,45.837732510575194,24.865788748022194,26.16591652191211,24.284788173725104,23.777950142407192,82.44975991812589,21.23359021376584,71.71748163452395,56.55668463010659,82.15314394036051,353.3717584570767,42.13194507411337,84.21751145444563,5.216485783661354,3.903801991359824,160.92621443837413,241.61629123000455,38.267150930959694,Critical
5595.653831263974,4.678679067008134,42.43773410643348,41.37205253432491,62.04517750453527,46.50439221132746,8.709649405148301,70.14077161724727,81.69366172671174,74.96707776829633,90.64510187481862,78.9981177519191,277.4630171731695,29.439994155659242,29.616273026075067,13.296828060338227,2.1448104193058013,221.70070639806687,286.4286028384005,33.10435033878737,Moderate
33745.91379403191,7.332050877593062,88.72715711732114,20.63877817898221,47.23918227895473,45.26656912691154,7.2086879085800835,62.86006872366931,67.75717982509516,40.416169921247835,41.18497939151629,91.33883688462349,309.9194859178119,3.159908653802153,89.71704995968602,1.379157775543568,4.671434817411135,195.84461932456594,49.90586963534497,159.3126088892324,Critical
19684.004220430576,0.6549640742907235,33.37991653915103,16.63550498095117,66.63241851682392,6.3141574448306255,4.970137293525689,52.16279564502026,88.72538546990874,68.04461248485035,87.47574427877281,36.3735158075158,382.46085888038294,30.48178509302727,62.0381949765632,12.496517454512965,0.737971997415743,245.67967357876933,293.82238658939843,141.8117213981518,High
33837.95347920948,4.114636112256608,33.58537906774135,59.800996676080786,64.65129110200688,8.33263163618292,23.758050446798098,35.38813862420142,80.63535248043718,74.78946720214779,14.849816358444755,88.71020610069856,368.43366284714864,21.22759724032084,42.317485143305625,2.764903004989664,4.7204785339539175,47.68270443486764,17.24791106332617,155.90649112000943,Moderate
15704.927863224488,4.784999682926378,38.36385670628859,45.04741387078726,25.050333778902,25.784440511870635,18.37378607615002,20.1358174621372,20.090228350437656,57.329089824170055,98.38812857718592,44.08208696333591,40.81438408074895,43.81999241101754,62.3182961400293,1.6020916009703405,0.38559140835530115,67.29221240514562,161.42850098439396,38.96783209880196,High
11601.748524898825,1.1754970025758844,55.16752650322572,38.683198642909055,60.09448853904337,7.117725094660328,19.05820044051604,44.77146293811812,44.296360879098,46.93732778240761,92.08309303299724,95.27991422600776,405.2345145416135,37.2199594666755,40.185990568907634,3.2741460144082173,3.088203152184643,141.7278543271651,234.42901030376044,183.77753198038738,High
18208.8233365683,6.481092350156301,30.18581954109962,21.317378593159127,66.003808556596,18.58788192073748,13.486304911745625,12.424071982459868,79.71042249231286,69.53212412594618,42.68826502989894,42.485211915738816,275.6975873848215,9.366577414810322,83.80356018481746,1.8089988355736126,5.1963314882029445,70.4322000507945,239.22704973841377,35.291206512248166,High
15943.397413518944,7.471614629002477,83.22319523034191,2.9496497493028895,34.227506854767654,9.122498154438928,12.91873906122112,27.9397505876823,47.56073259396932,98.22776698624455,79.72499487831196,94.14788345301409,208.02009479109086,32.96477811161925,48.23185800675971,7.958464038571245,0.7016725893241058,23.119198601197112,223.05504505241768,175.30702395756848,Low
4592.599264899292,6.848551176960044,31.25484518930108,1.8634125621093367,22.082637903159217,32.52993704633052,4.530488588803963,46.76108694917609,97.51289363019805,54.14731274951825,77.70321338264435,97.10325715712641,278.00932460867375,22.879338164916327,90.12133597543367,14.826759807861986,3.202885831666184,109.53774489852734,163.51189809841696,76.95206534812694,Critical
22788.094699467012,5.390669759393726,81.66525852481557,33.250875326927925,10.184250890571173,47.57578072347977,14.87634519843181,45.58144078211278,76.21664049041043,51.33880770280968,91.11293173926384,31.63930859656114,313.976695259516,10.042942037806911,50.980808084782645,0.8046120732866049,1.1244703459756349,82.59651252618589,198.77965340041467,30.03247767648647,High
8345.298205326388,0.7746467972495403,18.278005091726772,45.72196326234307,41.56325571652037,49.84322097413031,7.67907938750218,13.765111634744354,11.394992502128892,57.141352194089066,37.652948301593,97.95999066102264,91.76302873942255,32.04581601518781,66.03683896373872,7.078586734996081,5.389931350353424,76.98379872983746,212.980333839403,64.48610250744993,High
22065.990466526207,0.8161604210563174,62.525016191972185,32.2427514266313,34.67029120771891,20.011574359851913,24.474342654409334,60.07011304964976,89.19871224047527,26.097471475603857,51.896800478273455,26.85783747434258,220.3593897566936,25.53766588385255,99.77444210068505,5.975233837885567,5.027604056795055,238.99561200069843,153.41637502202974,44.47512270063777,High
23106.837141537217,7.633603204460378,82.5588414750595,50.44710431634687,48.843688367778626,30.75260658150139,20.321361620348387,56.723161747525076,19.072430638170182,64.2530623737112,87.84996513454477,37.48542292900176,181.08138089032823,3.306076787177531,14.696584100854116,5.292214289422085,5.616720011102228,71.03671732238064,182.7486427890449,103.2272465514257,Moderate
6168.845006374036,-1.8971550406430797,23.499955071858363,2.005591985593298,23.162876481215,43.1008473691559,11.498817384436414,16.63886584177759,22.647135176207726,46.29579097738109,80.07215087216944,55.53350246982436,188.19629351265843,29.803281872739515,73.67291487334057,5.178395073370404,5.274897580874542,45.416654229038485,255.4467355026962,190.45161612755604,Critical
3085.8873217627174,5.160499732421445,87.4661568079404,22.005124585556405,70.17658833665325,7.638179494226431,5.48084894990526,90.16885945913734,76.10431605499458,29.713769786500997,45.412004686625124,99.48778925693681,63.84077043550795,29.30444486408495,13.887222791593356,13.456687522408995,4.472009197222746,44.450025608345015,100.7349161322899,72.29552070067851,High
27545.893926326953,5.062461625552622,46.230668833240934,14.224223470450683,28.042865093967677,35.09909173049432,20.06262889619203,18.44753621082311,87.84717034874322,57.30053928938987,86.11527096209099,59.08504409323035,96.7248742401106,8.195661925212892,83.88663657643963,0.5789494080635393,1.272357334413316,204.48615726980435,161.7298348209034,126.2988072796016,High
16633.214408156884,4.226895409497974,85.65720867528196,26.83637808942732,25.8500723561355,21.624495762803278,4.807236642870268,82.66090285517356,58.27146651096004,20.270718925918196,14.225863530916135,64.03275545427887,97.67939244138626,17.006472260857795,59.64533811620116,11.691270894488033,1.9545151708796238,182.98929751378395,12.459119097397283,179.4269663905931,High
2977.569047186177,7.9010884608686585,64.14560349040376,4.342583591647349,43.649983953904915,11.895015693447876,6.354676330432621,10.026327212775504,36.01447596512013,52.14281961302071,80.38416726666911,75.55399596189189,199.14787674639092,27.193655742294716,93.81595606064592,4.018117728447343,3.0817599181864432,45.42925595825962,209.35655593527002,129.71404664228407,High
34825.45478377208,1.1187943576372525,34.12694958988412,57.247898494264355,44.9195716620992,21.332173699877217,6.864971908117231,84.99389307885757,41.6183990727858,28.45882143411604,28.608927349033056,97.4634846618361,449.35594153989996,7.967669606589385,86.59566019448684,5.93444400901835,3.6156013327853973,66.64198293228478,66.6617847383041,78.81783676525522,Critical
2964.5390738764654,1.399718637932482,25.064201993368513,13.395324064161656,25.0559660149565,5.646093774316009,14.80848468028117,11.676177237366566,40.86003966364504,21.94341627198242,35.750881704140845,82.66811200993956,118.89313852205248,38.66710524689453,7.487203746882343,6.476203718874092,4.7366636928166175,190.62560698422962,149.490363576993,198.25943416341704,Moderate
24631.197781190807,-1.2106059705344445,34.29880369800795,55.338466529015086,29.030250870814104,35.37954313228668,20.102303041778423,74.41402271082985,39.401029342856106,85.95800369956017,54.389335923603426,37.93232035389589,219.7724036839062,3.181899990371263,13.730254167886091,4.7795567848840275,1.5163658434849534,79.53485349113431,70.9595127213332,45.608584273701396,High
34445.08345895606,2.4279813654373745,17.441392741014,25.55358930220091,21.879366740867145,14.131648099925748,9.22924221066792,40.7437189605215,31.86187046394848,93.29990426261078,50.47610509629765,44.239274453148376,169.57251934358618,6.422008843682263,60.11709286068252,1.6753152689803485,0.944008886052387,245.66238766197776,16.824777227762766,109.41864283014652,High
9132.123543341471,0.6104852623484809,21.50943730746638,59.13144799531308,60.29221248262167,16.947470962154142,3.9474057283316566,72.74842801158718,64.79803851663098,36.613971868728534,56.851309618289285,27.810259168681952,397.9439900246423,6.992597553760016,51.83146399420748,1.9806634777926913,2.9991389894430895,142.03396565591356,150.13395999242482,161.37404475999148,High
5836.47853536467,1.4338670217764422,18.37283522771849,33.243503007612645,63.90623218778573,7.811902315590212,12.68438466106164,44.14834246112317,91.03647867085606,63.1438611067409,59.02980361048215,71.55618913317919,44.06068751399175,24.70860641692737,16.856513061344458,4.682527524014871,1.1154801830629393,60.12187304637073,133.20174591710503,10.12328521967262,Low
5127.087940362582,6.345717902556277,43.83548349932462,55.84997185054845,42.36299482214978,43.5036374667148,19.206535546678516,16.027173398206546,37.63741717750071,42.236652570478796,39.83749219283472,34.45922452313773,114.34082985722739,28.664902523250888,12.93592282716498,12.380593077442583,4.223673453511519,216.81998681049228,133.2933589220704,143.38821790706302,High
11311.355017298249,7.354845135274957,73.64627010060691,0.3209393216533707,59.98609158795122,25.685325405571454,7.098268391009931,75.23806910860594,26.802486771527086,59.486195093774576,25.7704761715327,40.59239107834926,121.1079403303013,19.36085424956392,56.39907834416131,2.279026495974954,3.5386591625319603,90.07675328585026,70.55378637937238,60.634790374128336,High
4435.5575743619875,-0.1426692799481437,21.310684337307215,44.894328370854005,61.515477435621186,29.463050133747213,7.058264604905607,16.056478252316023,85.47198997342824,54.93050567153282,79.16331063585754,91.04909241443016,496.622144150351,14.412673589731147,4.892154797499948,11.216805547245182,4.498425222709532,82.86972844012878,284.68933102697196,42.24807731145666,Moderate
24533.485617600483,1.7250893155346585,20.425634653786872,54.18303918615093,19.6792869374466,29.33276878855302,23.78622162897435,88.38023705670352,76.76049978007329,41.52408440643885,45.997853417842784,46.140454026561216,293.97200862382573,36.80064715189897,87.3735302953439,4.5463850226105285,0.5679320459996289,91.94868986110214,11.017074025101405,62.09694803997537,Critical
3117.9211364221314,7.286305621153941,61.47431596138646,8.383234018737244,77.63246173841758,21.703669497984404,23.94553572374109,14.332793042291218,93.77533284039194,76.03148637082381,55.52567762131531,65.33173746833336,86.69996690408874,4.936297300236066,80.70829198026205,13.286934546147764,5.795245850576382,195.52635333241386,268.5481804992282,193.695120909559,Moderate
18320.352357092852,-1.3819153931077737,25.7746385574453,5.767551103929089,67.47223629675017,11.241435941030694,24.780711837416256,50.74264861057881,24.896776204441867,30.11927674562034,68.02270465160063,51.80528070313416,150.6555868527514,14.052550028710042,78.53699717110894,6.59642858838942,0.20003211271928037,55.70504318324781,223.7015577104498,179.46769925554025,Critical
34887.69303100121,-1.0763947188862149,17.808803048719327,25.474356431157336,24.313842283707643,37.766371927923196,20.576170836219944,71.45792662231763,22.982618270493237,24.24582257370937,91.86741300759904,25.922502992473085,100.55460517900364,3.681969888570743,1.5997147040741067,2.8243327054714205,2.0875660070785016,104.71965836132043,59.900889724648735,50.61334672810347,High
28674.98916320464,-0.37209010793770636,23.34788625644621,56.02073436797611,23.03155250222492,8.098700737168368,6.328235890862748,43.42594950732321,58.728645487449704,81.41403464298233,73.6797548026198,49.029106391736406,79.81019341733503,2.5972758035495245,4.764094341273795,14.791913416624501,4.141881801524191,22.245701604336453,146.9356760280308,32.23508689250447,Low
21917.46089985437,3.9521283412687476,83.89851167014208,32.543193611426325,18.79628019057079,6.985941933382904,6.875574978383011,28.46484534035695,65.29902893515857,73.27440249765439,14.091330303134606,52.64545624287447,402.6473736357884,17.19533513808465,54.98391211507286,2.8965274326797,0.4618240284002895,209.25725507715782,296.7665236373991,79.18899485774885,Low
11412.623106744797,-0.4952772899400253,75.71770022209526,31.64738782330393,19.686499377934286,36.08696180463216,9.825180555015017,74.5227317186623,53.21560976736306,59.88208993171184,85.4704327058216,91.65608815292146,257.9612617569703,10.377417485132076,99.44256888941777,8.64401137211436,0.6834275718741203,95.06891008214623,196.6724887254491,122.54393121901396,Critical
22212.458433915708,7.680763814507335,38.32516498840753,8.467567097959313,62.37132593200873,12.024176981695224,9.317048220670289,76.66504990704175,63.906997269148796,57.423181637803324,99.04195136147672,45.95605229170716,322.9808656874151,13.539731758044589,34.23162009713517,8.668511228013173,0.6447523359236778,73.32063615496799,46.939249907413576,174.75747943041293,High
18919.409772996154,2.4671452725852037,62.46566138619143,0.04737066559312719,42.87579798661365,16.72509206493595,24.00013822879421,88.42907363612122,26.234179198756422,59.7929103593141,52.5236522834244,50.33928958096543,179.0005985561581,37.30072777056363,34.43748164053439,5.780357732313363,3.57275641498168,151.2749119582423,142.71624926836523,193.55712375761476,High
15486.83505227263,3.0151796035016636,52.982053893443045,48.60840544472767,64.80539209179071,24.81091841608353,20.14870160627895,41.974034386641605,53.165237874767506,54.96192608789383,97.26313028091405,82.63174149378676,285.77364131231815,9.00814413871652,13.427796686198334,14.286882310472226,5.396366827223521,180.6730926815732,145.77889800611558,152.71913995288875,High
5444.152809166782,0.4665861580540649,64.16994107860512,5.254473779174294,62.23784260451438,23.568863203018218,18.65220221971574,53.03139743227278,69.22833048457011,51.43138366649433,59.25958681088345,80.71653209692784,143.6331356113746,35.55003478752744,67.43358037395014,12.704956067452455,3.4215344707311197,206.03056873799164,242.65636653610142,123.8113704133146,High
31144.543318175867,2.7096025243473347,64.61369219702075,38.030989124119436,52.32288994536551,36.011798003119964,6.277154153337031,40.86591764191613,48.943580432383335,59.975248230889626,51.36543962847548,83.86282213187926,167.85741196555273,31.027176795293634,64.66766889940057,12.498347544322158,3.7007138432220956,96.72946219228096,275.68725051958506,37.04308496489321,Critical
16292.678059924965,4.619136326370115,60.298721204799435,54.876987270911485,58.045662460507565,31.92472608528133,22.91908786533358,31.851954857366295,71.1502602234938,62.28121369278084,39.826428825470956,96.30165920608033,333.0742132960318,16.037157581055805,10.132241637915907,14.620033450813324,2.206809577006339,205.89069978503136,33.85004755373302,24.0653915109291,Moderate
7617.165401906012,5.511771369540428,31.288109482984687,12.51911478950586,11.284900706539926,32.93101578952955,21.041018728641998,73.83780173069673,50.60721524984557,75.35218512668968,69.17993882500049,83.64459987158273,92.16806044123052,25.501914242580376,46.741228706835116,7.019507271485857,0.3086987202020872,124.24703508729267,101.07081321632137,123.24510692054821,Low
13503.817929827846,5.53868082709913,13.12051366102545,39.91637017421465,31.824435276351537,36.27460787146195,5.763762350542245,38.87040682644121,40.02396227580495,76.89657285872181,30.68383784725401,52.60865625743128,316.2664924003817,21.11073122030517,66.70749088219743,1.7286309016144303,0.325365362957055,38.76843287312786,96.54705679668334,112.42218009571614,Moderate
15080.411585983518,3.7789111269408835,46.445342559208704,4.721914602450568,54.647552548158714,16.045410916326336,22.036917635102366,46.39270256934992,37.32445423783831,50.21032641121157,19.44407966629639,85.72068135184735,429.0727118831011,7.52099856639961,49.3516136321927,11.552202104111968,5.352197805589285,213.88225843820814,298.8539562265153,170.7567404694794,Critical
29136.288449273725,7.043597749938572,81.2779107752563,36.22530863025678,10.654146744037094,17.471998966422735,8.261693336520839,44.31226089804237,46.98118530897292,53.0832418194791,12.451339232579267,60.693970567195066,77.80314856676915,41.00896883456955,67.43635818647556,5.897944917943427,0.7949201445739509,143.69417379458437,172.1758638405059,71.29511166246974,High
25942.88893908767,6.174078473061094,55.559780681486075,9.835903257192165,12.308386057781538,23.023891898986598,3.860004154138439,70.57620417997339,12.078066041398074,49.895773578897845,36.31421014437374,42.21712260148522,450.7814146735899,26.493572606187684,81.62703974314897,3.0980737315117186,5.998778356513053,156.5803494076356,265.1511338747955,17.541262896463927,Critical
27156.366383805555,5.570481146986254,76.59128333615263,44.15721363091068,69.63215877292683,16.75818430560925,17.10691304982683,88.01262821940779,70.16726246015023,62.92286189005683,45.61937489503344,44.23336545048099,58.13392654346959,39.85032196920456,68.58154331217676,7.403735945337725,1.1536511467654131,235.3104483782628,133.54952633899893,90.50457112729632,High
1375.0629905740052,-1.4439447831953938,89.32994743689825,18.073877687634493,57.881740318445026,49.27701771060144,17.037507165839607,66.67426521112708,86.05950768822356,56.268283033135624,59.6869026653123,37.907391085071865,187.47642893881905,37.42454000797148,61.611423583052385,13.9080684204573,4.112879774940098,146.40059896072498,219.58971361859156,194.14463774817045,High
15149.235938111891,-1.9312203778035069,23.0892963310621,27.803460528278773,28.575881318424077,41.07449246822863,4.1834362200092166,50.08452066800977,41.91643849988067,91.16771705089549,36.34748426683058,31.599436625580275,313.0444713142374,5.430364788305199,85.35902569444931,2.8189481795150373,5.703941738649253,16.312129709327415,93.10983626820236,161.15923193793938,High
17365.701155601004,0.12447277195472939,65.34221113135858,35.965832521657305,58.15739880830963,9.90342503628942,9.333591605541395,76.23243475280509,14.14298225275467,75.7089013533178,98.56536151468701,34.75923294829202,288.5190848568977,10.912638638793455,90.05885678697881,12.775872583877206,2.3012778103237523,219.5947226357291,274.4179468118777,16.416712992031897,Critical
1652.5374119839273,4.635235939134523,63.943485896001974,10.276404639974375,65.47196683974843,2.2685194823297365,24.834732631877387,64.48256255038169,98.80980376470019,91.89251070035564,36.257065141705084,25.05424399630555,66.26771479732807,8.246227918117725,38.888643717580415,6.447612641742224,4.459712494738338,81.9165038760131,141.9924098860948,176.1889917406533,Moderate
9833.649097331163,2.1119748888254577,88.39643578866227,44.498269117057255,31.47559981770709,4.053596875868857,17.603813341200947,15.151880355014146,33.732842990596026,76.73095932475405,49.687784960176785,91.0760691945909,403.47832053720947,37.723519909837506,17.324988772388593,2.3109891163361866,2.234968531965544,132.9152263842409,243.0803942216653,99.62100302805031,Moderate
26849.85398615259,2.0240625929931175,88.84805871622403,18.15842043820887,12.522616424943122,13.715045650060413,18.791728831876572,18.13140484560154,21.39590095216957,97.67937188190513,19.29485489787103,94.48062477192985,487.11358070972136,39.0852049375737,81.78604040080506,12.77121986863325,1.968658129216383,63.148351601933754,84.1868961693438,79.30592604541161,Moderate
5661.729994785967,6.845868882296138,64.93428893793036,39.74231159476521,75.29453872814142,7.485981720169114,6.897097568899031,13.222940246258833,43.277725717572515,70.85894226042153,33.45638620033681,66.94163139951164,106.98957880820964,24.702774921759737,21.375310729948318,14.553419015514,1.3704636789375457,84.79113858691875,211.14525915734495,75.8805127525304,Low
19200.544469388115,6.955628481318387,29.48918335857554,9.49698304196242,34.162588680694135,27.600229514843463,3.8119876330900295,48.82938772753719,76.4701336570201,97.08401105304438,14.349892581009199,87.2391645286948,449.6628655114221,6.479657117844297,92.89506697490857,4.581679522774671,4.961422460013414,176.36247929575296,127.49593727601038,123.07740807738423,High
8316.863648586075,7.091752640535857,73.88446705044792,41.28705955238102,17.453723429929447,43.183770690913214,8.368738864041566,80.19754191881201,36.45249372015091,32.65359123275409,60.35577700935952,34.68568821225177,287.26853221364024,7.831514597349697,2.287794522190345,4.761982284678412,1.6928449689330576,115.94973749390978,19.117432662618643,110.81388950374487,Critical
1412.1063378923714,1.138780765150273,18.562330736883048,7.691284368627704,44.42998099752032,37.36401060383491,7.7246628594434155,36.612069394864925,61.723288352753904,24.198214466352308,77.59582148191885,92.13390601815881,469.24821019775715,36.9825989348455,92.12711826193035,6.0410259506870165,1.842317344853974,162.37569818662595,129.7723935901284,134.75917639196996,Critical
9200.84955838441,4.910558127392617,72.45594433373029,25.521389776199015,63.79274569648937,12.34923502794514,7.394514317205221,42.65361556286094,47.4003994993428,66.33001481630873,27.613883290246115,60.508924770440665,104.52126004004533,41.9551758707612,58.91829926120627,12.267716357573864,5.994024504752909,208.54028745854347,169.50627610907193,118.99187835760887,Low
34179.70766694183,0.7163318127436966,82.81568993157572,14.83236442433261,25.515312023229143,21.16636428923772,6.43334940340191,87.3055542112707,20.598759304895665,98.67945646398199,43.11198440344637,25.373199408444407,400.17026872612377,10.57745445975824,77.47421165128814,0.4531327920706472,2.098400525582855,95.09317521379111,54.01086803482082,37.34946921992652,High
28252.261804021648,-0.09390166925550214,40.626671581474824,44.902514965690955,28.864303509335436,26.378922057501327,15.2193808850743,81.13679285191566,39.725831124289925,53.40841978419174,11.495460405444451,31.305019559532816,48.69515621375895,2.478915788303442,39.84925870644045,3.592161310541755,2.652092035225884,148.55990900661962,63.33480050585837,58.874841664080456,High
33625.60590691514,-0.15367542652630783,60.45082359864644,15.722100270412474,26.99004907590082,40.889880776160105,9.5463799443619,66.5290895525176,75.238345514266,36.96346897543677,85.55698501499909,44.71811686294537,443.9342944653087,16.23097492148345,99.17162919088801,10.676727223262995,5.942321655094042,197.73315494268704,144.8102115137155,169.7956186993485,Critical
17587.037493496322,1.4210762086359403,44.411418567746104,52.903038383723775,79.41711369821748,42.277836949095914,20.8679353460932,32.678321477841365,65.08035075983011,61.72331593548112,80.19671724385026,23.484606428380115,343.5965226558242,3.311473754858898,22.75514275662904,6.262899922137233,2.3419420034210727,183.05395030080305,109.39161660568793,136.01911779216968,Moderate
4731.030755035119,2.299576197798217,45.021204399050276,53.50921268439677,23.818261361137978,45.66647897157325,6.230790610489832,19.948526028517698,20.78005418952049,71.90388996631108,15.692862778686314,44.743470241395485,197.72229628276642,37.602921391355636,26.434366263817477,5.155345657631474,2.323681641968028,141.86320745573497,137.81475602097515,95.19611882880082,Moderate
19630.62262510556,6.3094917105506845,34.82967112864961,11.786478913367151,50.28641518762868,26.443772024138006,12.686422629976523,11.364999927809667,24.69901687428777,45.214295641271114,42.83808483883702,24.794434649511345,111.42407527896808,23.135027060728817,5.1432444037472935,13.122558466859656,5.000743904040389,105.09512502092845,143.6398269035896,44.694272048434414,Moderate
16448.82937503867,-0.801089065272879,70.97036963602596,36.83075670046345,74.7685249159875,35.32518782892142,2.31413023779984,19.095907171375774,67.6660023376701,77.18154867994076,95.9757952464546,38.882208415426014,411.9358873122583,29.600013486809853,94.04733630614382,13.784808626149719,2.009196137228614,110.76296558975912,50.622052673799125,11.461296835689263,Moderate
29708.140813146943,5.349258473948942,84.89412513332041,5.263058503197859,20.282759821444547,7.3664178192289835,13.078693416469417,34.87069770803514,83.2073872888782,98.00916056365806,45.28243504710793,41.253580468515324,309.55583426950955,19.693849673871313,45.602930359867614,14.235397421743073,1.5559594011259614,116.78677481912241,62.546426828333274,69.25860660583743,Low
4334.807746664315,3.3145491418930533,85.26006873875689,23.49222597609775,77.95979385073902,29.13387007779114,3.284279080158911,56.90215540425713,41.45270463623523,91.75704973684935,57.358780905161446,99.54951810934351,192.99960941504065,16.856824521536723,67.48524147193493,4.30649283001816,2.654619480016869,96.97869930234569,255.96796410905333,20.42092181606706,High
17600.198658740457,0.879453426759925,23.982502789994705,42.799303770076335,76.32340640769372,13.937206854614486,24.487640773070805,15.440007033952885,63.57796766591051,43.32682988097562,41.97185749093197,38.84373390109316,233.04119590520781,11.554617762271649,68.74407274628408,13.713935360224871,4.263716643341918,179.282774199079,57.18841990004037,101.63398528661646,Critical
6101.654599595465,2.928195845328246,79.97949197252528,39.565394810994974,71.92003909407838,22.722410481277333,20.183618958959496,21.579361157068163,25.357922987689477,46.13789465156786,63.651824931543565,39.134915915086424,416.74047491474073,35.132899522640265,87.45020922826777,11.133393654491146,0.45080954487973907,44.47258428387998,203.11515657239565,166.1422760240596,Critical
12038.98151426204,0.9994206977702262,68.99451531416977,37.48204016439648,25.018956493100156,32.43442439872253,13.272563962638474,25.39185969617499,38.02387032147915,49.723297955967084,98.034118807314,74.9431174686708,182.68505281129652,31.908546129867762,66.49252506464093,2.5669568027821352,2.3687129578676873,242.35171836856003,131.3731335626597,64.22574566263648,Critical
26070.14063118519,3.96081955238306,30.226992055223143,16.952451819746614,54.383853920768836,14.335325016981493,3.991509238125056,63.718477903581025,11.824318510574734,51.56422227149163,99.77522531330774,88.74859828131616,63.02368549276578,17.511346333331705,56.20211823041872,9.270969416130692,2.208220431285874,198.06159296331194,290.78863893119586,171.0732906954594,Moderate
17184.616398538063,2.338439228552442,15.382769033721164,22.68149696606412,63.26240310728681,4.504882774244532,15.626245138179529,62.34213291331058,79.14483530195703,28.025559935462354,79.7243480210072,50.96443300816692,457.4154426576669,15.807993774864867,71.03185241910435,0.6871218438127709,1.6199464141197888,85.06831725919186,29.170264947588887,143.86723525645198,High
13780.201694956157,-0.3559447092112127,31.439781350750238,6.176768682017171,79.02195497375008,2.4912251076203606,19.451566266143182,56.815086741632996,46.09088377956701,80.95702711114313,46.38799882183954,90.04944159525539,205.9249950358566,2.053443781893197,75.09707990031265,10.713158889831718,3.994866548245201,24.998678778599373,250.81277114892094,33.79984257742442,Critical
14412.1934713812,-0.8341692544430328,82.97665894252205,43.14136922601606,22.62966754569593,3.0636577061370343,6.386496819109142,31.292621099154868,83.45130162885584,49.22714108885604,54.498898074608945,47.21136165982057,187.2260053353025,4.732741591955315,18.592794624848196,11.083442582968795,1.8819424663993285,182.15624550904764,152.52027701976024,132.46675934122084,High
16621.190125803543,3.4669568207213013,60.65429399166178,30.23332780747641,63.62181296635075,2.4007874006609438,15.06879183811229,41.54517375359222,73.75356964204536,90.38559813643617,42.10581953010749,35.76127036920155,118.1118170604509,28.799987570383298,10.9667038976753,11.903276076346462,3.7190430422464176,187.5743755679108,11.552187550614695,38.81916338805321,Low
27690.562490459935,7.024130332861034,67.68437287182975,42.525937940739276,33.71608189489791,7.297042714778023,20.726850662805962,18.21862588870816,84.58698391556293,94.1552498496087,98.70171669139116,46.37110594621788,450.7628341896059,24.128114340124853,7.484885048556311,2.836118295599793,3.1251536804368367,241.4513134739805,86.46146349247057,134.41027485223455,Moderate
31330.87942396797,1.4395768655768553,30.572188088727668,14.936611487812366,22.293852589760164,13.495458299366234,19.669698885865277,29.249151319434663,35.70928026245945,21.95450474461505,73.69842752428633,68.74850991423939,124.40256017016026,20.696537792855967,37.40534945225367,9.535274131928706,1.4597012507902116,74.62080603016378,128.23208723928815,37.11575209834016,Moderate
33481.379341133565,5.330001072226232,67.55105244598562,19.466293718103973,39.49638588496985,12.61863268075036,20.468816410944516,86.30494425016934,26.659785738506073,99.0802455942565,50.40383008901601,49.3714527449659,325.60297664066417,37.58259635447131,49.80002398377452,2.929193266966519,1.7460831308446532,34.4403961979926,101.11647850018828,84.57715954295755,High
27754.715132680034,4.586613549397669,12.2497205022339,20.05292023560688,65.56851385040315,49.36623652063504,22.224438772003555,93.27379844704542,97.47151143865035,76.80181852001476,11.09037430986421,73.83150431914311,442.7672055718894,23.667622789322404,61.564989828986086,14.215756225820884,1.1894803091780708,230.05666806383167,115.11034456404066,117.6529113452568,Critical
11723.834455432432,7.31554914309481,40.0257076618411,1.544544584832972,42.53948625928365,16.688293050029273,23.566688349667814,65.05106477942505,74.55950083367826,61.631378079436985,56.84350729514935,38.95487035379859,36.75853500954435,18.533224000514757,95.80345196896101,10.222657182408266,0.5284494461355556,75.78252313400218,275.8348536497822,19.57109257054893,Moderate
24396.580006942433,6.209810172991409,60.1402678833865,20.462872369837413,47.626617014213394,8.116197601251157,11.326986569681326,87.92997982199071,85.06380411340034,51.162208669804265,98.55353815314561,76.0794315191319,417.82001854409395,8.934022943574353,33.07878202070063,1.7012899656596194,3.7912930860084875,184.55989012111223,114.67086939377504,39.1285855223602,Critical
15878.506217883325,3.6660525890546296,21.687725243305618,48.19827441108201,79.66115871400848,28.187002120052384,15.081689358026177,64.63306153412114,11.182003633894036,61.48145060877703,57.07548180757467,47.795069059877335,217.08772241109176,37.289584353228626,76.08740520772744,3.049373781085595,4.102174424703139,29.25501488950431,131.4605200267925,70.87767675992683,Moderate
9658.80114956574,4.570304982341073,75.84028595575478,53.83790974498431,37.93765096901982,43.1819578590804,20.185169099049048,12.82170131896494,41.90154582662979,45.96997791827555,26.41840169402023,56.46946972815476,335.82779612730167,26.778674755211075,53.13576195948849,10.052863442507293,1.1627999629302854,193.73742916939923,230.7281505376527,97.84081629665366,High
29589.63370048137,6.983864665840349,28.80250390495349,31.09309893815565,53.078052829646786,34.54689808580841,18.034215720753014,94.72481972384476,76.85350215195984,69.81502509572385,11.988437239429736,64.61961123543168,198.7541903482659,5.975778534678564,22.008993208691685,7.307056293546247,3.769275831179225,44.851085827228,240.2117340670288,173.11258584507254,High
2306.4958647190497,1.995187845869348,62.182489025475704,27.330101713153216,35.56709411307603,16.211940278501615,24.89696525008071,18.41094564335547,17.0184549690985,27.4384221155833,41.92333823117882,74.89800025487949,353.8478030467971,29.90263111387426,61.53054291287591,11.123575693299914,5.8960914923339525,178.46279178977682,34.38599901814143,45.58188678725661,High
31659.9077326044,1.2679470585777737,42.41577140602637,1.8494771219622153,37.49499524300934,28.957575669989836,2.314585975406815,68.02455312283016,61.06059366120421,69.68980823294481,92.64052501269462,39.097095347898694,142.0615589876956,20.278042056001627,96.71761782897036,4.427595344207188,0.6315321506393683,140.10061624555013,214.18031002443124,76.01948059547988,High
16690.23379724096,-1.8918891636480366,57.68348763821177,52.752260255122955,58.694852741178565,36.31308676161964,10.168063952263186,31.491077261357155,48.61654907095029,42.02758801107553,99.68986973582929,86.87564299286484,30.52666036899021,36.88960761428382,12.43082992512724,9.971387791652031,3.0441510604934097,239.53971065980622,149.94586656626495,100.39748489323432,Moderate
22664.850211481535,6.2655107419146425,18.596044210312648,0.7806128055523631,75.65208832664185,36.94901563365163,8.463642304214655,43.31839459709161,11.585485642699657,21.41078632418771,95.08311773308024,77.74741998041918,474.93800709821767,41.513327670827834,50.727976454922896,2.901314470047453,4.451621639134352,23.67564612317561,48.81762903892007,66.19792563798006,Moderate
23418.033354996613,6.009807004033648,11.353023993728586,56.6850048126127,47.9651265344625,33.99384585428906,8.033264553807296,64.90440570807975,31.237801940750625,64.2164612930302,75.64779939288312,38.727833521919955,27.856526739239733,27.82002996657858,5.160835415052823,8.292540871407187,0.466853347412416,83.63145526301366,86.76606354459645,128.89207795696547,Low
31434.003184022236,-0.9554548189984862,82.7651541904241,29.35297492128544,63.78799502641459,43.798900389229665,7.118184997474373,47.1014246911551,35.63127901600428,66.27582046821571,60.232845559658976,97.99796500823282,415.5676590240834,33.45935123047475,32.121629889636225,14.379653995784796,4.713986265186171,31.334595573547293,23.06029421889042,58.75446260743432,Moderate
22646.76919368505,3.768573811327002,31.570400701374624,20.516069614483598,16.244459117187468,43.765062000517005,18.309848338750268,31.2964150091459,20.06739517116902,54.12552037692288,63.16175317440268,73.18375928243668,101.18604479478742,4.433406446893125,62.060267759399125,9.5348668146775,5.881165175138738,221.61144428133395,114.46878475543221,156.74658001151624,Critical
21873.7418818421,2.639816981668874,75.57416022243673,55.45310609055961,24.781062620234888,29.788954851536158,3.9494678853324023,38.4279258846576,66.83832187683944,25.78289860402535,58.50928081827648,56.194150917336444,208.26570972897338,26.090984565049762,84.10569360307547,1.0349061773222723,0.7132296084899683,154.56677111036032,84.06786769686701,105.97927802172484,Critical
3266.1693790634586,-0.8129090449088854,89.94802403777601,1.4634595866058042,45.14921486436727,22.63310571733819,19.057003180696782,39.03158993846999,31.81580886267001,91.46743622433532,73.63443744306895,32.60218604428131,414.7963407229068,34.479619069285384,73.0328421726071,14.834803424728413,4.968933451702367,140.71785890410627,120.80998524020512,26.397927857610938,High
18625.872746136938,7.805682270607235,26.914500639912895,34.885493692145225,11.400820654014236,32.79537418712479,17.948794366374287,91.54253188319817,34.98575496574495,68.9144645782311,47.69859040258172,62.657680184650516,118.84743214992577,23.36077242755846,46.28567782154739,2.605935045838324,2.395772958170147,45.89260464733279,178.29875878391948,129.12979009407195,Moderate
6105.746027779416,0.14695887463355461,31.213659294668446,32.93595146996026,27.699848513379116,41.27417606578223,7.768495047520617,77.88210635349334,90.84147383801327,29.257063965517567,70.2283604460189,33.18207094616945,435.5396506520172,27.5226538486865,90.92227571041465,10.855615809647446,1.0358739741172684,129.92258046856696,222.37847009061977,118.15626572176389,Critical
26072.74813653051,-1.3276581990943885,63.02878301077325,13.159224072682925,46.21809028774763,2.2713010323768668,7.815177012798709,48.97664557574901,52.04107834238255,60.87444612753181,20.945090346148092,54.3593342958275,258.92429076891267,40.6547719799849,30.271466502377066,8.12819157424368,3.0605206133388174,108.69535896631662,185.5520761022636,74.33349729926782,Low
18415.54530763093,3.948473795019096,87.2358907680497,25.733245881012635,11.04728387794105,49.61585643271285,16.46379346292355,26.98477822901595,45.29153322723451,59.78034527587772,33.91257759053354,52.69700181916151,195.75366210429274,10.518281597341575,75.39834102251663,4.627102110723265,0.6148086675310511,89.20168901267046,206.72941765538425,12.119844893914058,High
24127.744493084014,5.3886667713303265,83.26514785525951,39.13584035662621,28.51824003582292,10.778901071801563,19.52993542612459,78.93636937232576,75.14839344832455,24.83214950343416,85.24027349277665,77.59517154779681,337.97011843344137,6.224599824732211,47.400902174766244,2.9064641357873238,3.2281881673696686,196.46440454216966,261.0353449794501,48.13329301313078,Critical
2416.878620481065,-1.6755655395281304,50.23004160524679,43.62787181291565,45.98215736331086,24.57195131167886,22.159169101009407,23.36051008671175,91.86524171946209,68.5487762882358,91.3374037669052,35.390654497939984,183.86706655085962,31.697675364998542,89.86357546727757,2.9122247548677205,0.31226937042348774,29.39986936085952,263.4090886038382,87.08481048764699,High
3882.9285455573095,4.587176387270222,73.60882260213798,0.043011522394786894,50.120447358687194,43.8574272724576,21.599209968652943,27.88928845707029,12.253270261369945,84.66611191372516,58.51074138042697,85.74970838966766,186.69841231825137,37.38250293746509,79.74328216537602,12.91847531375996,4.425946361701835,166.97114593011742,259.60861102416044,47.98366642072651,High
25354.995194131196,3.322918759514544,20.859668247992083,56.21120580546092,74.80261851387138,12.80193915412157,24.192308865768624,41.11113830641285,50.34149618998568,79.92064433987825,12.847205549163917,46.09058616129326,372.0926676503855,38.571078109050234,90.14696613070952,13.131813958202324,3.030224177707214,208.40336233251978,54.41898548906271,119.72331297853879,High
3450.8674239548945,-0.9673499112495159,88.19505473632098,9.871522343568744,55.17419362754255,24.886170747218394,15.371852592739756,84.82959664741915,64.97032204701526,36.23755313313467,93.42762137125914,55.519090157502006,168.7194677787718,29.590713374922473,21.42478489420734,7.1376391678832665,2.8618500334240475,228.21721147217622,82.81004874215715,145.3417298459888,Critical
3422.7287440187924,-0.27476123053637935,87.14825872287892,14.014826053341551,39.03150617709956,8.3639446486966,22.89907791082827,21.201866833899373,38.67067883133906,88.98340236433691,73.18578322245578,81.7872780443074,116.37087121012405,37.82817698134455,66.81504321162079,1.8232355049971158,1.3379106637040852,190.2903997675214,155.67433842899592,172.64335478265878,Moderate
1411.6881579861733,3.6797429731608053,23.098316630333677,15.808406741630893,75.12458239931475,20.963663618633245,20.59580528498945,20.389906392634717,79.51669499109175,47.403373252748075,47.262513137982474,70.03139197708119,407.6701414383546,32.12856084610148,73.846340808164,13.297227026547812,2.2953263036096416,81.37708453168065,114.03439526464783,132.92669754991226,High
33521.04754218232,0.9635761351328838,33.95384998424853,2.2692081931221186,64.9418088371456,10.502501830064121,22.577355359222313,51.98787400594761,97.43293632432464,95.7206702633553,63.85410488795467,44.64202814415499,406.57809618907123,5.757207383992002,74.24142652825937,7.459142346773809,1.2548427080456646,156.1192532230703,48.184000801189335,140.91175203841442,High
26075.284221606234,7.3831572865131605,18.012399800541353,7.383127415419494,24.00062447789233,19.454131941015536,2.2674118295634327,33.49489599296235,94.90846296252549,25.739837138057098,48.67973509972295,50.89623396367048,258.84113777929724,34.76787083905449,50.40004504673375,6.749807616143631,4.465262583107288,48.229848564873485,93.44756803563891,125.60395439379965,High
13010.547889070182,6.187402294840508,31.737407911854376,59.18099537664972,19.158965294417385,19.926282406050657,24.21576881291365,58.34187504009359,33.938428544194764,58.89669508158741,51.880530405884585,44.462945119168815,272.79469575821844,9.712466650664176,1.125052234795254,6.288148259233017,1.354346736711558,42.509246580022364,292.87434088303536,197.2423509464137,High
11082.209763780278,7.835672065136631,75.27646315321653,18.913004242637165,57.306814501991305,49.67219790071997,12.891193745469002,48.389118198073994,30.37044505937374,67.76995017420393,89.81288790934614,67.58161338217258,354.11678036846655,12.174201731411829,26.143078386907494,5.665708355730323,3.7771692968999475,165.07667340255094,110.60875909399549,59.59010812518256,Moderate
12889.909811358884,0.5967083895041396,40.26524857322076,6.918065420342961,49.19182159038887,49.751025406581064,20.358208760221387,46.97152403985343,96.17414779190989,39.81200787796838,24.49758222254004,46.609962656547175,264.4516600459681,18.96997696094259,32.33008750043811,8.032279433046334,1.8217235061929622,215.01029882728764,131.48507980582883,60.589149297424086,High
27338.220060160183,7.69723632797977,17.07175737174067,6.419475670477399,65.27715296549289,7.509741375709396,4.925694744768959,19.51770249139443,51.27656386883193,81.71041509761821,19.330222193401312,78.05581558265126,220.1791803052316,15.526383852032486,85.20366172817614,9.186756031192052,4.0104967363552975,30.803309539410442,11.856412338616122,34.00339187015334,High
23486.60077639409,2.3123386979155782,37.37804198231237,43.167598060198316,61.71635350550805,36.84650140776067,11.106645203721405,21.989223671236413,28.746795077622256,70.15165438485737,10.245587006171418,66.38297268669808,497.54921278243796,15.831024747025218,84.08858171042203,7.156553392522451,3.3346387617437854,39.9108770513252,218.63031513915763,102.28002191521115,High
7296.64930749391,1.4751879531375462,88.51066673930241,51.27411984195845,53.764807370026055,4.483783024116855,8.24359524948279,79.79167908298226,73.62972672673763,21.448754983036444,38.260033805091396,31.65652893980072,90.8674053692283,9.278159540773968,10.468010403778328,13.480728002789155,2.655944063585776,147.91771724589887,129.92951900816013,28.27072368987516,High
6919.717401358867,-1.4965047303064676,60.37468762073623,15.417137970508193,79.04675201402246,3.449216736185054,8.708151721521553,85.30003269359827,35.597829151341244,68.66948725569887,23.267238983598467,44.82148949439059,304.5094300351331,14.636455025710408,94.98358817712575,4.96962005938361,4.1034048337807345,66.27978733954495,39.910618239596715,61.327853410639705,Critical
4345.452090255509,-1.4723474214039738,43.29287571249262,1.2545707401140982,47.35128110772861,7.056026923758287,4.834879258870281,29.94810029524627,34.052227756394714,59.31825875347571,29.798694562430004,37.715795352812464,445.21425251631695,2.845491368962916,18.245748665149097,8.801184294765685,2.611188015327729,158.77725885274722,290.88145410835483,101.7093764665644,High
23450.292469845495,4.920112559466547,23.323081079781602,13.385401106721348,17.917402955120387,48.34331153638083,20.532568148489162,19.64414262960537,89.13241387700063,35.68233613628061,11.011508439883924,51.225057004118824,349.86321976693506,22.335170707598017,41.43594513009211,4.709322626851583,4.96394949493519,65.41779893500487,235.45563164967518,191.9431670267033,High
26988.670515539023,2.579289944340279,88.89414378269558,3.39094144780544,67.97914953711918,47.161450298945475,2.2125732353647978,14.540417114433401,24.62312380392131,99.65985816476237,30.447587321893288,61.27872689674905,442.84318356235445,35.04941122710169,21.51569661107554,11.374245349750254,4.431671057764542,42.37326396192397,220.5835259354908,193.1244688296318,Moderate
10011.578563050136,0.26521626036105683,75.6679207410503,6.203696197802491,27.62973536419963,11.308535373472662,9.187625510659657,61.70529716806123,15.795365181961275,91.7729755862092,39.94404237391365,60.541028582728785,181.44066577024284,39.076636876668104,86.03324688293574,1.801180160125064,3.335706168175871,143.21012080873442,287.7829771040841,151.3106444859456,High
1712.1286750510358,4.139703063252327,32.51818419607355,25.890487190858543,64.41115037007428,9.760272106578153,6.011442493977546,70.80502306251748,34.22677961545185,43.400615602325075,12.841074676889319,80.36189412506312,150.55662860491483,37.27842803525586,74.94020318593118,3.073875252891388,5.286951958998783,217.61585743766543,128.16922450996998,83.95753069938013,Critical
3793.8366941985296,0.528581182501112,15.605495657695156,13.795102251697955,76.9974967200036,13.545684152765457,15.547895633991832,41.68884908227247,64.62508715543834,63.285673663889305,64.71137118674329,35.133749088136746,428.61074571301026,19.907681916789866,35.352880688780395,12.077660725926176,5.007398564514722,176.00366345537455,218.37472668481004,174.38064194154376,Low
33907.241184731036,3.776317543444226,14.530044590204643,30.956752711525404,58.77568597750389,26.74625571560682,7.847805260134509,67.77244873670436,21.07790680629435,45.32017119282326,61.192031399538216,95.71782634379575,209.17499656902106,33.40833869004582,68.18786260260555,2.9930046497272187,3.2846684887988955,207.4004073209517,69.80029024178081,176.33660236245166,Critical
11045.12243423229,1.5920874698269034,19.630251960442706,15.209625195431421,51.722111266486074,29.345822337699673,7.956964454146292,70.60149932255972,52.44352050491144,82.03966013088625,18.733220065893256,47.42760855057349,360.6475150675094,14.379303286094135,18.436688417154233,9.49847128906268,0.5969966234646256,77.58876598166134,212.1649587611148,182.93750235134493,Moderate
27153.58702649654,6.23552226611819,56.46148668915373,56.43223806617686,42.22703229725284,12.636484661093473,13.23177731189233,89.50409391873696,66.46033993827879,94.4265146557164,63.55087997665609,44.01990775329108,90.91931763877484,4.389186326857571,38.22970923760016,14.562578742991695,3.4827788427556157,223.20498305480103,14.082936734404823,131.60475916089047,Moderate
22238.56134104497,6.206961607667793,84.30107369643939,54.35663807557587,35.50869061967823,38.31789382831737,17.01184790484129,15.514259215984115,86.38632933338565,48.706288553150685,99.87885267479899,74.81428625441758,382.80230018080385,31.066775591824463,37.71075883381082,7.9864920223596965,2.260490539449656,103.60420602542361,46.6285603277781,48.340631165497285,High
13985.947748198461,2.773503981224013,49.739474240478756,34.00836630062796,34.710332568028534,16.858552131327237,4.790008204998763,26.344796474641782,30.688263208202894,84.4467399314902,95.00220575303865,84.441330294645,283.5116715319373,29.89823508366546,23.793668172139782,3.054727761199018,3.332655068261658,215.3252019463935,133.32508639482606,27.305346826429528,Moderate
7993.366914648874,1.508191093350156,77.43563859649578,21.26543951924317,54.54608939967134,46.2623036254117,6.036763406706411,15.824708945743993,83.56116910445105,59.87260341705639,10.240389403089697,50.277741185092275,148.93358715702124,36.47006400490365,87.63120495828825,5.014158371681771,3.9533566708860417,125.72626368495064,13.506881493742368,183.8073457676247,High
5127.138217419819,1.6255979655909454,45.670929588784624,22.868812922084135,62.589118185642214,33.522689909923066,7.685019125673905,83.7794843335694,31.141563501811472,51.72628490492619,81.58404801973236,79.74775799151817,257.3619027002744,28.492566888223834,67.88457354791262,12.404833723877301,3.94006373413371,77.9465471297166,143.97009808062157,20.553760543104566,Critical
21910.440913321465,6.05714525668218,66.68668366142602,24.711136988669818,57.496194863909004,22.944857326573363,24.396208924713093,77.36990860285333,70.90898871156764,95.07374816790158,41.82447486128373,90.69887649088437,354.5329404030577,8.746339873878405,27.993931056379928,5.469415422863613,4.106439452404408,76.16082529129633,161.60960722885113,66.21911129321902,High
27337.54854168479,1.2817948279761202,68.54981898292007,43.654759328096645,23.88870708354939,39.91577608173658,11.134507498687167,58.844576002856314,48.76062143342096,60.832375097522515,15.728623330116468,81.3442932165566,25.705476246744166,38.685982858158525,24.21207606290373,10.93561697773826,4.139758025261086,148.40195282569343,190.2659133002538,102.52273573717005,Low
22892.744620398444,0.09059373706846019,23.91709647226709,27.098339731130274,44.57910261004438,41.25990205023991,15.77677208451361,17.11138985435057,20.321311814080318,57.39284002059719,36.638489234458724,22.73571884566664,325.98418823078214,28.971869884804132,1.7953470999239052,11.72704592439495,0.8338322285383242,33.567413498608765,39.11213632814875,14.175571645960403,High
19030.272530471382,-1.1531165812469317,38.89728471806494,51.403796790353844,65.41480505281442,15.943117069229295,7.555484692467491,33.23155048556617,74.28371165396638,73.79475215698744,38.95628646816661,86.18951290929505,279.9635735711717,36.727217058505175,34.65822537923546,7.667387854503913,1.311931516652303,233.56320572829952,62.49345480689157,182.31332914886633,Moderate
2426.341596675633,2.666931208844084,60.98417252304191,56.645687155821875,43.29928547323394,18.306298104132047,13.280569078622221,35.30618708497394,29.5986356694116,40.89873608146276,57.091981537815116,81.95847667634939,125.73736051843164,35.286606176169755,52.67712833153182,11.813236750185919,3.8571378263456357,78.79392148915588,187.85217750798657,64.55298902572464,Moderate
33928.61843820905,2.8213209891984192,15.655728654749295,20.15676920273603,47.56362958148457,46.92584737897296,3.704741010877035,57.66317166131046,25.896108342213232,45.98342966306526,69.49753905419692,73.54321905225488,381.43091550857446,14.808172950678802,27.77109419083764,4.958474165094751,2.567399854640013,93.871832193776,200.8744366141654,15.415911794909292,High
28156.282516255535,6.409087104029071,38.923215021036526,33.641668882540806,63.97952337195755,9.907569841437052,2.7990693562135194,31.933730993120815,42.24906357304449,94.56366689908981,77.41500509875672,80.80179352703227,165.66127262393655,5.205777918638252,70.045827642977,7.887546806731165,4.624539542773428,69.8258651291897,17.511066180980116,198.7820994730385,High
10955.949247832801,0.21238696446063976,52.783957302495395,5.703392209953866,56.2885714385564,4.023220014220842,12.780871116893584,16.201588432601163,68.79612202835352,74.2823876349554,32.131273830694,98.35403166655512,152.8932471423511,9.58968959085215,41.17495290112663,10.392406480390465,0.9244738371244265,15.706870731769527,166.70653501336108,69.16470435532791,Moderate
34318.99119820092,1.8099127366839989,89.6979594435711,12.02814286598154,38.65414446176749,23.79465548525836,11.169163612923477,72.11479565753045,31.0596830911565,86.13097182168045,38.959351322364725,54.48903102546797,246.1848075196749,5.993080375469782,31.631783701066784,2.7706752653743916,1.310833367639128,177.74930565006747,237.64470227966146,176.58533242222083,High
21463.97404763495,6.084057388936909,47.96268500979526,24.807946002609608,72.67888978359532,40.45807521169419,5.148247352912037,35.42181799070996,26.529538490369717,41.68894095483437,37.75435361737617,25.377858796367825,344.5518456427351,12.466734579445866,93.90576587903313,4.322242920518188,3.4390949261315433,153.77993174304254,30.039254557764284,96.16014624496738,Critical
20802.37037904638,6.236236107489734,75.28454056914589,12.37216295410673,21.379694806443503,39.040069102915794,17.814832865176875,48.45180504698055,10.89582631420279,63.50321519438977,42.64631813087888,56.87119757021733,465.84606842060214,21.759887740117698,26.280087728813907,9.884938069886687,3.1043385117538125,205.26646694632217,129.82013092149072,135.99392120044982,Moderate
26434.488100604092,1.846110759787682,44.56538280532942,52.59362944732305,79.68615140132273,46.137470187815964,24.83678029068308,20.851663973495953,52.44787873915512,97.71170135915986,99.96906780607048,23.714692431283837,87.8514767034099,40.99285601419516,39.82576200966563,9.933793761494435,1.7451034930648015,24.637531760980412,104.68826917872954,55.8071284120974,Low
28600.17279506468,2.5912402328668094,73.71125780957671,9.497175363545885,18.319680493336605,27.593631889713933,11.099876887524387,78.21660578853927,48.57810123836644,45.496311922257405,80.01489725446832,43.54003264707689,210.30469796083216,39.49680650458729,38.229078852077194,7.55154890285879,2.5683908123299193,233.23407651233026,274.96303135208484,105.54631212563417,Critical
23320.27264927109,1.0328589084928295,57.63318412960867,27.339649293185516,11.046497977296724,6.803104235193599,16.364848626100073,58.070209538544894,31.048096927363865,32.83811810536335,97.74914187418274,66.95038334374073,52.15500440606236,32.8997920491163,24.119834567124833,11.995104744697171,0.40289141272858786,92.75843091418591,63.88269402987204,58.95372656075513,Moderate
5355.255376450801,7.325548784193121,80.92763532019187,36.34195442759254,72.30132308041354,30.25707076812877,24.14844667438317,86.63477822783834,14.828694760872168,60.87088065797312,72.37999535923515,44.7698314340925,384.10435878643636,3.036831460556517,21.74767398104167,7.386207059473141,0.41482102636736995,229.57141768886154,102.32451981189925,190.70593744036967,Critical
12501.095203812945,-0.8135623425841969,42.875404188008794,41.51183448965067,27.146745585616927,39.362989488954156,21.12530436627813,52.115082860553336,48.63302871362532,51.025687097990094,46.56436314825559,74.83161967276308,234.91178704705314,16.6797356567838,30.23800188134036,13.255437301581878,0.7505766163842555,40.17589828587179,270.5489760474779,21.579628359086797,High
32554.843771085692,7.3374942300147,58.34435358571831,22.984162183590403,61.07897392127046,6.479749772951667,12.661701135961772,90.02118210451978,80.93845999644681,32.76617862293708,45.07697652642774,85.75890621485769,359.32598489032887,31.34098233883435,86.42361699311809,11.117780433817599,3.5453962285632508,189.82133664536568,105.8894587573921,62.18804622592101,Critical
8636.930802690966,4.838664518353433,60.40149444950619,52.14594412348371,66.77107624524484,10.287555252684308,18.962258142578143,85.80879737241271,74.37539181944592,91.08411061626944,53.97230304775406,53.63513434236295,174.6533235086179,7.54824256407994,76.70828872292905,4.926014490559116,5.209555204756291,151.14918438659674,164.09075776982237,179.69068654447696,Critical
13653.678810475452,3.3157215268673124,43.39063534403786,34.09914906467553,70.12904737224818,2.5899517354722033,4.947105925762052,58.99908779903488,87.47154008741532,99.25791284430223,47.518280502799364,92.01103610344029,425.2722758750353,36.446777550684075,68.09995141600523,6.110233924722966,1.7092950777055351,99.17493558435724,19.580247796955017,101.20683192638391,High
15690.614020102665,-1.6734093921550413,21.54496349499852,26.370466826853107,79.41159649649167,30.4953238134469,13.778388675667381,89.38094224273839,10.862441894184006,65.48657445519981,84.54936214834711,26.387114508032017,276.7174775552551,41.32666823946653,45.71029926424934,10.114994280816731,0.3968510123958374,33.59846304425953,295.62170649076046,124.0159812617923,High
15939.769649611375,2.755961918220083,17.484752552986844,4.034438043122197,30.582779702799936,44.563250813403414,8.41838637513854,37.462543520036945,96.97773851241386,81.97414146987632,51.85018117240236,87.20905313603598,472.93175447535447,17.226491205426495,50.775398463260345,13.448453496705321,4.310037191903413,157.11307981398403,249.23454528264494,133.8217405841721,Moderate
21839.945804813866,2.0774810500273233,11.333724047970648,27.8813681067099,59.71703393490814,34.19183916810078,5.706764821611705,41.07958382985797,40.72710273647035,88.72306956370396,36.605292418976134,86.28585163514391,57.831026789136416,32.35125166014484,26.713884549346034,2.9270183707415782,5.161042986229385,21.21337252236958,193.97627397653613,23.476227236977042,Low
33064.57848332006,-0.38781188024877444,79.88274113961717,49.24415044894381,18.077990079657976,49.13792420436714,11.8044608438543,13.86562586101314,99.13580164827682,76.07856048174615,79.73742418269866,45.75951170614119,266.8528757801957,8.372777704754675,7.431591383591762,7.865554019507107,1.00140215452599,132.80129329931177,27.61902919609429,13.370360772631162,High
9183.552202305169,4.564096035006569,28.917992979095565,36.87246109327893,38.47665039497946,5.025615319988555,5.013334751973131,60.08207707492751,32.73575145415972,23.532483928938497,86.89783684432551,43.8972149699692,387.89851807889534,31.70510731186016,33.104055672048226,2.0461309934683376,2.437336636454321,156.98901531150892,31.712288798106396,188.18979982514824,High
5131.046794231214,7.711509073682858,26.920539942541446,49.9297472237471,69.35801853188133,45.34405208727182,18.07665748801317,71.36353744395933,52.43827488204203,32.610738537345426,47.83860605264063,44.40759849228101,308.0732710753351,2.9225827283428614,49.55837559923661,4.407990783205928,1.1206736754231876,187.14308061256767,168.04235292930002,61.58554060640734,High
7713.996655237868,3.6218881106452514,68.88283203408524,29.640700235958338,35.73606322413758,41.07527779456068,12.493521013226717,75.74913117057876,41.85349089177733,25.679135292110917,70.10277147149787,84.91149698755288,31.133187404884524,8.483174792877342,5.731304651933245,10.383925981610663,0.8168730975343181,247.9636390428388,92.66868649899592,82.25949098275048,High
31155.446607115162,5.147532764439458,35.60128904699134,7.10770230566891,51.376676637492984,17.08359298397624,14.216326548987269,22.73438431391878,42.01846434948724,20.790368531364525,15.292408049947428,86.5322790088156,486.72256560506275,32.52490220417281,8.823330205710644,1.4426991381479772,3.9593775231513724,76.12202267432474,190.60893977592028,139.59770243747442,High
22957.567630277004,-1.3154954743398322,50.483575392946925,0.8183907501528642,45.264141060724384,48.72927448818808,5.366646589367612,47.75352114656253,85.80538888733942,44.47971270057892,57.651836677432,46.37779670621341,163.16657267643123,32.60955958368116,26.302523288456726,10.036671153766058,5.811711561833162,90.76160802276664,183.475819735854,54.89773664381704,High
10720.830834131444,2.1766699581699473,23.0008852237965,18.193172803115473,55.21660717784315,15.821011912227922,5.214748205150373,25.03337302798283,77.17770457636048,51.38847683852478,14.048302397095725,67.40722779555695,139.65337585586337,29.569996351342613,36.708037359276155,13.541923477895866,4.13336062860042,95.16915650011312,253.20890550099637,149.28356033182845,High
28742.195924932985,-0.8364151483550413,86.77965771695754,41.87942828986755,78.10260725713864,44.68662674375449,15.418555010982853,66.28082465261116,99.29362917070434,39.28237858687406,12.627175644502127,31.114658355236358,253.11674029115818,22.52665304852074,39.33168111187052,14.549743277971453,5.911925044284185,186.92193728682625,91.59934760666629,97.06601461102129,Moderate
30286.579876356824,4.127958355365104,78.12651200137898,47.415594236501626,13.901486855098149,44.27593169956109,24.655224200077264,23.425441655850292,65.21632144457612,25.168371846905675,65.16323654704652,57.50229906248177,280.2358916112075,31.021047920393638,11.788606628800514,3.4844933550750774,2.71949260120769,233.97752804018674,177.58042210238784,172.7558630046043,Moderate
29781.487515469453,7.384821582141546,79.10316983720026,17.745170077219765,50.17730622511408,38.36756559694268,4.213763414467689,86.85391313626637,51.69309439550524,62.389047266934206,37.30018441554884,99.90342806844306,387.8183060431162,35.27343432641789,22.58213545347888,11.308799962135774,5.407644775198689,243.96608115166632,235.4353624632407,62.922720795441656,High
32243.502143744852,4.617777324716386,42.541899885760415,29.739235252994828,70.41201454751993,29.04658274301689,8.571822857012968,29.603944881220134,18.1066476652202,41.86554559657133,76.82834462099188,32.707131816499746,208.77135567631478,43.55871133857998,26.164725206360874,13.917645595971287,1.3894885030645667,237.26567114116034,152.3241660334746,48.72627128802672,High
9576.194685894294,-1.2319695168557847,70.98889709657382,25.2671342660449,43.696789822389924,7.760131981610627,21.997559680371413,34.76919263450081,99.6905277562471,83.68297238908498,90.6474304569333,95.80501119680471,231.18098070186187,40.21156435659001,6.76348762012462,1.6431288694867092,0.8838453286626,221.6550068130822,250.8866628322939,168.0207872362257,Moderate
26671.425577373462,1.5466620498508283,21.510092431182414,24.631367061085673,15.496903015910098,27.534643255831917,3.66225628187045,82.32703738283497,59.63775876390546,20.644209730022496,22.545205635731563,85.94037775720062,276.78075964823887,36.16497071034336,32.60997005896973,6.386147044791317,4.27461629529213,247.87968284784827,48.070098456394156,72.0019523486384,High
16658.34290732076,3.506633794408515,10.689520207342422,13.880922792009029,49.23775466917396,19.126220271436857,22.14537159143988,48.96974686238652,73.04297227211276,87.40216410300883,75.20705547210315,97.7771720757016,209.3058078759875,31.874573218718034,7.222157275550723,13.81532357302084,2.354168319003288,103.34724580610677,222.83035189267156,88.25504274009594,Moderate
29627.950798262093,2.032077561332522,11.59783460624225,8.182266301767502,33.24517235766743,40.026417591456884,14.058577617619278,12.039655393006207,46.606814847218025,96.38029431567657,56.30679984595089,34.36630084884264,458.9830779685549,26.68868845359179,70.345784310967,3.280976224346002,2.0425880959331892,237.855510199696,283.46480654108376,160.8044882107187,High
25768.68302349485,6.336440104751723,56.928138992364836,11.801313493872787,20.845924973655514,38.39020191184856,11.390135800307794,52.03983135222489,59.294413736131226,77.29080505228556,20.090732514642898,37.08147923546914,428.6009439844411,7.186179404132399,38.604776655731044,14.026282051681275,4.093427352386416,193.83969116303922,106.24616308813417,130.75954210116925,Moderate
27399.21318099064,6.1467100470998925,46.43159241983526,3.319943229800766,69.4324159298431,45.70940035388505,9.122652980083485,17.18618350731046,94.83199587035985,78.69152522100532,68.64333458326522,21.349374538788695,238.3873736373816,9.118944210230897,32.67523893783747,8.049723444990343,2.134207442263031,54.58806698907489,116.23756829946983,93.92791918213112,Moderate
23309.502481156433,4.118310201032214,51.44122791268158,11.887844509414622,46.51196590937851,2.711847796721978,8.833694636940365,93.7543010884214,24.977749413844247,94.68498492821865,64.85201227958255,77.97614503324844,20.093533921912226,37.272021108848676,12.65221715036069,1.7684283133020686,3.5208373990414237,25.684319151142546,34.229406385347865,57.47919669186602,Moderate
7032.578161970034,1.7345794513270523,10.597051233377552,0.5520538575227674,75.32934886653467,40.83695440750621,9.033459396338012,59.9894834887262,36.31353258972291,36.725702824027934,56.40776806607043,71.52757547489486,452.4485578540547,36.54245522491048,22.65036554448958,6.91319655630607,1.936839616315565,65.40373009952573,196.0329060766664,155.1981840818352,High
19530.915242495903,0.5533637376324414,43.81492957259405,37.63550403815869,66.42115532221484,47.046178549984106,22.350470862084503,31.805272496933167,23.68537550002291,99.56524545668613,93.38240841036922,34.24523506597857,79.68155525094332,28.421733816854605,23.270520893912362,5.096039573365873,4.745794011625258,198.00651420759215,170.21071043411234,44.28189655311084,Low
34478.77114383328,-0.9412568178687069,67.44545289606887,18.982524443260974,58.50802556415672,39.886421557191206,18.647290294020067,57.91600276154751,81.29943134242973,81.87849627028335,56.89717264936149,83.29159724336576,137.36595929314217,20.870125706794596,98.5204214873303,4.448401160111581,2.0118523748728294,163.44876708808277,21.70027003238666,186.37312411142133,Moderate
32871.19426090205,1.5489768348655404,45.41549615739487,58.38868268561452,10.351785235571835,8.249334073777602,17.40362918011646,16.533703787449163,15.58407343796466,78.12565666622349,99.14636039051913,43.935640490538034,93.13341649539113,3.119403942415043,83.53493795084933,8.259690961815151,3.302966038078077,67.72372047647102,228.1414878216804,38.56005313336947,Moderate
2467.907017098397,2.1317251720771955,68.57753650497779,11.623023046577872,39.947641964677494,5.9013970323626115,20.37123042589602,77.99076086284946,17.34684848662045,48.887246319623415,55.83059324632999,30.79964554645081,106.31147359089141,16.06860852872739,1.5262291633431624,7.408812554052489,0.33442128544266814,189.35154180076944,250.49250376605724,162.93740146998627,High
6603.703734800863,4.758229251040736,28.641517151746783,20.749714218575633,23.82403971564226,3.000571510769639,7.913637249095334,88.65288457845392,36.864470150863184,63.662198832448844,20.426683447123082,53.80501320154785,405.3812181871207,20.08750527530867,61.683659076847974,7.384917246415351,4.792038543478678,48.210726267977705,273.0646852008187,90.60728467834542,High
5478.778297455105,4.581598242975735,75.05136035853803,21.470469518491992,73.75585377342074,32.179770839747405,16.21498467788038,84.32777299752357,56.276936282891015,72.31342306186775,52.34241259675274,27.277587874148487,298.16069199964363,22.890100305457082,25.591009642192375,1.5956834472157948,3.797959093967461,208.1327275567932,168.26288498948622,45.34118425736729,High
25683.316939500048,-1.2989186035874305,57.07449923627618,0.5070897637476324,22.22087892734522,32.22428728927459,12.581523496032872,39.04939619537784,46.564732050362785,69.62742890537727,26.409588629956414,41.05949250185973,478.92567830016725,41.960957738131995,10.437692881958426,12.094077261098908,1.3149749885587947,201.62782935312205,141.24821012150963,86.45199826498653,Moderate
28804.701215136134,1.952593154311578,26.861047954392497,50.35247718236754,30.024203616149986,49.37185828247419,19.99615760960445,37.69029016968632,14.033467960372654,76.39877107820647,63.74201366956845,49.706668674187696,131.09768591538392,6.674504191406141,70.55997631197548,7.377157935730189,1.4491655813279458,243.55535311592138,264.0797748143025,52.09484507798738,High
8259.386454562846,-0.18221132782638083,28.937638068306633,1.9196676086594833,46.178573741414944,21.106072356996595,9.112890540885566,12.9824469533855,96.17424020838564,26.59053912627285,72.38189576742411,88.149133961132,253.1047559029923,24.31127755053013,13.160554946834925,12.367315681917551,1.7224589273279678,50.31569768788976,125.62207752976032,35.838793658811,High
18198.991560362185,-0.4318729468319431,60.24243716556296,56.410790083754485,28.43545332986555,17.931501675079843,16.7931081880076,65.36903048957792,95.75825683222753,48.45187462653574,52.15917508363843,83.4038993034577,489.1656171595856,17.820658769206027,44.374077952973565,12.421541230798969,3.543874606654259,228.05405368743106,200.0785063180229,55.43952579680611,Moderate
29583.9029523808,6.27302149737246,76.39516745699547,53.52446106561724,24.690527409538483,31.97239650485084,22.29088547179821,55.466906656132565,35.14206909166839,54.72000132763817,18.79326709148334,55.42034286004946,416.69288685188945,44.57421912629022,63.21651648399242,4.961889275266234,3.380234731939533,95.15912597463205,188.45505435626865,174.805709782268,Critical
25915.25252205252,-1.5808478328374247,43.25022256233241,32.13131496515781,51.93695275719267,41.62921628036451,11.24946095248336,49.04444156282401,75.83730537417233,40.850343829997314,52.177725872519765,77.966004620191,369.7355259778357,39.06015270016493,55.44947561549887,0.3638906659719017,1.7884095739229584,112.77406822689824,117.92671894736844,30.129053621166598,Moderate
19436.064986722842,2.191828759021213,30.66403433020738,32.615734494677525,16.225066592851668,46.965149577104086,3.5323080094516133,87.1486310334501,62.07178702449014,33.8101816215379,17.330879326096035,65.4919708943204,110.70809665798012,20.8677917322736,97.7629098302743,13.695311458634341,4.225561293466622,125.08458977839082,35.19808189415396,194.78252167589923,Critical
21071.821475598277,-0.3179634423348181,79.36092855284804,39.22667537736938,14.07174311046473,40.549959976593854,13.869168913861234,24.269706592041935,31.372902550506165,31.114198393029024,71.39133599558807,47.267348406245446,389.3145924366637,44.986911202254696,78.57426131225226,11.482211988367732,5.356438762415641,162.3224525026006,16.21050621449885,10.949706200658596,Critical
18284.25859515352,6.7933021567847405,63.54146334006679,23.223000716093217,36.057170663025,22.48035106955863,9.957367219561597,10.821632668665499,33.59543965674539,49.31067138052681,81.13314023785787,78.06994747962278,186.83125884604053,24.104719598274343,77.41933761274898,1.8766037653050252,0.45238977039052314,248.76939197774004,134.1889447552623,135.0652493343362,Critical
11116.6473448399,3.570405132750351,45.84683898264612,38.83333700387133,60.44651181555036,32.47588329497908,17.461183752585022,16.231898430265062,54.203785687940545,59.47533604500527,96.61422945043351,74.67993235731024,274.65771058244366,9.186065253430229,35.55953940810313,10.61538739984559,2.6197404993715527,155.9903187179798,149.54845669877346,172.73727711923635,High
20210.747757206547,0.31380636376848026,49.03201562234415,2.6861033213092123,48.83647307917636,43.10236768237361,23.87375726921794,28.98657221532636,47.73132473476241,25.03811521173286,23.392189641561078,69.52755537548816,312.3973822589793,25.902611748548726,0.8395492084141698,0.5943420494325449,3.6424166875598973,232.7782282844957,248.57669777506868,187.45195314408522,High
24422.10026970308,3.024272871663764,26.34051743491171,3.242857640983594,39.60135279267452,25.549265038963494,13.168991313927481,12.829271687393842,36.21063954081378,95.71664756724397,57.917830197997375,69.43644168346005,312.4945815316419,11.726847929556804,73.44109296706883,0.7080583175442676,3.6013241805145966,74.9316274899099,130.17937847432665,37.35726275678336,High
30692.97913926746,5.314863597031158,60.144210405187515,27.43382517717266,49.60260949572077,12.40095889785885,12.72237529357728,52.741715404666515,82.6760436674634,81.21946582886068,61.07836307818768,74.63855938615814,368.73126651848787,29.361452123278834,99.97320842956724,8.029601622088284,0.31330501253916243,108.62674052656017,91.53636367270609,142.6596143259446,High
22633.906035294436,7.581180089194337,38.69940084343109,32.977338066362094,35.581603925729155,10.146725107897902,17.055450404403587,36.697688694854136,53.33166258736464,78.46814185483733,93.02288804028818,50.76364101140306,337.6170044682587,42.3099275200088,40.58791077436156,1.7117502097742952,1.4212831819219092,133.55738941806646,144.00797574179444,30.396351069572987,Low
26878.132259467373,0.20446004245418958,89.65161413394794,53.26905842014914,75.5302434802479,2.007571739746723,4.380442582652057,25.341055685791275,68.9363256150215,33.82884199909816,66.45489765368629,89.52606520541619,52.81802206908311,35.806538803906214,98.55184989571174,14.475746880528307,0.5586181836103048,90.88196759986762,79.01723932296613,76.99618383614238,High
6442.435588455482,6.861817721293452,48.414681220951024,6.279638034473775,13.843342363754203,36.475423759101645,7.830642345275336,73.75714637063629,27.03461501510879,68.30406144097512,23.095868108078896,32.98462763971686,239.52657245557148,13.746038688019373,14.170810953434643,13.439319031758858,3.499997420789618,244.56376919661759,36.49457722333739,149.06600792632878,Moderate
16692.954130272854,7.343041141674902,48.87084849516906,49.35887563163336,57.13740353208846,7.332666024607544,23.136524486509167,27.378362729765055,58.015689626483805,62.37799574469339,49.27161915668703,90.71083705913233,338.73037122559003,14.764920873538307,29.651235163671743,9.852236859343906,3.9432613484829093,185.5356351658484,42.7824797689711,75.73491297098272,Moderate
1317.275074121172,7.164205445320663,55.268142992853754,12.602840237524175,72.38978653794254,13.70427678540514,17.408680107366624,68.44643358447243,38.61784445019593,98.5975076629355,68.92862756556255,47.38254744255955,162.07663143954977,4.979392732883417,17.072693174247068,1.2365218713232051,1.12650454785617,127.53711776290163,102.554793370109,69.54119837340289,Moderate
9387.081393735183,4.354143568619098,83.34048024949973,23.645018910601912,66.27192961146774,16.298063913094083,2.309213011618574,39.68751699704931,57.37722493553904,79.81374160641263,73.02559888623676,30.002529248689804,170.26720986386704,14.292316932789927,47.51759729268158,5.075078289763857,2.1314644921840213,191.55660478430156,13.676161091962301,32.050377572457556,Moderate
25699.698313842164,4.298206544347077,74.06544798878002,18.996146089644775,22.88287243750127,28.89823328656488,6.706385868857457,53.50535965631713,80.27432500698353,66.0609506972985,87.67665987315162,68.00219221433039,79.79242292221545,5.98286638614614,79.69814015072204,5.764328069218845,2.112861711580922,124.84898728442305,73.85895313755906,22.62323792233672,Moderate
34721.538345878354,2.0321063318382278,46.09040558382731,24.009316371923937,30.714844428620186,21.10194931019692,17.705257118664676,89.37869838736218,79.20218890821356,88.06501331760978,26.245640785995743,50.07893352563242,220.93519326793057,23.47629493100264,34.066169153795386,7.368933586681885,4.954853523220744,19.04795193146262,238.38171087038262,31.902818343533845,High
4372.055385965341,5.523978823037879,67.49594127782368,9.029729884355133,60.19335570949733,34.38435161711177,19.581181658939208,13.174888959344091,41.87986102308483,32.40754166885676,95.63879320799485,85.23997816828154,493.67860846696385,32.45892441842508,90.62289371518715,2.782872247894847,1.3290245462689732,142.65045083542898,78.03898580479016,176.34020723959264,Critical
14650.8067392838,3.312940183509319,56.898839902460935,30.214204464213296,15.898939142653587,4.67065564777773,21.316770171502963,52.52248313558426,72.48494053716752,21.217322375278176,15.322547081403304,54.46283748230138,156.95329341825794,34.300789944463816,54.48304133297851,8.78942114911878,3.3802219036888195,161.91852640888237,42.11155820145961,12.127719822375798,High
28202.412935771423,4.7743807122829445,49.389363896099916,48.09855538988204,66.83031898828088,7.949081324693093,8.720066477787032,82.62595162784754,94.71609553548492,75.21866667316186,98.53859211120118,73.48500204496878,275.0897084893271,4.5597569866717,46.542441374187725,6.7058285242655815,4.741025972505129,245.583743398862,285.2333623984163,141.6445152117049,High
7937.211577382561,2.284579038487955,25.385261822748042,26.492040622733818,60.323486122335325,25.962152169596802,23.41365771438394,59.977811111479625,66.31023969324158,27.864916818978998,87.19903835797676,44.66063916038604,376.7538813339605,16.618103624242686,78.70358421952763,14.22526536187502,5.011553518802877,24.586319341245158,190.51633374196962,156.03860367877658,Critical
19872.888276277732,5.31496464043139,47.11490107639128,29.436814553891946,61.07246544647398,18.17430981664783,14.717778552291525,33.533993942038315,23.356911104437344,29.234691198680736,69.42455044859541,36.75619000202721,26.478690024449918,14.39138596153965,10.144349704178456,14.062069875490721,4.0660833468514515,135.34278500195646,27.4075253363431,117.89877778421149,Moderate
25924.424065008945,6.24471517604549,29.66548696180597,50.92605511687886,17.016895918731397,16.199041412065267,18.020397514921537,43.80289648732792,71.17377663511857,79.57445811396244,76.14959502379794,51.0439224759059,452.2109886071835,6.484913888455388,77.37524712106747,8.612467143497595,1.9372609631189206,38.066367826465026,28.05075028352182,148.84731862479822,High
21943.505308846088,-0.5356374339718388,83.18737198813237,42.36348687828185,60.24323813713616,5.217347793801091,15.724993843937883,67.82257844192884,19.44139477143802,41.642787530719126,16.542280532691677,68.54462676819468,205.5440886679705,17.586266370076245,24.29520001728267,9.771935239060868,4.973670134007366,50.014036869175705,187.5154164527592,133.93123711476906,High
7392.840976924149,6.32929715574228,36.83254507970776,29.427264511187083,57.5872687653979,44.99452038790407,4.82302125751627,85.71901101667326,88.48993679137244,70.29049724551143,13.733187660500715,72.55573913690814,437.17567362127147,14.870764692987153,28.081254718323756,2.3256080762740137,4.504562957180735,158.45888465759188,166.63735259882438,96.5561129279916,High
13083.07533531514,3.4029653179030728,86.18112116266978,15.46173889135078,68.16457435752955,35.20729213400244,24.151637165852236,13.490641768461986,56.49944462217463,93.39255408741988,19.158921689622897,66.25653322384147,38.694876271749465,29.2834668615889,59.945377332007986,3.582851610950522,4.285920976209762,69.41841238262687,29.828683993965605,82.71498129649075,Low
27648.920672503504,6.4466590909022425,52.64442320757689,53.095604810698,12.911716937952864,7.83767152734317,4.826138337565511,16.080799860681996,44.66266626804216,45.31796253102867,17.8623833197724,99.04445748992872,89.9185048945644,39.982014540549656,90.19344250462052,13.54051644176807,0.5905453135330416,191.05591615433076,75.05148774226726,188.85307779698297,High
19843.701480488566,2.313017063410146,60.52355029409283,34.6212241014335,11.617746792745454,5.1222059713827495,7.862284997457223,37.62937950681494,15.130593518472313,37.3715326271935,59.26431101224916,75.28721491961322,174.81413814922843,21.55819399754828,57.840694977086486,10.577739066567304,0.45093630777898736,135.8366927598891,279.4224452008206,194.66821858838892,High
1177.806860459033,1.79040485383035,53.43523555914622,13.268856606641604,36.11049699149925,48.79388160469966,20.713441245128543,29.786273177185713,44.27053611328987,28.525030699284137,29.389958840061023,94.52157020775343,185.8216510703738,34.1066024289732,64.8949348794487,3.0846239000612394,4.2331187266691614,66.28002801394825,175.88313503949502,133.74156668875565,Critical
26873.68584095519,7.150607325172224,20.35044935733607,16.14718515828062,20.4151798694407,34.696282421096235,16.227730114525333,32.51912532890451,91.28860011242105,30.43698891357809,87.41850734860539,29.43465559161396,426.94122705344796,8.278445785758993,77.65945896052742,8.682091499276376,5.679809847156798,131.0410442362503,137.69436546287076,47.48677958070963,Critical
2200.586067968128,0.5116926754840128,40.065697520635275,48.187985336174755,49.08691342991553,22.03789141249959,21.27743080365621,28.80794988319988,11.888469665767285,24.97781563030742,50.1173760761265,24.90983438507831,25.3765353863529,40.48355428168618,25.932475899248676,14.040990382194899,4.687598782765512,15.20720582340837,82.54506945690616,95.10084086317963,Moderate
26354.948612861892,6.442123252861432,17.931688982209913,2.6487337252473275,74.21442310547242,35.68308995627767,13.861932332603033,26.645129152688405,52.71833420036244,27.011390306379212,72.59594288124474,44.87957616095629,327.73365270544616,8.561573743248967,82.72336728041425,5.3740152605799825,5.0225582856633935,217.74391025959264,48.772432267542584,104.34212311569534,Critical
7884.339045618072,2.840205725094041,59.83632353467054,59.5255312217292,37.4035811233811,38.303925751047636,10.670844413432603,21.103037183889803,93.80422819995601,54.560367104732315,68.75857836731439,30.927115070113913,83.02996936570412,10.26035076577374,41.79601490671497,3.031559520130553,3.3608972289287844,17.979418608104258,126.7631883920975,154.01430996752572,Moderate
33574.49832405893,3.1409544255125974,45.74993561603512,7.821100782887507,69.1465264090823,39.43818571466141,23.202446489599055,89.38610120259523,45.5356899788519,45.66920360191758,38.786773503673906,62.06948225826142,415.14351234130373,6.577943554270089,17.56556934911625,14.147771570563746,1.9665996357108289,16.647324735662895,277.48630220607714,136.8776549512407,Critical
13509.985544270872,1.0846828148948404,72.23879772567494,47.76411152381625,10.016861216250653,24.938110671346767,2.8338033028402814,22.256104432023008,48.53581187159354,76.52486514583984,31.885081617315613,61.5185002818623,393.7151676597979,15.316218565383068,35.0118079461125,7.080600796293858,4.130874001247928,158.70342664721707,24.126304746487087,107.81474159130008,Moderate
12115.67495549469,3.7304220061901567,27.637638479949587,23.686519006300973,21.796025042142894,22.634372389992706,21.690995068120056,27.374320855070575,62.070404967920794,89.61933265976015,40.82106567669717,66.00377331551601,259.9620931573763,25.753649208767623,24.61311117182253,6.4334573803426665,4.329431077857617,243.77741756066948,297.3838566234313,139.26926597955983,Moderate
6062.193711303119,1.252111962762113,23.165284674346793,29.53297099724801,12.129647775785994,2.5293480449072163,7.308809059318977,30.932586538366785,51.664360021946514,82.78185625139074,81.69925364648537,79.61823046648581,122.08986824594008,44.483746790472054,22.871360513564586,4.233237836953428,4.11707623582524,216.144368823185,70.26568885858227,14.57080087941705,Low
11390.543326667306,-1.6073058575834769,42.50657847710143,52.83903464787467,32.970302636054804,46.474741526808224,21.52093553834126,89.30626421608575,25.17415221137972,62.45098053325218,62.764916357765664,97.70637601698559,324.557787663467,36.11482549027439,28.256319871916613,13.40630383572302,5.690912528972059,74.22444445852113,128.5425345157127,157.5607111580291,High
30806.12590215882,0.7199860534435603,84.12683065747049,24.774671375352796,73.5732716987552,30.95877816266927,5.201522108588369,74.2357013560922,11.669998516287436,28.195369298612274,32.81847962672578,90.26069531513171,95.0039924756699,18.358739524355226,18.09308147420895,12.730566473276754,2.3296383929344278,61.21670061970614,23.064879368058094,50.21012446131942,Low
34875.36747932641,-1.9362095659340932,66.83374520099294,32.249625220394066,16.78664865192914,11.751388985118469,15.345036164882432,77.12445157681876,64.88304921808314,76.78138271532428,83.60617987543871,29.46937916604653,111.21142044447366,26.76138048985353,66.77017570826429,6.223958871720284,0.4300137259435443,162.13636244886203,179.5868389013291,134.71773651661834,High
13522.524037232843,7.783547870568567,43.513889983433494,2.9579797445501965,52.448684372066026,46.14096413222896,22.426482137263857,18.904452060772336,92.8725928307031,49.026297978149884,14.928344749927605,47.08109510165258,320.8111530681717,28.802245330385933,57.99917570351172,0.7500152144870591,5.468977245992975,208.31987055018817,150.23102696628757,31.654917906031738,High
16252.761452454448,7.657472098197475,51.38177358034484,0.14084843204718922,41.604715738361094,45.916731284974226,12.891411878674482,81.08633937633209,19.572771972444905,26.852031513232816,72.92650374912658,40.46584200384335,495.7896541225397,37.37727051363593,64.84418929834284,6.8657760284402505,1.1308948893536714,100.08848766150699,203.34504007308615,31.74755882569328,Critical
25550.41189889306,1.9515529747230502,16.73704089416787,14.687992380103553,75.69277486560688,49.48083988957261,19.17103349747804,44.69641195448053,28.985744732747804,87.39731257701006,49.519072517437976,34.14538862238342,447.7092018812222,33.66742677305142,34.37247238281604,2.958612843726783,4.244446368447108,116.60332873626284,167.37665691452705,16.77495232897338,Moderate
31130.656535812534,5.28370854339646,88.76607171008905,40.83498557512604,18.576339977596568,43.95471503067098,20.507447210677842,32.33995722805304,43.32065372424761,47.05732137460045,75.81613474592994,63.57799013246276,304.691531688165,26.479518459759035,76.97334025740443,2.398190831188553,5.26458575068157,42.14003571427153,125.47155754765001,182.94423392916724,Critical
21163.50736235066,1.4580609841042498,63.31258437559352,7.275893601548202,24.841949535156026,49.89365061536311,18.93936680048592,58.93875709922639,82.78680061190077,37.459906600925706,93.4715152219084,64.26115216261844,278.4976490083634,30.774870162705238,12.960874095416475,6.078476094862726,1.9988201084848838,50.9142089950094,223.94944236538453,124.86616396144429,High
14311.873738046197,4.710931570859761,32.832325477073795,6.825717528272966,12.06793780280453,13.744937029917084,23.28258394811576,79.88554699442238,34.23342848238798,89.71616516950745,77.50306881522135,38.17958623104491,499.2247424038921,34.07445727140468,57.11367094613602,1.7564309789660197,5.016408396958574,148.5626248311149,17.25612705821775,78.77276788353818,Moderate
15029.142588853207,6.05430043045979,56.86467153721955,24.657636482154196,40.375467474196164,42.427980089563235,12.277187301958358,76.1854328413673,89.38489638508916,92.17070947576039,49.77688197802441,76.95178002453484,282.75063086426894,7.725194542736386,27.545297224647392,14.374728251895474,2.1259371323743763,39.12419425088268,166.8984160536326,159.67777079366866,High
24651.016980891432,7.467562446922408,18.75858928551952,38.87022231649359,29.448302969525802,41.5053588221967,5.981885100798583,85.64978601939623,14.946208718505977,47.11766697532479,23.587811336249267,78.63314393356042,221.6559305405331,10.619584836131338,52.760990069761135,0.9988259721848425,4.806695983770249,62.48083932703673,43.0240991104127,128.95561811868646,Critical
1109.4209625454753,2.0021227584967196,87.26693350460668,42.72431953487583,70.89341537232247,13.08513724259522,3.099654465157035,88.89123581131273,94.68609591330414,48.38411354250987,82.57158782248904,21.678399586714665,456.5866571721639,31.60912442302322,32.36371752402392,6.200133522761289,0.6050132052476093,70.14910064279275,136.44241659489165,127.81529840345867,Critical
22066.037473634584,5.832979829560477,23.982799030669277,10.707040445902487,52.34585692384285,6.725002352047557,7.668577001662618,30.24037607135871,60.46723700863884,66.37028220665152,51.46349742292344,51.660616297785324,132.40846201725836,38.56829916546818,79.05117650912953,2.691729719865915,4.000409392291381,119.32226530520313,239.42634188882477,102.53813092897128,High
13086.76235500615,0.6592845063211881,61.84242544441713,4.7752888423225475,52.98635165829912,49.01218465652478,5.293542589245568,46.02792100438809,69.28999106389341,78.67531950485265,16.77810911114168,91.21125129612969,66.8124753424683,19.598278156090018,89.12718388380945,10.425526426472715,4.127400867357017,25.71881156905451,51.31361641551605,11.50608794695965,Moderate
28002.709263420864,7.903323037936483,29.636357003114433,56.42382203673265,47.23374878169117,16.209178472989297,14.83282105299305,11.243425832430951,43.09205702827178,25.051936152549075,74.71498579991794,61.625488659507056,324.3632164936786,44.13528386626186,74.25812233716313,1.4585283034540575,3.0502698144695475,132.44617834784057,281.38500114402075,59.10787622073857,High
4161.681753986493,-1.7423040123564886,67.40491061188285,15.639982953726104,16.42952360604407,43.80280594245469,6.253742755869836,84.7423410375301,80.37948569599543,67.46749257507773,36.26667693249307,47.810224115119546,66.00782420899952,11.291084504955034,17.55837128492468,8.338041940866924,4.185127010403723,233.23848550260917,267.6663607935073,30.724571974015763,Moderate
20998.877076245277,4.035288065011209,72.14570937922248,51.20078985652343,41.151307860774864,2.198103424380987,2.895475267655537,23.138632875355242,24.990962507596546,96.22560494268653,14.399940655466672,40.29409212761041,199.11129773742087,19.91806912786787,27.48668983883623,11.664591979468483,5.554465289212278,20.748960362982064,130.32247055134258,135.85787194702743,Low
17353.078256128207,4.595059816513271,63.87357831291461,51.809487027769094,79.96536327959616,3.009190746540906,2.827766063979361,83.22535904912901,14.402064275063832,40.96751177439629,91.247591347667,39.46836159346258,223.31714507922587,18.276490868919886,91.93580655184158,14.26587957521987,4.456357984815722,163.28144332375436,11.732703810521606,57.23795613952957,Critical
22839.067880777733,4.880455570741288,59.1599568204154,46.351355505752664,68.46605035922104,24.361822817425683,21.126098462391816,37.99792236886069,45.596524879680146,92.7061771277547,53.47909828845191,27.981442708064506,282.8182721836319,42.00272545123645,43.722012765820125,10.568355175650366,5.7755169681110266,211.42295581061245,239.02599973560092,95.53166616972932,Low
3205.0222124209236,-0.7961242121091099,81.39752751616093,10.130016399154204,72.54213379169812,13.458304828883051,15.603348423189571,41.29135514839675,86.83261425829356,96.0134672610475,35.28649478557194,85.37811352744737,495.9965819590219,14.271276255619199,94.11804093492668,1.7625288372283776,2.8019514203420166,88.42829799905664,265.45978298956203,77.15175667507776,Moderate
20719.448772556465,7.385297834731304,16.290136879180643,49.30808755525202,67.62584514725496,35.112381604926284,10.235961943547698,13.326241631128047,77.94341529739252,41.53229127768718,74.47479020964204,26.9325924315337,126.07122719992677,22.24400345581527,39.24516888622668,1.6012520807978732,3.2640862438829514,45.906858079517846,60.67404678307545,37.207760205819156,Moderate
20090.475990623807,-0.18816720949917198,36.473181262415615,46.155033554495205,17.212918540168786,29.147087627261808,22.56724498302568,37.784697130052166,56.54403734400622,80.33614927082805,89.73121399143074,43.383581268945264,200.36306168331777,10.051055103459166,95.17746605906638,11.054491313509569,1.7296844439786994,25.184850088176816,275.6957405568015,192.09034424771667,High
20062.443210149813,4.2275340323984105,29.86299837046768,35.803379406373026,25.921377784535974,5.719318277623589,3.614522062377413,85.51091303810745,61.492397244881815,39.1020006655648,10.027636753037994,23.654059085308255,83.47525971711585,24.414448258185082,92.5738987733331,3.465342253550989,5.916489673245037,166.3172189674136,275.08821041546184,187.34966920917103,Critical
21518.580664279463,0.22676079123084936,89.04111696523373,20.232122110137166,10.218515594948673,9.80615822315442,24.547407672739997,12.171529095336352,21.690354366887988,79.00889293857063,71.90669665379383,82.51092557789605,311.65449249595264,38.86837928693442,66.05268899866162,6.874417836908757,0.5197930639353798,144.77507935383107,146.6743467999152,26.075555346961707,High
23999.909865696314,1.0721641702127087,41.15118237334988,15.750516255992647,31.2457087414678,20.626364962803883,16.174711175852604,44.53783520897166,85.6613357755824,83.79359770310607,79.03105246165792,23.142694578143235,369.28312750776007,15.07369686129426,0.882704846150284,14.656330189864976,2.2799984221775,68.88432227211943,241.43009513137415,167.19941717031932,Low
28369.62598914617,3.464585417281244,68.6090159392319,7.313352724821538,17.60251816425448,10.908995069860792,6.219677841283515,12.668968534082996,80.82637146677773,39.776456296851954,28.89346845515437,44.66408830945667,251.39687515322186,36.864059103001615,40.03346819759369,12.352629936536971,1.9266435556579544,210.43006729346078,139.03491369887664,102.7909997161109,High
10173.904484359287,2.171934185645765,64.77801311048037,30.585424014052286,43.09553417111081,40.026672667708574,17.618589276470274,41.528491134270524,69.08233544982485,77.2695634866588,54.066144826915696,65.86378960693312,137.9990087791861,41.18639803355192,91.12351296955958,12.74492235231295,2.4417679361427216,187.84399275580068,173.57341711639918,157.00981807036175,High
29051.67994612211,-0.3977439902349371,26.966498998190218,35.11565253059079,57.398924200173134,21.971371306557444,19.55776897502194,24.67445446632475,51.95719326960446,84.96836310912718,18.035730902614223,52.76490882347551,318.0263692072389,5.137189257726236,88.51102891081148,12.953317599502757,5.52276359101522,79.96076447189404,102.75331284483136,38.719854873615716,High
17940.69319695742,-0.2906359757915171,29.119814416924108,21.560339430947234,71.2153706526654,6.484729608439965,11.874884017527814,31.438563427811623,96.80133414515612,48.68630976855294,77.20748942638129,42.58168537992803,278.7957072170478,34.526255061727795,18.738780009611368,9.407316499786901,2.3346196695973864,192.04031037318896,56.2461101430391,35.132086177733306,High
3619.9814905672597,2.1814478816279967,32.502765084242725,28.521544060852115,62.445201556362875,25.248459309061992,21.817549943647588,84.59586171872061,89.1128774688824,33.416222079178155,86.27104167070172,42.01512579420333,102.16914723378451,12.979767754471105,39.91824959691026,11.235828680778432,5.518464585660003,72.57364017268155,226.49560930606924,179.24392517008877,High
2990.731594295293,5.572829782755007,42.890182260750336,21.810867442156002,75.70099170449537,6.36023269094788,5.4668453678188165,47.064183752860735,67.99874441631567,27.357165385401085,19.73679915921945,83.82322448049995,214.72731224102253,9.539089489075053,83.55099278794717,5.576725445124022,2.6553653976465754,173.6878535385948,10.403924910549348,180.58570344980154,Critical
12364.102835666066,6.979646468477885,28.746005252042146,38.46036343924207,13.772880327565215,8.188990660151225,8.413264422284993,33.272829269162536,43.462089794555915,66.03053628879536,83.48142280895512,97.9182476069796,228.89460398489356,27.84826285707655,57.78778532500544,14.977159530620906,5.157658861477208,42.85808465236167,178.07027999814662,98.52331092318568,Moderate
27686.497221789898,-1.1587233774061716,11.572118619747824,54.0755524677938,10.852588479157902,13.501271937353854,4.150324316431765,60.09376212579656,65.62200508133611,98.24784954525705,79.44131534360803,47.84328563590347,491.6565218102878,32.34091249783408,84.72992334462006,4.410445893923281,3.226150571303879,177.67627388330368,260.7589476497545,175.32998154683062,High
25061.151781191136,1.9310390755940103,80.35144454457564,9.835215722816692,56.29366796853488,43.25732985187951,6.850190333969099,22.0790915857695,61.78968338775988,85.8360256017773,41.22219883338076,23.131641088721324,427.65719943465047,18.974722386614193,82.6567384448563,8.973108828561738,2.0058464918842267,71.11198846083116,74.17041316517066,136.81720078568975,High
27812.90879886182,-0.9975443627712337,87.24878651047072,22.884528594187405,30.254668715557237,46.38140155198265,7.490762673956336,32.04828663077275,45.48177890514248,54.867171114764226,72.12605769402249,22.925262232728674,372.497978371325,3.6844694045341955,90.7482006952483,4.446306671321541,2.8062288340137465,149.5302982468028,106.54084247142069,45.151851096088485,Critical
18587.14791901472,-1.8340751936740212,37.32563096252544,8.45211623705168,27.74507112740412,41.66037100793932,23.105563391199333,56.43107724624552,37.60065745192685,62.92967222839668,10.004331150488056,80.73707321685745,446.6129722414148,41.074294540462105,11.72205881945817,1.9474444432330753,2.66141025807358,55.52900871019239,180.3708973306942,72.50131028960826,Moderate
15966.76593048668,4.617186826439566,37.080550354037825,37.49662622446992,33.1620961385656,18.035706436056667,3.796522841276593,30.18945855708585,46.63097130135902,42.362230832945514,93.86178890193987,64.18958572873015,373.0325147977832,33.42211742444229,14.521514145351567,8.643511478202047,1.7075015600961951,185.6022326784688,81.59237149403063,35.85152359664728,High
6013.385908013654,4.024494419665878,10.567345021949679,43.732230569315746,28.88572405246549,15.07742917322392,11.830547764317316,67.72585767907424,61.6520265430058,33.04526938880508,59.53449117775356,82.68741259338643,453.63289046035203,13.681672687369632,8.280902896905252,5.4942254617322535,1.8799046339530592,29.30669998236715,255.77118862592707,157.05024709687729,High
12158.553622716592,-0.3698088618511379,64.42005506642992,55.914763955847356,45.80054844111111,28.359473157931482,14.245169806218998,51.77676069205941,48.5321360239985,58.566492658581865,65.83049776557995,75.79976082308599,46.18549514216383,23.365145797023814,93.52688410954316,8.8733232325938,1.2814327436041155,53.87317989863892,116.31491846264096,197.19763769219244,High
15756.65844991176,0.3381283309306413,76.0351916598903,16.732315575657893,40.81039130568928,36.64895170558939,22.669940237449698,75.61907097164872,33.72170393812455,57.08012529337481,69.81934721851889,92.60050794123173,238.91178044811994,3.1950899685843543,47.51623843778931,8.512573606975394,2.1488032318041284,58.27207276964657,178.667978747767,113.8118820475422,Critical
4012.414609106986,-1.7629224635548162,21.728664028800253,57.01267235192581,45.869998596365946,49.68189383168839,24.94701302920791,90.60078553640983,78.48669859847278,61.75439622430082,60.523211549653006,90.86594328372988,378.5112009160801,16.589159617655497,6.432528348244815,8.271173918410355,3.8215536588451924,24.71574267568966,75.57513280377054,134.61423868182962,High
8500.806392181183,6.3494720569440375,22.77330794937206,3.795760309240488,57.089952805030535,8.315394170188458,19.327926643156225,19.84341559452966,57.832074636167164,96.22436684511526,87.10874987855168,83.06619164969419,299.9819823728065,24.469015130160084,32.15299025140412,2.1125264940839825,2.4420373785158613,190.07794129765773,22.002037727385854,151.75758794539098,Moderate
21339.65999816712,7.746905960485515,73.20665999771502,36.18083180187529,37.09913562798038,4.366015953142613,24.32819278308768,38.44652584868631,16.090764690304,68.31162401158178,64.87316489363896,58.0151328033715,104.0797587923776,24.240615449998757,35.14126411299669,6.770657382950248,4.331474623372495,245.5238386138842,60.37307714396158,52.60922946179318,Low
26012.545884132454,-0.645404632053092,59.30325986833157,3.4279631605997984,27.591538099950974,35.32908267177301,20.103326048325098,37.16167034466456,43.14848550635129,68.46174692978991,91.69839921164254,44.6501126083082,183.43620153369645,10.951949754367268,80.95598234767573,12.236457909162239,5.9244733841901285,197.92348027674535,23.397691906552936,73.8402370503525,High
34943.815387360286,0.31475213765298093,13.588844610217361,53.62645126571669,21.634037576612183,41.946837608187465,24.15366074234258,22.85054814366661,89.64221114907942,30.241981028886144,62.4098460010608,60.56214299557119,172.5317000128118,35.400136745907304,73.5476892170923,4.932609384506146,2.387186261010013,217.24851109876295,145.89513088783357,88.3410301516046,Critical
32725.853265680962,6.68409523946934,59.803759236982536,31.788543424203247,34.46318836728379,42.62474143358831,18.267226696722467,78.87576667334501,77.97128780799568,99.71910929414564,25.401017978250994,60.16572858558589,145.4465183284813,14.851072816645669,68.9387049562569,6.824323127793358,2.8833074417197784,16.41180017949513,180.12484336623433,122.97177930763971,Critical
22847.216784196513,7.264637979561849,34.71341782750129,40.160901045767766,61.92645326723204,34.566250355703716,3.8345587853746346,74.58968984329715,39.09221055496064,81.82759553877348,92.22063002553726,68.822043911147,184.7050656867037,26.957630996652824,2.186355259137873,7.55932437770794,1.1518389102989661,42.69944148702941,22.955810228781296,171.59358984826738,Moderate
15322.433811998448,2.1962738280681036,39.498012437667676,49.89443555462715,62.96934370780287,47.792758597720976,11.24416430083156,51.17616502092392,94.43648368400582,90.17626752752038,71.34647485237991,34.887805422632326,267.12957846133804,13.675455698132916,91.06957964263788,12.982150295098648,2.4748486575200332,146.36977973429265,36.23984424600052,58.298673472082164,High
22630.03040007991,-1.4937752773092587,71.57851346375041,9.018637349038126,56.68337706789472,26.52822865014017,16.87173752745682,55.71051611254181,16.894261752238915,53.14403294647953,72.93150949920005,72.4495904355991,430.33713189597245,20.282218538431117,21.555526691574155,9.937316607622478,4.41562821458594,244.79918792662934,150.80225777500178,99.46887213827989,Moderate
27712.155014727887,-1.606081663071806,74.87481541380885,2.3154937162880307,26.38197227148122,45.8631103201382,10.066525717447773,15.061251730212181,96.511123350297,60.17024766284999,98.69335755144415,56.52807393646526,376.17567794900305,10.9231288857599,62.90614046926778,1.7729772621085158,1.4609478385062844,170.26753879632784,241.7621803382831,152.79144312889522,High
5023.430491395169,3.7394986606901046,42.02853014718645,52.73286875477113,51.166037209828836,48.45498257559311,8.287830116616908,57.21812494779888,32.113458323620804,61.76670473298212,16.767689878862125,69.61638655526873,420.9198579277922,29.21933507887765,6.181904301141916,13.018013491333813,1.2559134822003295,102.92212302844825,192.12266188555859,26.603149905878617,Low
14936.7662496738,1.9289510889317905,85.77223488050838,18.89599364753595,49.948276310379356,42.663557936149175,15.280183144061093,77.26402954166909,10.818476227217733,35.527563143168415,48.57333463856542,39.168385833563654,444.12979739028145,20.30012748607808,8.152609187205451,12.531369839586722,2.3829742671653125,49.345086788142915,40.36596383012214,107.44975708197391,Critical
29553.277711610986,-1.7134757242234548,42.51701743616578,7.738734475629916,43.898633867680786,16.86841103641379,23.470543164156002,58.77534375462786,49.04272328664941,75.15913250615657,31.518585368795367,54.7515915101884,219.75221892685147,2.6930440929738637,0.9577296130122148,11.378595914807878,4.9481670171628425,50.91638817992293,267.38725941403345,37.432143639487755,Moderate
14050.320365723497,3.8325239231255672,71.74688281840879,28.107674225225193,48.498529046870495,11.418351256174173,2.8045830908715317,32.55104146023561,42.30733867183078,92.23813788939653,66.73838182422915,36.81609715620162,186.09261633283865,3.2110947427209418,56.59276445453306,7.151052869286913,3.817211700326604,100.24700254444419,276.06056808902656,112.43829037819637,Moderate
20443.65722172434,-1.8869746341097753,48.710181165140725,35.898364541761126,44.42534428365676,28.309763119127282,19.692317681453066,66.74160314841866,58.51801046861144,33.09646545107352,82.61305153732647,90.02441254054413,47.65922320839767,22.258775694271154,62.93796696169047,11.43591713724136,5.753960390002317,182.74539637584172,104.23748007634366,155.886324649933,High
20984.15826931474,5.87371958149273,81.80258612176672,1.8582362053506074,49.58194562518757,23.744708018249046,18.622727395026423,40.726516547046046,81.70955745128609,26.90546187889316,96.96796380031714,59.036883603323005,466.63597850068845,9.878712276930237,5.046230323322876,7.3375083208485306,5.446334522580228,22.477533390854006,188.64515964559504,55.020008098538554,Critical
7272.192606543738,1.064328227033716,82.62089949201429,16.493739495425263,60.085416823479015,44.132400425251184,24.170928783930602,56.3142291642875,85.81877219354024,79.05751244322738,50.913649625924805,37.998513245904974,51.59504861030909,27.15680807022392,29.04848847640389,11.128365954609295,1.0765957415748055,215.26173399348505,152.77487355356644,171.40090464209393,Low
13316.005016177805,-1.597419969907679,16.99334462968671,1.9679924566137608,17.673973608240782,6.801520211223378,23.4063581136485,51.443055878708606,46.11069996505226,41.85614653383857,80.75964075783438,23.296695659323703,375.7450473778258,19.552246616196918,85.14544141780166,13.237619425096282,0.44680609272184485,236.26458738710434,283.1868929026484,73.61278091553251,Critical
12373.383817225693,3.8835222098315327,84.91946650481806,25.22012335172994,62.47380265043166,14.371522942952893,19.531348927016435,42.39987508204031,48.68611693357152,69.90900332938635,92.53464328363415,74.05909317228335,201.49198614348185,30.14005292820808,10.130836682291411,13.390961301419773,2.5147494583295744,223.87186822474533,157.5370745551334,46.249124075976326,Moderate
1890.6880900902029,1.976844144330547,76.04278732163326,53.70600174397466,19.512030508931595,38.08634933689801,13.96940158769977,71.10462833350148,23.33599572965263,75.66066703937446,71.49928892822962,37.171577119180455,475.41477175960944,42.95299248474992,21.654716455333123,6.982305040555582,3.2280609771481097,229.56132370826987,288.39008597649865,98.4114450634619,Moderate
1822.5199723060782,7.738004133571495,73.30485714501336,58.95914468961415,14.663959888726229,6.559358958910982,6.698153724370957,85.12946951879995,14.279284799304715,45.75286108654574,31.845929720479408,99.16657538550227,221.40897004838192,24.735653796195905,42.439120847242705,12.93233738647483,3.1903095682685443,18.604730663291978,67.80933965375976,176.454265599989,High
29277.699484976296,3.441986625037022,26.072907174841795,38.22285321021765,78.32557803550273,17.39669187304161,14.540421521488211,10.44306407053862,67.70934912115223,85.21156779406274,64.70687359970123,62.69602987321373,411.9720086502639,35.857279954374285,84.2274102633116,1.791423493463383,0.9778221530721207,244.78119424822552,110.20565973174718,23.097281623079553,Moderate
10284.407539075622,0.7523918103700828,74.4095367003732,9.698261627075508,76.98942382093091,20.58345891459119,19.603095860152038,89.35740413458122,15.799386299742306,63.99911856913735,97.29568430354679,43.118159699842565,155.67431943856477,34.380762841585295,25.484905447520422,1.796745437055681,0.9239411064967402,101.09392199923198,236.59011962787983,72.23857858116261,Moderate
18614.678052119725,5.094388646339747,78.01061877480295,54.350963399958346,14.230558145839485,31.88450223500912,22.600391890671542,53.478786567074124,76.04471074793103,89.51995263614423,98.87984459754088,72.61419470341042,163.5625842770464,41.63701748592621,99.71370153633421,8.359524118951956,0.47179238351938135,219.28106281581606,237.24711332207667,134.1010021041315,High
11156.669502018283,0.7149200254271131,33.132026756332074,30.974869392003626,41.02774090324735,9.5903669945295,20.16337621184263,69.56220983087755,58.51811305200228,81.06348420471579,67.81238413451004,42.01759387504684,305.8493167416484,11.202768291234266,35.52618131385283,9.882115891307153,5.134987571121322,58.90008461440933,222.3331494474445,77.94036505216124,Low
32983.094333921574,7.0424329140756505,86.1808062689859,9.224958726175085,23.03714568098423,43.309015536786056,6.491139509394242,82.72808812494955,27.872468040347506,89.4860505629963,89.82889820847903,85.62194351277972,499.0316641795874,37.575059743752455,38.64486584836231,2.5490085068825192,5.696916000795437,119.93354952562566,259.28732475293816,23.45655899919696,High
9816.089801436307,1.7472197050737641,13.98881171193314,55.30360016709968,43.974142799409265,23.482027302381162,15.792785227245366,49.70381384671295,58.557064916138465,21.612910569431527,28.031442746374253,44.65888407439535,268.43476063001424,40.93737627570153,12.210620423079433,7.241046658648096,0.8709731172642357,25.378631326634512,213.73839015370552,73.07980406829,Moderate
15608.331633123793,3.498685627762052,21.992740259771175,45.44814304338618,68.11240700997112,46.01704217026671,9.63998956922121,80.97279623601567,26.469794494188896,39.48050085908758,32.14707444569951,99.05981859167274,469.42814546877946,18.88880818074584,68.01979008565307,1.687131216894069,1.4361097375848473,24.417859258064404,194.4646918969478,165.98228336594076,Critical
30672.828516476464,-1.4942689617577114,53.00649104412115,43.90231636338909,76.54282423200232,24.45775585442872,2.211730349984789,25.09768465369219,49.48634867593708,27.20063523567509,95.75988515963738,68.41158283562349,397.39991755938934,15.494096367755631,24.34651827844816,9.150862437633663,0.7212047314624799,236.66988368086498,143.0882537924785,193.92712927595494,High
29625.741270921495,2.2612123795223074,56.06339768978478,42.55084222766428,54.39768574160762,15.201932429155201,6.60508152313932,23.529240430784228,81.9604284618006,55.366641375147935,22.171183794532713,87.55289191541307,402.01487080507275,42.93754411616637,62.88675952950463,12.869882340266864,5.289512592616843,205.4925539443242,145.4554455655048,17.558047505566496,Critical
7327.448206773429,6.32363539660995,61.61200666407227,12.02038926578654,34.77339670482719,8.807783777008394,4.604074948469333,65.88506635277305,51.57273640695737,91.19680972922546,27.199579428413106,25.825237566273778,229.26079478180677,28.988211351971323,22.31577284029266,11.143292947487,5.760510654510198,139.50912043724145,127.78683302923008,118.16392535066316,Moderate
28289.872533054153,6.056488053633419,11.357530345237317,12.660401502451563,52.232789595121886,2.179764546141671,21.382539841407777,83.96215547189766,23.38293864677934,57.403220981349534,47.84937392080465,47.863953390895055,205.54028008294432,18.36908886538314,38.78722672264679,5.860885820710287,1.7184201449811622,138.4826707876664,189.8614219141079,30.007652275101137,Critical
16578.35414908835,0.24318558853526273,86.82934196977043,41.2975799056353,31.840091427591524,27.54355927927211,7.945643799399676,85.85622509056334,75.14458136406506,87.97704356643153,63.06258589780153,78.99896689329196,112.12246788359138,36.0485920000601,85.66720919544176,14.908768810565688,1.9607862136251744,190.95733534190379,127.93253947756813,139.27534053964112,High
17420.941650902078,0.2607907101056268,13.56704741873152,13.183365006623813,73.68765485824423,7.143521452492324,8.548053284413776,64.71793896206596,26.809157464300796,46.17425904154543,64.34354970714445,72.40472138724661,482.6918081521537,15.092377769475748,73.89059114740701,10.04514415405221,2.3034841695950496,95.29216366906516,52.77335108511312,11.49952294152968,Critical
5538.319062142089,6.173053122132368,21.44495621787219,26.320301808182933,70.92803241740859,20.802932654296555,24.07854115137434,54.666584567791986,76.46948869330986,47.1656058244202,36.2778407799008,35.53944971470062,480.5089339730336,9.585526201004068,15.459089994372343,12.284151986304442,3.1142898044082417,194.03927982755874,40.893588700507564,12.800908884400918,High
3740.451467742238,7.303984201693256,11.121161402084558,46.920109535636485,49.07622251957627,30.28504453938016,10.7189946301236,38.168412454203875,53.141706029424995,91.6449384261502,92.85525081553133,48.49623444077679,378.5925124688878,25.390694339301337,60.77081673741014,10.14455159318847,4.158273676140576,128.97696929841902,278.0969598206956,157.60716702180906,High
25749.936437108016,-1.0463907872699645,55.348674663527575,47.037151085870455,32.73592407662524,15.232923051329614,2.2204697233210746,93.30003532594317,50.83675831848714,54.06537172093613,92.35899168470765,41.07547259900328,162.20117592928136,26.347117931155946,62.864065167380936,14.844419478980761,3.12546538287682,164.91058968419426,17.1742831859861,24.142711312486583,Critical
17879.67918008019,2.5005863942622524,84.58135071367778,27.19570635155158,30.537277290808483,10.410766033573532,8.528461411961139,37.174133366631295,86.62915340717272,83.18123902357331,45.28612477471352,69.06961358094745,137.68617936429544,37.50709873749554,9.056847350186104,12.373988578101262,5.7158091737221985,241.73492077423973,40.58550592363922,67.9845181145422,Low
15852.923888916104,1.3745427896422897,63.275773286437136,47.53139629651471,12.339259629354162,39.1866378852484,4.743890353841686,73.25581911468542,73.77431719066018,38.93148383055211,49.08625924872674,47.565458356701996,494.5329163457422,21.65217626587849,46.58056543359358,7.935521303062975,0.7793820594246923,125.75915601726146,139.13841364722012,192.0276805797279,High
25803.27977418149,6.706884554574394,75.81259747843418,50.31730777188341,67.10745957177068,47.445976269517786,4.364596919924641,55.21845299192506,12.961971725944533,95.90406637421084,73.22474051415206,44.72433936002798,51.9405512519252,37.027221198729684,26.06683956676079,5.69312957371257,4.831911971195366,113.32509504041579,86.24861740227014,197.19695231501956,Low
27027.438565697732,-1.1647508531998123,11.062496276686407,39.286545077055614,41.52682491273056,6.821140057374368,3.7822076731222385,61.72354911465447,36.655688314144214,65.96625972244568,69.66963067590106,36.590238434907334,424.9108602278283,15.386875211978554,46.7130142763483,10.327675988487984,2.1400019267181323,227.85105587621925,127.69618111662233,40.66654375835269,Low
6402.877700758021,0.11125942558037405,53.361223878378084,13.70555113850521,32.75930498801851,9.468335570480377,15.644967814033677,43.44584680003322,88.38285947649088,80.74588548627216,44.40673134648661,52.72216967317186,190.61984023158783,26.740832693645054,77.70709913228751,8.976260589463031,2.389776590901976,227.10641630534084,44.05974066222617,116.57136507281153,High
21747.655082239802,5.524683375864943,46.76503820044175,16.44070682313285,42.97772484984277,48.080607548130494,6.354997643486748,92.00996566514107,11.649355169067878,27.16125598359084,47.281982636890305,35.64020721572429,221.05746546906585,10.96432949273078,15.825955981031969,9.551453688104916,4.311210773519307,248.21839494254633,47.96301168573845,116.23827741315698,Critical
5602.038797441308,-1.4870615101878442,49.917435537663444,18.890469324524123,67.31165933182564,3.8136426469878213,10.30858426294324,58.59299771843804,59.07281016357733,59.4131380664423,41.323504907938506,97.00556699021058,419.3492713994418,18.574175889413645,12.330420558804377,5.342272964371227,5.590387237271398,144.45280483745265,242.19079353028346,95.95233120119653,High
26546.75292498755,2.9253538071428924,15.777054826815036,7.00824646403712,18.722994539526482,48.926352154422666,21.826407470990386,89.71194858899715,75.50431022565495,92.08307981872186,31.18465062579771,32.360144919624275,63.48944768257185,38.8742070068126,26.931649510577294,6.60230778238715,4.353964515610746,95.90146214125166,230.1415357890881,185.69303007015918,Moderate
23336.475313082745,2.4210703467972,64.7548288855446,16.389577222196706,70.0359191769279,2.222935188079461,11.75977721531434,10.6452703747827,65.96704769361182,90.16309032346436,51.23245266317257,93.06437719670211,190.00144568972343,11.287492317737467,95.22754503465832,8.504019650892552,4.699991337200501,71.49166484676036,40.233331060138156,153.26644273359048,High
33524.89711683757,1.3440117898874866,50.257633188690754,12.571153458751926,72.82561845758478,43.936095471263904,23.060901051187663,58.67699957124528,78.44789818939928,23.745116578738205,71.77907187122864,54.277847852526556,476.9716530413951,36.84029690466851,74.78242111849663,12.637466008251092,4.554519604521033,23.01264388364052,203.6592203207158,155.26011777956933,Critical
3344.5725561183203,1.9457231531892378,71.21190798890112,27.31972498851613,76.26955405237217,16.751608687411977,13.452575228098944,70.96088562664806,75.31226640232713,44.295877530315735,76.77700347828637,50.229279324937764,355.55163813020306,14.163481287438467,1.9455862814546587,11.514761091114677,2.0616759147056043,185.78122668955808,186.70028377309018,61.21819203617519,High
2939.860519142647,3.29940586930233,48.823250724937225,54.5062528723359,37.82415946958395,47.052265192510234,11.173242141314383,73.33181454878854,72.28276256378021,55.46560051832641,80.09862834303664,38.505584072387904,382.3707991068274,3.4830579462165088,40.100484248337665,2.0442412963910184,4.590196512457037,69.86690082782998,216.8751895772666,92.52075671831136,High
10594.360539568805,-0.3863264161161688,21.950530898114565,6.268819005237485,25.199828282637032,17.213373854508102,19.258945323086138,86.92303495144292,83.9385874833087,33.78118514846306,43.72588121078093,70.86050674940154,383.6025444586287,6.727186512444389,25.73979790803852,3.909647475285059,4.750220409274849,157.56060802802946,147.5901823231175,102.61050271033609,Critical
